ISO-10303-21;
HEADER;
FILE_DESCRIPTION (( 'STEP AP214' ),
    '1' );
FILE_NAME ('AD8232.STEP',
    '2023-01-18T08:44:09',
    ( '' ),
    ( '' ),
    'SwSTEP 2.0',
    'SolidWorks 2017',
    '' );
FILE_SCHEMA (( 'AUTOMOTIVE_DESIGN' ));
ENDSEC;

DATA;
#1 = ADVANCED_FACE ( 'NONE', ( #5661 ), #7321, .F. ) ;
#2 = CARTESIAN_POINT ( 'NONE',  ( 0.6250000000000001100, 0.2000000000000000100, -1.725000000000001200 ) ) ;
#3 = ORIENTED_EDGE ( 'NONE', *, *, #3562, .T. ) ;
#4 = CARTESIAN_POINT ( 'NONE',  ( 1.125000000000000700, 0.0000000000000000000, -2.000000000000000000 ) ) ;
#5 = ORIENTED_EDGE ( 'NONE', *, *, #4695, .T. ) ;
#6 = ORIENTED_EDGE ( 'NONE', *, *, #1131, .T. ) ;
#7 = CARTESIAN_POINT ( 'NONE',  ( -1.611480854806852200, 0.6999999999999999600, -1.779173740621465400 ) ) ;
#8 = CARTESIAN_POINT ( 'NONE',  ( 0.6250000000000005600, 0.2000000000000000100, 1.725000000000001200 ) ) ;
#9 = DIRECTION ( 'NONE',  ( 0.0000000000000000000, -1.000000000000000000, 0.0000000000000000000 ) ) ;
#10 = CARTESIAN_POINT ( 'NONE',  ( 1.000000000000000000, 0.04999999999999999600, 1.600000000000000800 ) ) ;
#11 = PLANE ( 'NONE',  #5079 ) ;
#12 = DIRECTION ( 'NONE',  ( 0.0000000000000000000, -1.000000000000000000, 0.0000000000000000000 ) ) ;
#13 = ORIENTED_EDGE ( 'NONE', *, *, #2387, .F. ) ;
#14 = DIRECTION ( 'NONE',  ( 7.885106708985459500E-016, -0.0000000000000000000, 1.000000000000000000 ) ) ;
#15 = LINE ( 'NONE', #2553, #1816 ) ;
#16 = EDGE_CURVE ( 'NONE', #5577, #3516, #4851, .T. ) ;
#17 = VERTEX_POINT ( 'NONE', #2154 ) ;
#18 = EDGE_CURVE ( 'NONE', #5835, #2584, #5032, .T. ) ;
#19 = DIRECTION ( 'NONE',  ( 0.0000000000000000000, 0.0000000000000000000, -1.000000000000000000 ) ) ;
#20 = EDGE_CURVE ( 'NONE', #6435, #3180, #226, .T. ) ;
#21 = CARTESIAN_POINT ( 'NONE',  ( -0.6250000000000003300, 0.2000000000000000100, -1.725000000000000800 ) ) ;
#22 = CARTESIAN_POINT ( 'NONE',  ( 2.000000000000001800, 0.04999999999999969700, -0.1250000000000003300 ) ) ;
#23 = LINE ( 'NONE', #6427, #5979 ) ;
#24 = EDGE_CURVE ( 'NONE', #6217, #6095, #6702, .T. ) ;
#25 = ORIENTED_EDGE ( 'NONE', *, *, #4104, .T. ) ;
#26 = CIRCLE ( 'NONE', #4086, 0.1250000000000003300 ) ;
#27 = DIRECTION ( 'NONE',  ( -1.000000000000000000, 0.0000000000000000000, -3.469446951953614200E-015 ) ) ;
#28 = EDGE_CURVE ( 'NONE', #5731, #6758, #2576, .T. ) ;
#29 = CARTESIAN_POINT ( 'NONE',  ( 2.000000000000000900, 0.04999999999999969700, -0.8750000000000003300 ) ) ;
#30 = CARTESIAN_POINT ( 'NONE',  ( -1.725000000000000300, 0.1999999999999999800, 0.9999999999999995600 ) ) ;
#31 = CARTESIAN_POINT ( 'NONE',  ( -1.611480854806852200, 1.274307106865022700, -1.611480854806850400 ) ) ;
#32 = ADVANCED_FACE ( 'NONE', ( #5999 ), #564, .T. ) ;
#33 = CYLINDRICAL_SURFACE ( 'NONE', #6073, 0.1250000000000001100 ) ;
#34 = ORIENTED_EDGE ( 'NONE', *, *, #3086, .T. ) ;
#35 = ORIENTED_EDGE ( 'NONE', *, *, #6188, .F. ) ;
#36 = AXIS2_PLACEMENT_3D ( 'NONE', #4758, #6476, #1278 ) ;
#37 = VECTOR ( 'NONE', #3344, 1000.000000000000000 ) ;
#38 = FACE_OUTER_BOUND ( 'NONE', #5049, .T. ) ;
#39 = VECTOR ( 'NONE', #2935, 1000.000000000000000 ) ;
#40 = ORIENTED_EDGE ( 'NONE', *, *, #4017, .F. ) ;
#41 = VECTOR ( 'NONE', #640, 1000.000000000000000 ) ;
#42 = DIRECTION ( 'NONE',  ( 1.084202172485504700E-016, -0.0000000000000000000, 1.000000000000000000 ) ) ;
#43 = AXIS2_PLACEMENT_3D ( 'NONE', #3633, #5382, #2030 ) ;
#44 = VECTOR ( 'NONE', #4016, 1000.000000000000000 ) ;
#45 = CARTESIAN_POINT ( 'NONE',  ( -0.3749999999999996700, 0.2000000000000000100, 1.725000000000001200 ) ) ;
#46 = CARTESIAN_POINT ( 'NONE',  ( -0.6249999999999996700, 0.1999999999999999800, 1.999999999999999600 ) ) ;
#47 = DIRECTION ( 'NONE',  ( 0.0000000000000000000, 0.0000000000000000000, 1.000000000000000000 ) ) ;
#48 = PLANE ( 'NONE',  #7451 ) ;
#49 = ORIENTED_EDGE ( 'NONE', *, *, #2380, .F. ) ;
#50 = VECTOR ( 'NONE', #6988, 1000.000000000000000 ) ;
#51 = CARTESIAN_POINT ( 'NONE',  ( -0.6250000000000003300, 0.6716990566028308000, -1.725000000000000800 ) ) ;
#52 = CARTESIAN_POINT ( 'NONE',  ( 0.8749999999999998900, 0.1999999999999999800, 1.725000000000001200 ) ) ;
#53 = EDGE_LOOP ( 'NONE', ( #6960, #735, #1172, #4697 ) ) ;
#54 = FACE_OUTER_BOUND ( 'NONE', #3528, .T. ) ;
#55 = ORIENTED_EDGE ( 'NONE', *, *, #7404, .F. ) ;
#56 = CARTESIAN_POINT ( 'NONE',  ( 1.300000000000000000, 0.05000000000000012800, 1.174999999999999800 ) ) ;
#57 = LINE ( 'NONE', #4723, #4765 ) ;
#58 = EDGE_CURVE ( 'NONE', #2469, #1215, #3846, .T. ) ;
#59 = ORIENTED_EDGE ( 'NONE', *, *, #4653, .F. ) ;
#60 = LINE ( 'NONE', #4649, #235 ) ;
#61 = VERTEX_POINT ( 'NONE', #5722 ) ;
#62 = CIRCLE ( 'NONE', #3091, 0.1250000000000003300 ) ;
#63 = ORIENTED_EDGE ( 'NONE', *, *, #901, .F. ) ;
#64 = VECTOR ( 'NONE', #6200, 1000.000000000000000 ) ;
#65 = ORIENTED_EDGE ( 'NONE', *, *, #301, .T. ) ;
#66 = ADVANCED_FACE ( 'NONE', ( #3495 ), #3993, .F. ) ;
#67 = DIRECTION ( 'NONE',  ( -1.000000000000000000, 0.0000000000000000000, 0.0000000000000000000 ) ) ;
#68 = EDGE_CURVE ( 'NONE', #5797, #1570, #5220, .T. ) ;
#69 = MANIFOLD_SOLID_BREP ( 'Boss-Extrude2[1]', #533 ) ;
#70 = LINE ( 'NONE', #3708, #2689 ) ;
#71 = EDGE_CURVE ( 'NONE', #1015, #1882, #1935, .T. ) ;
#72 = ORIENTED_EDGE ( 'NONE', *, *, #5730, .F. ) ;
#73 = ORIENTED_EDGE ( 'NONE', *, *, #5022, .T. ) ;
#74 = CIRCLE ( 'NONE', #1146, 0.1250000000000003300 ) ;
#75 = VERTEX_POINT ( 'NONE', #1115 ) ;
#76 = ORIENTED_EDGE ( 'NONE', *, *, #2057, .T. ) ;
#77 = CARTESIAN_POINT ( 'NONE',  ( 1.999999999999999100, 0.8000000000000020400, 2.000000000000000900 ) ) ;
#78 = CARTESIAN_POINT ( 'NONE',  ( -0.1250000000000028300, 0.05000000000000000300, 1.971276677246428500E-016 ) ) ;
#79 = CARTESIAN_POINT ( 'NONE',  ( -9.856383386231973500E-017, 0.05000000000000000300, -0.1250000000000018900 ) ) ;
#80 = DIRECTION ( 'NONE',  ( 0.0000000000000000000, 0.0000000000000000000, -1.000000000000000000 ) ) ;
#81 = PRESENTATION_LAYER_ASSIGNMENT (  '', '', ( #3480 ) ) ;
#82 = VECTOR ( 'NONE', #7036, 1000.000000000000000 ) ;
#83 = VERTEX_POINT ( 'NONE', #7462 ) ;
#84 = EDGE_LOOP ( 'NONE', ( #643, #3256, #4417, #6818 ) ) ;
#85 = EDGE_LOOP ( 'NONE', ( #3, #2335, #6554, #5917 ) ) ;
#86 = EDGE_LOOP ( 'NONE', ( #627, #4887, #393, #4505 ) ) ;
#87 = STYLED_ITEM ( 'NONE', ( #5580 ), #6990 ) ;
#88 = CARTESIAN_POINT ( 'NONE',  ( -2.000000000000000900, 0.1999999999999999800, -0.3750000000000003300 ) ) ;
#89 = ORIENTED_EDGE ( 'NONE', *, *, #4300, .F. ) ;
#90 = ORIENTED_EDGE ( 'NONE', *, *, #24, .T. ) ;
#91 = AXIS2_PLACEMENT_3D ( 'NONE', #5780, #42, #2995 ) ;
#92 = DIRECTION ( 'NONE',  ( 0.0000000000000000000, 1.000000000000000000, 0.0000000000000000000 ) ) ;
#93 = PLANE ( 'NONE',  #7458 ) ;
#94 = ORIENTED_EDGE ( 'NONE', *, *, #739, .T. ) ;
#95 = DIRECTION ( 'NONE',  ( 0.0000000000000000000, -1.000000000000000000, 0.0000000000000000000 ) ) ;
#96 = LINE ( 'NONE', #5301, #4903 ) ;
#97 = CARTESIAN_POINT ( 'NONE',  ( 1.000000000000000000, 0.6716990566028308000, 1.725000000000001000 ) ) ;
#98 = VERTEX_POINT ( 'NONE', #2221 ) ;
#99 = CARTESIAN_POINT ( 'NONE',  ( -1.725000000000000800, 0.1999999999999999800, 0.8749999999999994400 ) ) ;
#100 = CARTESIAN_POINT ( 'NONE',  ( 1.174999999999999800, 0.0000000000000000000, 1.174999999999999800 ) ) ;
#101 = CARTESIAN_POINT ( 'NONE',  ( 0.6250000000000010000, 0.2000000000000000100, 2.000000000000000000 ) ) ;
#102 = VECTOR ( 'NONE', #6796, 1000.000000000000000 ) ;
#103 = DIRECTION ( 'NONE',  ( 0.0000000000000000000, 1.000000000000000000, -0.0000000000000000000 ) ) ;
#104 = ADVANCED_FACE ( 'NONE', ( #2388 ), #4039, .F. ) ;
#105 = ORIENTED_EDGE ( 'NONE', *, *, #2718, .T. ) ;
#106 = DIRECTION ( 'NONE',  ( 0.0000000000000000000, -1.000000000000000000, 0.0000000000000000000 ) ) ;
#107 = VECTOR ( 'NONE', #3208, 1000.000000000000000 ) ;
#108 = VECTOR ( 'NONE', #679, 1000.000000000000000 ) ;
#109 = UNCERTAINTY_MEASURE_WITH_UNIT (LENGTH_MEASURE( 1.000000000000000100E-005 ), #2670, 'distance_accuracy_value', 'NONE');
#110 = EDGE_CURVE ( 'NONE', #535, #5328, #7432, .T. ) ;
#111 = ADVANCED_FACE ( 'NONE', ( #2303 ), #5155, .F. ) ;
#112 = EDGE_CURVE ( 'NONE', #1867, #708, #7325, .T. ) ;
#113 = DIRECTION ( 'NONE',  ( 0.0000000000000000000, 1.000000000000000000, -0.0000000000000000000 ) ) ;
#114 = CARTESIAN_POINT ( 'NONE',  ( 2.000000000000001800, 0.1999999999999999800, 0.8749999999999996700 ) ) ;
#115 = AXIS2_PLACEMENT_3D ( 'NONE', #2854, #2821, #1107 ) ;
#116 = DIRECTION ( 'NONE',  ( -1.000000000000000000, 0.0000000000000000000, 1.084202172485504400E-016 ) ) ;
#117 = VERTEX_POINT ( 'NONE', #2329 ) ;
#118 = FACE_OUTER_BOUND ( 'NONE', #3741, .T. ) ;
#119 = DIRECTION ( 'NONE',  ( -0.0000000000000000000, -1.000000000000000000, -0.0000000000000000000 ) ) ;
#120 = VECTOR ( 'NONE', #2170, 1000.000000000000000 ) ;
#121 = LINE ( 'NONE', #2629, #6516 ) ;
#122 = DIRECTION ( 'NONE',  ( 0.0000000000000000000, -0.0000000000000000000, 1.000000000000000000 ) ) ;
#123 = ORIENTED_EDGE ( 'NONE', *, *, #4926, .F. ) ;
#124 = CARTESIAN_POINT ( 'NONE',  ( -0.6250000000000001100, 0.04999999999999969700, -1.999999999999999600 ) ) ;
#125 = CARTESIAN_POINT ( 'NONE',  ( -1.000000000000000000, 0.2000000000000000100, 1.600000000000000800 ) ) ;
#126 = EDGE_CURVE ( 'NONE', #3215, #1626, #5390, .T. ) ;
#127 = DIRECTION ( 'NONE',  ( 0.0000000000000000000, 0.0000000000000000000, -1.000000000000000000 ) ) ;
#128 = AXIS2_PLACEMENT_3D ( 'NONE', #3451, #95, #7039 ) ;
#129 = LINE ( 'NONE', #7047, #3837 ) ;
#130 = VECTOR ( 'NONE', #7120, 1000.000000000000000 ) ;
#131 = AXIS2_PLACEMENT_3D ( 'NONE', #7379, #5071, #1062 ) ;
#132 = LINE ( 'NONE', #2394, #4390 ) ;
#133 = AXIS2_PLACEMENT_3D ( 'NONE', #4338, #5960, #6580 ) ;
#134 = ORIENTED_EDGE ( 'NONE', *, *, #4188, .T. ) ;
#135 = CYLINDRICAL_SURFACE ( 'NONE', #1372, 0.1250000000000001100 ) ;
#136 = EDGE_LOOP ( 'NONE', ( #1143, #3464, #2983, #1859 ) ) ;
#137 = ORIENTED_EDGE ( 'NONE', *, *, #2238, .F. ) ;
#138 = DIRECTION ( 'NONE',  ( 0.0000000000000000000, 0.0000000000000000000, 1.000000000000000000 ) ) ;
#139 = CARTESIAN_POINT ( 'NONE',  ( 1.175000000000000000, 0.2000000000000000900, -1.299999999999999800 ) ) ;
#140 = CARTESIAN_POINT ( 'NONE',  ( -0.8749999999999994400, 0.05000000000000000300, -1.999999999999998700 ) ) ;
#141 = FACE_OUTER_BOUND ( 'NONE', #4213, .T. ) ;
#142 = CARTESIAN_POINT ( 'NONE',  ( 2.000000000000000900, 0.0000000000000000000, 0.6249999999999996700 ) ) ;
#143 = EDGE_LOOP ( 'NONE', ( #2606, #3295, #3321, #3966 ) ) ;
#144 = LINE ( 'NONE', #5392, #4046 ) ;
#145 = VERTEX_POINT ( 'NONE', #4095 ) ;
#146 = CARTESIAN_POINT ( 'NONE',  ( -1.725000000000000800, 0.1999999999999999800, -0.3750000000000003300 ) ) ;
#147 = ADVANCED_FACE ( 'NONE', ( #1301 ), #6171, .T. ) ;
#148 = DIRECTION ( 'NONE',  ( -1.577021341797104500E-015, 0.0000000000000000000, 1.000000000000000000 ) ) ;
#149 = DIRECTION ( 'NONE',  ( -0.0000000000000000000, -1.000000000000000000, -0.0000000000000000000 ) ) ;
#150 = ORIENTED_EDGE ( 'NONE', *, *, #559, .F. ) ;
#151 = EDGE_LOOP ( 'NONE', ( #2618, #7340, #2231, #25 ) ) ;
#152 = DIRECTION ( 'NONE',  ( -1.000000000000000000, 0.0000000000000000000, -1.734723475976802600E-015 ) ) ;
#153 = EDGE_CURVE ( 'NONE', #7184, #5895, #1394, .T. ) ;
#154 = CIRCLE ( 'NONE', #1786, 0.1250000000000003300 ) ;
#155 = ORIENTED_EDGE ( 'NONE', *, *, #5013, .T. ) ;
#156 = CARTESIAN_POINT ( 'NONE',  ( 1.300000000000000000, 3.876955262170047600, -1.174999999999999800 ) ) ;
#157 = CARTESIAN_POINT ( 'NONE',  ( -0.5000000000000000000, 0.0000000000000000000, 1.600000000000000800 ) ) ;
#158 = EDGE_LOOP ( 'NONE', ( #810, #6292, #2350, #4756 ) ) ;
#159 = ORIENTED_EDGE ( 'NONE', *, *, #313, .T. ) ;
#160 = CARTESIAN_POINT ( 'NONE',  ( 0.0000000000000000000, 0.05000000000000000300, -0.8750000000000003300 ) ) ;
#161 = EDGE_CURVE ( 'NONE', #1873, #4447, #1766, .T. ) ;
#162 = FILL_AREA_STYLE ('',( #6529 ) ) ;
#163 =( LENGTH_UNIT ( ) NAMED_UNIT ( * ) SI_UNIT ( .MILLI., .METRE. ) );
#164 = ORIENTED_EDGE ( 'NONE', *, *, #802, .T. ) ;
#165 = CYLINDRICAL_SURFACE ( 'NONE', #6210, 0.1250000000000003300 ) ;
#166 = ORIENTED_EDGE ( 'NONE', *, *, #685, .F. ) ;
#167 = ORIENTED_EDGE ( 'NONE', *, *, #3653, .F. ) ;
#168 = EDGE_CURVE ( 'NONE', #3932, #7265, #405, .T. ) ;
#169 = DIRECTION ( 'NONE',  ( 0.0000000000000000000, 0.0000000000000000000, 1.000000000000000000 ) ) ;
#170 = EDGE_CURVE ( 'NONE', #7179, #7097, #6981, .T. ) ;
#171 = VECTOR ( 'NONE', #1623, 1000.000000000000000 ) ;
#172 = AXIS2_PLACEMENT_3D ( 'NONE', #2240, #2286, #5251 ) ;
#173 = ORIENTED_EDGE ( 'NONE', *, *, #1895, .F. ) ;
#174 = EDGE_LOOP ( 'NONE', ( #173, #6877, #3697, #3134 ) ) ;
#175 = ORIENTED_EDGE ( 'NONE', *, *, #3603, .F. ) ;
#176 = PLANE ( 'NONE',  #6417 ) ;
#177 = DIRECTION ( 'NONE',  ( 0.0000000000000000000, 0.0000000000000000000, -1.000000000000000000 ) ) ;
#178 = STYLED_ITEM ( 'NONE', ( #7143 ), #3876 ) ;
#179 = VERTEX_POINT ( 'NONE', #4162 ) ;
#180 = PRESENTATION_LAYER_ASSIGNMENT (  '', '', ( #87 ) ) ;
#181 = CARTESIAN_POINT ( 'NONE',  ( -1.000000000000000000, 0.2000000000000000100, -1.725000000000000100 ) ) ;
#182 = DIRECTION ( 'NONE',  ( 0.0000000000000000000, 0.0000000000000000000, 1.000000000000000000 ) ) ;
#183 = ADVANCED_FACE ( 'NONE', ( #764 ), #5287, .F. ) ;
#184 = ORIENTED_EDGE ( 'NONE', *, *, #5628, .F. ) ;
#185 = DIRECTION ( 'NONE',  ( 0.0000000000000000000, -1.000000000000000000, 0.0000000000000000000 ) ) ;
#186 = DIRECTION ( 'NONE',  ( 0.0000000000000000000, -1.000000000000000000, 0.0000000000000000000 ) ) ;
#187 = FACE_OUTER_BOUND ( 'NONE', #7224, .T. ) ;
#188 = DIRECTION ( 'NONE',  ( 1.577021341797106900E-015, -0.0000000000000000000, 1.000000000000000000 ) ) ;
#189 = DIRECTION ( 'NONE',  ( 0.0000000000000000000, 0.0000000000000000000, -1.000000000000000000 ) ) ;
#190 = VERTEX_POINT ( 'NONE', #6904 ) ;
#191 = LINE ( 'NONE', #6596, #2816 ) ;
#192 = PLANE ( 'NONE',  #5186 ) ;
#193 = CARTESIAN_POINT ( 'NONE',  ( 1.174999999999999800, 3.876955262170047600, -1.174999999999999800 ) ) ;
#194 = EDGE_CURVE ( 'NONE', #3516, #5670, #7150, .T. ) ;
#195 = CARTESIAN_POINT ( 'NONE',  ( 1.125000000000000900, 0.6716990566028308000, 2.000000000000000000 ) ) ;
#196 = FACE_OUTER_BOUND ( 'NONE', #7410, .T. ) ;
#197 = ORIENTED_EDGE ( 'NONE', *, *, #1214, .T. ) ;
#198 = UNCERTAINTY_MEASURE_WITH_UNIT (LENGTH_MEASURE( 1.000000000000000100E-005 ), #3254, 'distance_accuracy_value', 'NONE');
#199 = CARTESIAN_POINT ( 'NONE',  ( -1.725000000000000800, 0.1999999999999999800, 1.124999999999999800 ) ) ;
#200 = CARTESIAN_POINT ( 'NONE',  ( 1.725000000000000800, 0.6716990566028315800, 0.1249999999999996800 ) ) ;
#201 = LINE ( 'NONE', #4544, #2377 ) ;
#202 = EDGE_CURVE ( 'NONE', #272, #2976, #219, .T. ) ;
#203 = ORIENTED_EDGE ( 'NONE', *, *, #6761, .T. ) ;
#204 = ORIENTED_EDGE ( 'NONE', *, *, #685, .T. ) ;
#205 = CARTESIAN_POINT ( 'NONE',  ( 1.725000000000000800, 0.1999999999999999800, 0.1249999999999996800 ) ) ;
#206 = EDGE_CURVE ( 'NONE', #4513, #3172, #1576, .T. ) ;
#207 = DIRECTION ( 'NONE',  ( 0.0000000000000000000, -1.000000000000000000, 0.0000000000000000000 ) ) ;
#208 = LINE ( 'NONE', #688, #4202 ) ;
#209 = CARTESIAN_POINT ( 'NONE',  ( -2.000000000000000900, 0.1999999999999999800, 0.6249999999999996700 ) ) ;
#210 = PRESENTATION_LAYER_ASSIGNMENT (  '', '', ( #4735 ) ) ;
#211 = DIRECTION ( 'NONE',  ( 1.000000000000000000, -0.0000000000000000000, -1.084202172485504400E-016 ) ) ;
#212 = FACE_OUTER_BOUND ( 'NONE', #4646, .T. ) ;
#213 = LINE ( 'NONE', #7, #1569 ) ;
#214 = CARTESIAN_POINT ( 'NONE',  ( 0.6250000000000005600, 0.04999999999999969700, -2.000000000000000000 ) ) ;
#215 = ORIENTED_EDGE ( 'NONE', *, *, #2201, .F. ) ;
#216 = AXIS2_PLACEMENT_3D ( 'NONE', #520, #4531, #5724 ) ;
#217 = FACE_OUTER_BOUND ( 'NONE', #1266, .T. ) ;
#218 = ADVANCED_FACE ( 'NONE', ( #6795 ), #7235, .T. ) ;
#219 = LINE ( 'NONE', #4652, #5656 ) ;
#220 = CARTESIAN_POINT ( 'NONE',  ( 0.1249999999999978400, 0.05000000000000000300, -1.971276677246346900E-016 ) ) ;
#221 = EDGE_CURVE ( 'NONE', #3263, #3694, #4395, .T. ) ;
#222 = AXIS2_PLACEMENT_3D ( 'NONE', #5916, #7062, #5829 ) ;
#223 = CARTESIAN_POINT ( 'NONE',  ( 0.1250000000000001100, 0.6716990566028308000, -1.725000000000001200 ) ) ;
#224 = PRESENTATION_STYLE_ASSIGNMENT (( #5608 ) ) ;
#225 = AXIS2_PLACEMENT_3D ( 'NONE', #1636, #2284, #2239 ) ;
#226 = LINE ( 'NONE', #6875, #6365 ) ;
#227 = VECTOR ( 'NONE', #6613, 1000.000000000000000 ) ;
#228 = ORIENTED_EDGE ( 'NONE', *, *, #1458, .T. ) ;
#229 = DIRECTION ( 'NONE',  ( -1.000000000000000000, 0.0000000000000000000, 0.0000000000000000000 ) ) ;
#230 = CARTESIAN_POINT ( 'NONE',  ( -1.174999999999999400, 0.2000000000000000900, 1.174999999999999600 ) ) ;
#231 = CARTESIAN_POINT ( 'NONE',  ( 2.000000000000001800, 0.04999999999999969700, 0.8749999999999996700 ) ) ;
#232 = CARTESIAN_POINT ( 'NONE',  ( 1.725000000000000300, 0.05000000000000002400, 0.4999999999999997800 ) ) ;
#233 = LINE ( 'NONE', #5092, #1036 ) ;
#234 = ORIENTED_EDGE ( 'NONE', *, *, #4120, .F. ) ;
#235 = VECTOR ( 'NONE', #6955, 1000.000000000000000 ) ;
#236 = ORIENTED_EDGE ( 'NONE', *, *, #2987, .F. ) ;
#237 = DIRECTION ( 'NONE',  ( 0.0000000000000000000, 1.000000000000000000, -0.0000000000000000000 ) ) ;
#238 =( NAMED_UNIT ( * ) SI_UNIT ( $, .STERADIAN. ) SOLID_ANGLE_UNIT ( ) );
#239 = DIRECTION ( 'NONE',  ( 0.0000000000000000000, 0.0000000000000000000, -1.000000000000000000 ) ) ;
#240 = DIRECTION ( 'NONE',  ( 0.0000000000000000000, 0.0000000000000000000, -1.000000000000000000 ) ) ;
#241 = LINE ( 'NONE', #3980, #1862 ) ;
#242 = ORIENTED_EDGE ( 'NONE', *, *, #4873, .F. ) ;
#243 = ORIENTED_EDGE ( 'NONE', *, *, #7149, .F. ) ;
#244 = LINE ( 'NONE', #6649, #2963 ) ;
#245 = ORIENTED_EDGE ( 'NONE', *, *, #5963, .T. ) ;
#246 = FILL_AREA_STYLE_COLOUR ( '', #418 ) ;
#247 = LINE ( 'NONE', #2460, #2513 ) ;
#248 = ORIENTED_EDGE ( 'NONE', *, *, #5007, .T. ) ;
#249 = CARTESIAN_POINT ( 'NONE',  ( 1.999999999999999100, 0.05000000000000000300, 2.000000000000000900 ) ) ;
#250 = ORIENTED_EDGE ( 'NONE', *, *, #6828, .F. ) ;
#251 = LINE ( 'NONE', #2877, #7469 ) ;
#252 = ORIENTED_EDGE ( 'NONE', *, *, #3811, .T. ) ;
#253 = ORIENTED_EDGE ( 'NONE', *, *, #5798, .F. ) ;
#254 = EDGE_CURVE ( 'NONE', #1970, #3247, #3029, .T. ) ;
#255 = CARTESIAN_POINT ( 'NONE',  ( 2.000000000000000900, 0.6716990566028315800, 1.124999999999999800 ) ) ;
#256 = LINE ( 'NONE', #3816, #3155 ) ;
#257 = DIRECTION ( 'NONE',  ( -0.0000000000000000000, -1.000000000000000000, -0.0000000000000000000 ) ) ;
#258 = DIRECTION ( 'NONE',  ( 1.845450506358306100E-016, 0.0000000000000000000, -1.000000000000000000 ) ) ;
#259 = EDGE_CURVE ( 'NONE', #6568, #6699, #2659, .T. ) ;
#260 = DIRECTION ( 'NONE',  ( -0.0000000000000000000, -1.000000000000000000, -0.0000000000000000000 ) ) ;
#261 = EDGE_LOOP ( 'NONE', ( #463, #410, #2035, #5789 ) ) ;
#262 = VERTEX_POINT ( 'NONE', #2942 ) ;
#263 = ORIENTED_EDGE ( 'NONE', *, *, #4972, .T. ) ;
#264 = AXIS2_PLACEMENT_3D ( 'NONE', #3783, #3707, #5478 ) ;
#265 = EDGE_LOOP ( 'NONE', ( #6105, #6393, #2048, #3493 ) ) ;
#266 = ADVANCED_FACE ( 'NONE', ( #4212 ), #615, .F. ) ;
#267 = CARTESIAN_POINT ( 'NONE',  ( -2.000000000000001800, 0.1999999999999999800, 0.8749999999999996700 ) ) ;
#268 = CARTESIAN_POINT ( 'NONE',  ( -2.000000000000001800, 0.1999999999999999800, 0.8749999999999996700 ) ) ;
#269 = CARTESIAN_POINT ( 'NONE',  ( 1.725000000000000800, 0.05000000000000002400, -0.8750000000000003300 ) ) ;
#270 = EDGE_CURVE ( 'NONE', #7365, #5089, #7066, .T. ) ;
#271 = ORIENTED_EDGE ( 'NONE', *, *, #1069, .F. ) ;
#272 = VERTEX_POINT ( 'NONE', #1938 ) ;
#273 = CARTESIAN_POINT ( 'NONE',  ( -0.3749999999999994400, 0.04999999999999969700, -2.000000000000000000 ) ) ;
#274 = EDGE_CURVE ( 'NONE', #7380, #6202, #4040, .T. ) ;
#275 =( GEOMETRIC_REPRESENTATION_CONTEXT ( 3 ) GLOBAL_UNCERTAINTY_ASSIGNED_CONTEXT ( ( #2570 ) ) GLOBAL_UNIT_ASSIGNED_CONTEXT ( ( #2856, #1081, #3502 ) ) REPRESENTATION_CONTEXT ( 'NONE', 'WORKASPACE' ) );
#276 = ORIENTED_EDGE ( 'NONE', *, *, #4049, .F. ) ;
#277 = CARTESIAN_POINT ( 'NONE',  ( -2.000000000000000900, 0.6716990566028315800, -0.3750000000000003300 ) ) ;
#278 = AXIS2_PLACEMENT_3D ( 'NONE', #5132, #6264, #3118 ) ;
#279 = DIRECTION ( 'NONE',  ( 0.0000000000000000000, 0.0000000000000000000, 1.000000000000000000 ) ) ;
#280 = AXIS2_PLACEMENT_3D ( 'NONE', #3548, #27, #1259 ) ;
#281 = DIRECTION ( 'NONE',  ( 0.0000000000000000000, 0.0000000000000000000, -1.000000000000000000 ) ) ;
#282 = LINE ( 'NONE', #4862, #5275 ) ;
#283 = ORIENTED_EDGE ( 'NONE', *, *, #5870, .T. ) ;
#284 = DIRECTION ( 'NONE',  ( -0.0000000000000000000, -1.000000000000000000, -0.0000000000000000000 ) ) ;
#285 = CARTESIAN_POINT ( 'NONE',  ( 0.5000000000000000000, 0.2000000000000000100, -1.725000000000000100 ) ) ;
#286 = FILL_AREA_STYLE ('',( #4844 ) ) ;
#287 = VECTOR ( 'NONE', #1412, 1000.000000000000000 ) ;
#288 = CARTESIAN_POINT ( 'NONE',  ( -1.725000000000000800, 0.1999999999999999800, -0.6250000000000005600 ) ) ;
#289 = ORIENTED_EDGE ( 'NONE', *, *, #3959, .T. ) ;
#290 = PLANE ( 'NONE',  #860 ) ;
#291 = LINE ( 'NONE', #528, #1462 ) ;
#292 = CARTESIAN_POINT ( 'NONE',  ( 1.000000000000000000, 0.1999999999999999800, 1.725000000000001000 ) ) ;
#293 = LINE ( 'NONE', #4294, #1740 ) ;
#294 = CARTESIAN_POINT ( 'NONE',  ( -1.124999999999999800, 0.2000000000000000100, 1.999999999999999600 ) ) ;
#295 = CIRCLE ( 'NONE', #6945, 0.1250000000000001100 ) ;
#296 = ORIENTED_EDGE ( 'NONE', *, *, #1992, .T. ) ;
#297 = ADVANCED_FACE ( 'NONE', ( #6697 ), #6500, .T. ) ;
#298 = CARTESIAN_POINT ( 'NONE',  ( 1.999999999999999100, 0.05000000000000000300, 2.000000000000000900 ) ) ;
#299 = LINE ( 'NONE', #1633, #2644 ) ;
#300 = CARTESIAN_POINT ( 'NONE',  ( 0.1250000000000005600, 0.1999999999999999800, -2.000000000000000000 ) ) ;
#301 = EDGE_CURVE ( 'NONE', #3448, #4513, #2106, .T. ) ;
#302 = CARTESIAN_POINT ( 'NONE',  ( -0.1249999999999996800, 0.1999999999999999800, 1.999999999999999600 ) ) ;
#303 = LINE ( 'NONE', #3373, #7221 ) ;
#304 = ORIENTED_EDGE ( 'NONE', *, *, #3653, .T. ) ;
#305 = DIRECTION ( 'NONE',  ( -0.0000000000000000000, -1.000000000000000000, 0.0000000000000000000 ) ) ;
#306 = CARTESIAN_POINT ( 'NONE',  ( 1.725000000000000300, 0.6716990566028315800, -1.000000000000000200 ) ) ;
#307 = DIRECTION ( 'NONE',  ( 3.469446951953614200E-015, -0.0000000000000000000, 1.000000000000000000 ) ) ;
#308 = LINE ( 'NONE', #7213, #6261 ) ;
#309 = EDGE_CURVE ( 'NONE', #2379, #3998, #672, .T. ) ;
#310 = LINE ( 'NONE', #3774, #2473 ) ;
#311 = LINE ( 'NONE', #1561, #2029 ) ;
#312 = VERTEX_POINT ( 'NONE', #3063 ) ;
#313 = EDGE_CURVE ( 'NONE', #4085, #7197, #1482, .T. ) ;
#314 = DIRECTION ( 'NONE',  ( 0.0000000000000000000, 0.0000000000000000000, 1.000000000000000000 ) ) ;
#315 = EDGE_CURVE ( 'NONE', #6935, #4681, #4665, .T. ) ;
#316 = EDGE_LOOP ( 'NONE', ( #592, #4226, #1828, #4668 ) ) ;
#317 = AXIS2_PLACEMENT_3D ( 'NONE', #7252, #4980, #3232 ) ;
#318 = LINE ( 'NONE', #5315, #1398 ) ;
#319 = DIRECTION ( 'NONE',  ( 0.0000000000000000000, -1.000000000000000000, 0.0000000000000000000 ) ) ;
#320 = ORIENTED_EDGE ( 'NONE', *, *, #6388, .T. ) ;
#321 = EDGE_LOOP ( 'NONE', ( #1443, #4119, #503, #1351 ) ) ;
#322 = AXIS2_PLACEMENT_3D ( 'NONE', #1209, #5199, #2960 ) ;
#323 = CARTESIAN_POINT ( 'NONE',  ( -0.1250000000000001100, 0.1999999999999996500, -1.999999999999998700 ) ) ;
#324 = CYLINDRICAL_SURFACE ( 'NONE', #1094, 0.1250000000000001100 ) ;
#325 = CARTESIAN_POINT ( 'NONE',  ( 1.725000000000000800, 0.0000000000000000000, 0.6249999999999996700 ) ) ;
#326 = ORIENTED_EDGE ( 'NONE', *, *, #3111, .F. ) ;
#327 = AXIS2_PLACEMENT_3D ( 'NONE', #6149, #439, #513 ) ;
#328 = EDGE_LOOP ( 'NONE', ( #3814, #7022, #5421, #2509 ) ) ;
#329 = DIRECTION ( 'NONE',  ( 0.0000000000000000000, -1.000000000000000000, 0.0000000000000000000 ) ) ;
#330 = DIRECTION ( 'NONE',  ( -1.000000000000000000, 0.0000000000000000000, 1.577021341797104700E-015 ) ) ;
#331 = FACE_OUTER_BOUND ( 'NONE', #4125, .T. ) ;
#332 = DIRECTION ( 'NONE',  ( 0.0000000000000000000, 1.000000000000000000, 0.0000000000000000000 ) ) ;
#333 = ORIENTED_EDGE ( 'NONE', *, *, #3228, .F. ) ;
#334 = FILL_AREA_STYLE_COLOUR ( '', #5893 ) ;
#335 = PRESENTATION_STYLE_ASSIGNMENT (( #6251 ) ) ;
#336 = VERTEX_POINT ( 'NONE', #6520 ) ;
#337 = DIRECTION ( 'NONE',  ( -1.000000000000000000, 0.0000000000000000000, 1.734723475976802600E-015 ) ) ;
#338 = ADVANCED_FACE ( 'NONE', ( #4389 ), #2472, .T. ) ;
#339 = CARTESIAN_POINT ( 'NONE',  ( -0.8749999999999990000, 0.6716990566028308000, 2.000000000000000000 ) ) ;
#340 = CIRCLE ( 'NONE', #377, 0.1250000000000003300 ) ;
#341 = ORIENTED_EDGE ( 'NONE', *, *, #5544, .T. ) ;
#342 = ORIENTED_EDGE ( 'NONE', *, *, #6109, .T. ) ;
#343 = FACE_OUTER_BOUND ( 'NONE', #6952, .T. ) ;
#344 = CLOSED_SHELL ( 'NONE', ( #5612, #7309, #6154, #2752, #4822, #2155 ) ) ;
#345 =( NAMED_UNIT ( * ) SI_UNIT ( $, .STERADIAN. ) SOLID_ANGLE_UNIT ( ) );
#346 = LINE ( 'NONE', #7204, #2156 ) ;
#347 = VERTEX_POINT ( 'NONE', #2503 ) ;
#348 = CARTESIAN_POINT ( 'NONE',  ( -0.3749999999999998900, 0.6716990566028308000, -1.725000000000001200 ) ) ;
#349 = EDGE_LOOP ( 'NONE', ( #5249, #2588, #1846, #5945 ) ) ;
#350 = CIRCLE ( 'NONE', #3862, 0.1250000000000001100 ) ;
#351 = ORIENTED_EDGE ( 'NONE', *, *, #3111, .T. ) ;
#352 = DIRECTION ( 'NONE',  ( 3.469446951953611000E-015, 0.0000000000000000000, 1.000000000000000000 ) ) ;
#353 = CARTESIAN_POINT ( 'NONE',  ( 1.725000000000000300, 0.0000000000000000000, -1.000000000000000200 ) ) ;
#354 = FACE_OUTER_BOUND ( 'NONE', #5279, .T. ) ;
#355 = CARTESIAN_POINT ( 'NONE',  ( -2.000000000000000900, 0.8000000000000003800, -1.999999999999998700 ) ) ;
#356 = EDGE_LOOP ( 'NONE', ( #5534, #94, #4133, #1653, #3549, #6044, #4236, #90, #4426, #6711 ) ) ;
#357 = CLOSED_SHELL ( 'NONE', ( #6051, #104, #1813, #2952, #6827, #2183 ) ) ;
#358 = ORIENTED_EDGE ( 'NONE', *, *, #4789, .F. ) ;
#359 = EDGE_CURVE ( 'NONE', #2584, #5835, #397, .T. ) ;
#360 = CARTESIAN_POINT ( 'NONE',  ( 1.725000000000000800, 0.1999999999999999800, 0.8749999999999996700 ) ) ;
#361 = DIRECTION ( 'NONE',  ( 1.577021341797104500E-015, 0.0000000000000000000, -1.000000000000000000 ) ) ;
#362 = DIRECTION ( 'NONE',  ( 0.0000000000000000000, 0.0000000000000000000, 1.000000000000000000 ) ) ;
#363 = CARTESIAN_POINT ( 'NONE',  ( -0.3749999999999998900, 0.1999999999999999800, -1.725000000000001200 ) ) ;
#364 = EDGE_CURVE ( 'NONE', #3180, #6522, #5903, .T. ) ;
#365 = CARTESIAN_POINT ( 'NONE',  ( 2.000000000000000900, 0.1999999999999999800, -0.8750000000000003300 ) ) ;
#366 = AXIS2_PLACEMENT_3D ( 'NONE', #1910, #5444, #5394 ) ;
#367 = VERTEX_POINT ( 'NONE', #4262 ) ;
#368 = CARTESIAN_POINT ( 'NONE',  ( -1.125000000000000200, 0.1999999999999999800, -1.999999999999999600 ) ) ;
#369 = DIRECTION ( 'NONE',  ( 0.0000000000000000000, 1.000000000000000000, 0.0000000000000000000 ) ) ;
#370 = ORIENTED_EDGE ( 'NONE', *, *, #1280, .T. ) ;
#371 = EDGE_CURVE ( 'NONE', #61, #6913, #2841, .T. ) ;
#372 = MECHANICAL_DESIGN_GEOMETRIC_PRESENTATION_REPRESENTATION (  '', ( #2552 ), #6029 ) ;
#373 = DIRECTION ( 'NONE',  ( -0.0000000000000000000, -1.000000000000000000, -0.0000000000000000000 ) ) ;
#374 = LINE ( 'NONE', #3729, #287 ) ;
#375 = ADVANCED_FACE ( 'NONE', ( #1119 ), #7096, .F. ) ;
#376 = DIRECTION ( 'NONE',  ( 0.0000000000000000000, 0.0000000000000000000, 1.000000000000000000 ) ) ;
#377 = AXIS2_PLACEMENT_3D ( 'NONE', #2927, #6948, #4732 ) ;
#378 = ADVANCED_FACE ( 'NONE', ( #2205 ), #2428, .F. ) ;
#379 = MECHANICAL_DESIGN_GEOMETRIC_PRESENTATION_REPRESENTATION (  '', ( #2698 ), #1150 ) ;
#380 = ORIENTED_EDGE ( 'NONE', *, *, #6193, .T. ) ;
#381 = CARTESIAN_POINT ( 'NONE',  ( 1.725000000000000800, 0.6716990566028315800, 0.1249999999999996800 ) ) ;
#382 = CARTESIAN_POINT ( 'NONE',  ( 2.000000000000000900, 0.1999999999999999800, 1.124999999999999800 ) ) ;
#383 = FACE_OUTER_BOUND ( 'NONE', #7316, .T. ) ;
#384 = CARTESIAN_POINT ( 'NONE',  ( 0.1250000000000001100, 0.2000000000000000100, -1.725000000000001200 ) ) ;
#385 = CARTESIAN_POINT ( 'NONE',  ( 0.6250000000000005600, 0.0000000000000000000, 1.725000000000001200 ) ) ;
#386 = CARTESIAN_POINT ( 'NONE',  ( 1.125000000000000200, 0.0000000000000000000, -1.725000000000001200 ) ) ;
#387 = FACE_OUTER_BOUND ( 'NONE', #2800, .T. ) ;
#388 = ORIENTED_EDGE ( 'NONE', *, *, #7447, .F. ) ;
#389 = SURFACE_STYLE_FILL_AREA ( #4902 ) ;
#390 = DIRECTION ( 'NONE',  ( -1.000000000000000000, 0.0000000000000000000, 1.084202172485504700E-016 ) ) ;
#391 = CARTESIAN_POINT ( 'NONE',  ( 1.725000000000000800, 0.6716990566028315800, 1.124999999999999800 ) ) ;
#392 = LINE ( 'NONE', #2459, #571 ) ;
#393 = ORIENTED_EDGE ( 'NONE', *, *, #4241, .T. ) ;
#394 = ORIENTED_EDGE ( 'NONE', *, *, #6494, .T. ) ;
#395 = LINE ( 'NONE', #2608, #1481 ) ;
#396 = CARTESIAN_POINT ( 'NONE',  ( 1.725000000000000800, 0.6716990566028315800, -0.6250000000000003300 ) ) ;
#397 = CIRCLE ( 'NONE', #5787, 0.1676928858146148900 ) ;
#398 = PRESENTATION_STYLE_ASSIGNMENT (( #3531 ) ) ;
#399 = EDGE_CURVE ( 'NONE', #614, #2779, #3292, .T. ) ;
#400 = ORIENTED_EDGE ( 'NONE', *, *, #3763, .F. ) ;
#401 = DIRECTION ( 'NONE',  ( 0.0000000000000000000, 0.0000000000000000000, -1.000000000000000000 ) ) ;
#402 = EDGE_CURVE ( 'NONE', #4588, #1805, #6611, .T. ) ;
#403 = FILL_AREA_STYLE_COLOUR ( '', #757 ) ;
#404 = LINE ( 'NONE', #3352, #2941 ) ;
#405 = LINE ( 'NONE', #1212, #3299 ) ;
#406 = CARTESIAN_POINT ( 'NONE',  ( 1.300000000000000000, 0.2000000000000000900, 1.174999999999999400 ) ) ;
#407 = DIRECTION ( 'NONE',  ( -1.000000000000000000, 0.0000000000000000000, 7.885106708985459500E-016 ) ) ;
#408 = DIRECTION ( 'NONE',  ( -1.000000000000000000, 0.0000000000000000000, -3.469446951953614200E-015 ) ) ;
#409 = DIRECTION ( 'NONE',  ( 0.0000000000000000000, -0.0000000000000000000, -1.000000000000000000 ) ) ;
#410 = ORIENTED_EDGE ( 'NONE', *, *, #5831, .T. ) ;
#411 = DIRECTION ( 'NONE',  ( -1.577021341797104700E-015, 0.0000000000000000000, 1.000000000000000000 ) ) ;
#412 = EDGE_CURVE ( 'NONE', #6158, #639, #1759, .T. ) ;
#413 = ADVANCED_FACE ( 'NONE', ( #38 ), #6033, .F. ) ;
#414 = VECTOR ( 'NONE', #211, 1000.000000000000000 ) ;
#415 = ADVANCED_FACE ( 'NONE', ( #212 ), #6097, .F. ) ;
#416 = VERTEX_POINT ( 'NONE', #2605 ) ;
#417 = EDGE_CURVE ( 'NONE', #83, #5848, #4204, .T. ) ;
#418 = COLOUR_RGB ( '',0.7921568627450980000, 0.8196078431372548800, 0.9333333333333333500 ) ;
#419 = ORIENTED_EDGE ( 'NONE', *, *, #889, .T. ) ;
#420 = EDGE_CURVE ( 'NONE', #7385, #3404, #5559, .T. ) ;
#421 = AXIS2_PLACEMENT_3D ( 'NONE', #5086, #1587, #2169 ) ;
#422 = LINE ( 'NONE', #5242, #3227 ) ;
#423 = AXIS2_PLACEMENT_3D ( 'NONE', #6460, #7031, #6037 ) ;
#424 = ORIENTED_EDGE ( 'NONE', *, *, #1227, .T. ) ;
#425 = LINE ( 'NONE', #6932, #6375 ) ;
#426 = ORIENTED_EDGE ( 'NONE', *, *, #2875, .F. ) ;
#427 = DIRECTION ( 'NONE',  ( 0.0000000000000000000, 1.000000000000000000, 0.0000000000000000000 ) ) ;
#428 = FACE_OUTER_BOUND ( 'NONE', #2269, .T. ) ;
#429 = CARTESIAN_POINT ( 'NONE',  ( -1.000000000000000000, 0.2000000000000000100, -1.725000000000000100 ) ) ;
#430 = ORIENTED_EDGE ( 'NONE', *, *, #4772, .T. ) ;
#431 = CARTESIAN_POINT ( 'NONE',  ( 1.175000000000000000, 0.0000000000000000000, -1.300000000000000000 ) ) ;
#432 = ORIENTED_EDGE ( 'NONE', *, *, #24, .F. ) ;
#433 = LINE ( 'NONE', #6223, #2411 ) ;
#434 = CARTESIAN_POINT ( 'NONE',  ( -0.8749999999999990000, 0.1999999999999999800, 2.000000000000000000 ) ) ;
#435 = ORIENTED_EDGE ( 'NONE', *, *, #2817, .T. ) ;
#436 = STYLED_ITEM ( 'NONE', ( #3639 ), #5240 ) ;
#437 = CARTESIAN_POINT ( 'NONE',  ( -0.5000000000000000000, 0.0000000000000000000, 1.725000000000001000 ) ) ;
#438 = CARTESIAN_POINT ( 'NONE',  ( -2.000000000000000900, 0.1999999999999996500, 0.6249999999999998900 ) ) ;
#439 = DIRECTION ( 'NONE',  ( 0.0000000000000000000, -1.000000000000000000, 0.0000000000000000000 ) ) ;
#440 = VERTEX_POINT ( 'NONE', #355 ) ;
#441 = ORIENTED_EDGE ( 'NONE', *, *, #7402, .T. ) ;
#442 = CIRCLE ( 'NONE', #2059, 0.1250000000000001100 ) ;
#443 = ORIENTED_EDGE ( 'NONE', *, *, #3665, .F. ) ;
#444 = ORIENTED_EDGE ( 'NONE', *, *, #2875, .T. ) ;
#445 = CARTESIAN_POINT ( 'NONE',  ( -1.725000000000000800, 0.6716990566028315800, -0.1250000000000005600 ) ) ;
#446 = DIRECTION ( 'NONE',  ( 0.0000000000000000000, 1.000000000000000000, 0.0000000000000000000 ) ) ;
#447 = UNCERTAINTY_MEASURE_WITH_UNIT (LENGTH_MEASURE( 1.000000000000000100E-005 ), #7198, 'distance_accuracy_value', 'NONE');
#448 = CARTESIAN_POINT ( 'NONE',  ( 2.000000000000001800, 0.6716990566028315800, 0.8749999999999996700 ) ) ;
#449 = PLANE ( 'NONE',  #4164 ) ;
#450 = VERTEX_POINT ( 'NONE', #834 ) ;
#451 = ORIENTED_EDGE ( 'NONE', *, *, #2917, .F. ) ;
#452 = EDGE_LOOP ( 'NONE', ( #5550, #1099, #245, #2523 ) ) ;
#453 = VERTEX_POINT ( 'NONE', #882 ) ;
#454 = EDGE_CURVE ( 'NONE', #3546, #5866, #3109, .T. ) ;
#455 = ADVANCED_FACE ( 'NONE', ( #1295 ), #3211, .T. ) ;
#456 = ORIENTED_EDGE ( 'NONE', *, *, #4007, .T. ) ;
#457 = CARTESIAN_POINT ( 'NONE',  ( -1.000000000000000000, 0.0000000000000000000, 1.725000000000001000 ) ) ;
#458 = ADVANCED_FACE ( 'NONE', ( #5210 ), #3839, .F. ) ;
#459 = ORIENTED_EDGE ( 'NONE', *, *, #6109, .F. ) ;
#460 = CARTESIAN_POINT ( 'NONE',  ( -2.000000000000001800, 0.6716990566028315800, -0.6250000000000003300 ) ) ;
#461 = DIRECTION ( 'NONE',  ( -1.577021341797104700E-015, 0.0000000000000000000, 1.000000000000000000 ) ) ;
#462 = EDGE_CURVE ( 'NONE', #844, #2341, #1838, .T. ) ;
#463 = ORIENTED_EDGE ( 'NONE', *, *, #5445, .F. ) ;
#464 = DIRECTION ( 'NONE',  ( 0.0000000000000000000, -1.000000000000000000, 0.0000000000000000000 ) ) ;
#465 = EDGE_CURVE ( 'NONE', #4355, #145, #310, .T. ) ;
#466 = FACE_OUTER_BOUND ( 'NONE', #5764, .T. ) ;
#467 = AXIS2_PLACEMENT_3D ( 'NONE', #3794, #4399, #2036 ) ;
#468 = DIRECTION ( 'NONE',  ( -1.000000000000000000, 0.0000000000000000000, -0.0000000000000000000 ) ) ;
#469 = DIRECTION ( 'NONE',  ( -0.0000000000000000000, -1.000000000000000000, -0.0000000000000000000 ) ) ;
#470 = ORIENTED_EDGE ( 'NONE', *, *, #4385, .F. ) ;
#471 = MECHANICAL_DESIGN_GEOMETRIC_PRESENTATION_REPRESENTATION (  '', ( #3480 ), #1902 ) ;
#472 = SURFACE_STYLE_FILL_AREA ( #2194 ) ;
#473 = ORIENTED_EDGE ( 'NONE', *, *, #7392, .F. ) ;
#474 = AXIS2_PLACEMENT_3D ( 'NONE', #6573, #6594, #777 ) ;
#475 = LINE ( 'NONE', #5175, #3735 ) ;
#476 = VECTOR ( 'NONE', #5250, 1000.000000000000000 ) ;
#477 = AXIS2_PLACEMENT_3D ( 'NONE', #1866, #2508, #4208 ) ;
#478 = CARTESIAN_POINT ( 'NONE',  ( 1.999999999999999100, 0.05000000000000000300, -1.999999999999999100 ) ) ;
#479 = CARTESIAN_POINT ( 'NONE',  ( -2.000000000000000900, 0.1999999999999999800, -0.3750000000000003300 ) ) ;
#480 = LINE ( 'NONE', #7193, #6429 ) ;
#481 = ORIENTED_EDGE ( 'NONE', *, *, #6917, .F. ) ;
#482 = FACE_OUTER_BOUND ( 'NONE', #2429, .T. ) ;
#483 = DIRECTION ( 'NONE',  ( 0.0000000000000000000, -0.0000000000000000000, 1.000000000000000000 ) ) ;
#484 =( NAMED_UNIT ( * ) PLANE_ANGLE_UNIT ( ) SI_UNIT ( $, .RADIAN. ) );
#485 = CARTESIAN_POINT ( 'NONE',  ( -1.725000000000000800, 0.6716990566028315800, 0.8749999999999994400 ) ) ;
#486 = ADVANCED_FACE ( 'NONE', ( #931 ), #4962, .T. ) ;
#487 = LINE ( 'NONE', #4221, #5729 ) ;
#488 = DIRECTION ( 'NONE',  ( 0.0000000000000000000, 0.0000000000000000000, 1.000000000000000000 ) ) ;
#489 = SURFACE_SIDE_STYLE ('',( #2848 ) ) ;
#490 = ADVANCED_FACE ( 'NONE', ( #3207 ), #5995, .T. ) ;
#491 = VECTOR ( 'NONE', #1905, 1000.000000000000000 ) ;
#492 = ORIENTED_EDGE ( 'NONE', *, *, #6436, .T. ) ;
#493 = CARTESIAN_POINT ( 'NONE',  ( -1.725000000000000800, 0.6716990566028315800, -0.8750000000000003300 ) ) ;
#494 = VECTOR ( 'NONE', #7145, 1000.000000000000000 ) ;
#495 = VECTOR ( 'NONE', #4623, 1000.000000000000000 ) ;
#496 = CARTESIAN_POINT ( 'NONE',  ( 0.3749999999999998900, 0.04999999999999969700, -1.999999999999999600 ) ) ;
#497 = ORIENTED_EDGE ( 'NONE', *, *, #1468, .F. ) ;
#498 = ORIENTED_EDGE ( 'NONE', *, *, #4682, .F. ) ;
#499 = CIRCLE ( 'NONE', #6156, 0.1250000000000003300 ) ;
#500 = DIRECTION ( 'NONE',  ( 0.0000000000000000000, -0.0000000000000000000, -1.000000000000000000 ) ) ;
#501 = EDGE_CURVE ( 'NONE', #1796, #6211, #5383, .T. ) ;
#502 = ORIENTED_EDGE ( 'NONE', *, *, #1415, .F. ) ;
#503 = ORIENTED_EDGE ( 'NONE', *, *, #6940, .F. ) ;
#504 = EDGE_CURVE ( 'NONE', #3453, #633, #1567, .T. ) ;
#505 = AXIS2_PLACEMENT_3D ( 'NONE', #3745, #1441, #5493 ) ;
#506 = VECTOR ( 'NONE', #1726, 1000.000000000000000 ) ;
#507 = CARTESIAN_POINT ( 'NONE',  ( 0.6249999999999978900, 0.05000000000000000300, -9.856383386231871400E-016 ) ) ;
#508 = DIRECTION ( 'NONE',  ( -1.845450506358306100E-016, 0.0000000000000000000, 1.000000000000000000 ) ) ;
#509 = EDGE_LOOP ( 'NONE', ( #4948, #1363, #5489, #243 ) ) ;
#510 = SURFACE_SIDE_STYLE ('',( #2823 ) ) ;
#511 = LINE ( 'NONE', #3929, #1401 ) ;
#512 = ORIENTED_EDGE ( 'NONE', *, *, #5503, .T. ) ;
#513 = DIRECTION ( 'NONE',  ( 0.0000000000000000000, 0.0000000000000000000, -1.000000000000000000 ) ) ;
#514 = DIRECTION ( 'NONE',  ( 1.000000000000000000, 0.0000000000000000000, -1.577021341797106900E-015 ) ) ;
#515 = CIRCLE ( 'NONE', #6685, 0.1250000000000003300 ) ;
#516 = EDGE_CURVE ( 'NONE', #5412, #262, #6442, .T. ) ;
#517 = EDGE_LOOP ( 'NONE', ( #5343, #6201, #3461, #3976 ) ) ;
#518 = CARTESIAN_POINT ( 'NONE',  ( 0.5000000000000000000, 0.04999999999999999600, 1.725000000000001000 ) ) ;
#519 = ORIENTED_EDGE ( 'NONE', *, *, #6591, .F. ) ;
#520 = CARTESIAN_POINT ( 'NONE',  ( 1.000000000000000000, 0.04999999999999999600, 1.725000000000001000 ) ) ;
#521 = DIRECTION ( 'NONE',  ( -0.0000000000000000000, -1.000000000000000000, -0.0000000000000000000 ) ) ;
#522 = FACE_OUTER_BOUND ( 'NONE', #5403, .T. ) ;
#523 = ORIENTED_EDGE ( 'NONE', *, *, #309, .F. ) ;
#524 = ORIENTED_EDGE ( 'NONE', *, *, #3428, .T. ) ;
#525 = CIRCLE ( 'NONE', #2163, 0.1250000000000001100 ) ;
#526 = VERTEX_POINT ( 'NONE', #3163 ) ;
#527 = ADVANCED_FACE ( 'NONE', ( #3392 ), #6881, .F. ) ;
#528 = CARTESIAN_POINT ( 'NONE',  ( 0.8750000000000003300, 0.2000000000000000100, 1.999999999999999600 ) ) ;
#529 = ADVANCED_FACE ( 'NONE', ( #2933 ), #6196, .F. ) ;
#530 = DIRECTION ( 'NONE',  ( 0.0000000000000000000, -0.0000000000000000000, 1.000000000000000000 ) ) ;
#531 = VECTOR ( 'NONE', #361, 1000.000000000000000 ) ;
#532 = DIRECTION ( 'NONE',  ( -1.000000000000000000, 0.0000000000000000000, -1.845450506358306100E-016 ) ) ;
#533 = CLOSED_SHELL ( 'NONE', ( #2715, #6705, #717, #5355, #5083, #7270 ) ) ;
#534 = FACE_OUTER_BOUND ( 'NONE', #6563, .T. ) ;
#535 = VERTEX_POINT ( 'NONE', #382 ) ;
#536 = MANIFOLD_SOLID_BREP ( 'LPattern3[1]', #3512 ) ;
#537 = DIRECTION ( 'NONE',  ( -1.000000000000000000, 0.0000000000000000000, 1.084202172485504400E-016 ) ) ;
#538 = VERTEX_POINT ( 'NONE', #6143 ) ;
#539 = VERTEX_POINT ( 'NONE', #7337 ) ;
#540 = CARTESIAN_POINT ( 'NONE',  ( 2.000000000000001800, 0.6716990566028315800, -0.6250000000000003300 ) ) ;
#541 = CARTESIAN_POINT ( 'NONE',  ( 1.000000000000000000, 0.0000000000000000000, -1.725000000000000100 ) ) ;
#542 = ORIENTED_EDGE ( 'NONE', *, *, #5488, .T. ) ;
#543 = CARTESIAN_POINT ( 'NONE',  ( -0.8749999999999998900, 0.0000000000000000000, -1.725000000000001200 ) ) ;
#544 = ORIENTED_EDGE ( 'NONE', *, *, #559, .T. ) ;
#546 = EDGE_CURVE ( 'NONE', #6935, #117, #4479, .T. ) ;
#545 = PLANE ( 'NONE',  #3177 ) ;
#547 = DIRECTION ( 'NONE',  ( 0.0000000000000000000, -0.0000000000000000000, -1.000000000000000000 ) ) ;
#548 = DIRECTION ( 'NONE',  ( 0.0000000000000000000, -1.000000000000000000, 0.0000000000000000000 ) ) ;
#549 = EDGE_CURVE ( 'NONE', #7459, #6498, #3010, .T. ) ;
#550 = ORIENTED_EDGE ( 'NONE', *, *, #6451, .T. ) ;
#551 = DIRECTION ( 'NONE',  ( 0.0000000000000000000, 0.0000000000000000000, -1.000000000000000000 ) ) ;
#552 = CARTESIAN_POINT ( 'NONE',  ( 1.725000000000000800, 0.0000000000000000000, 0.3749999999999996700 ) ) ;
#553 = FACE_OUTER_BOUND ( 'NONE', #621, .T. ) ;
#554 = EDGE_CURVE ( 'NONE', #3526, #1093, #4297, .T. ) ;
#555 = CARTESIAN_POINT ( 'NONE',  ( 0.3749999999999998900, 0.6716990566028308000, -1.999999999999999600 ) ) ;
#556 = ORIENTED_EDGE ( 'NONE', *, *, #2186, .T. ) ;
#557 = CARTESIAN_POINT ( 'NONE',  ( -1.725000000000000800, 0.05000000000000002400, 1.124999999999999800 ) ) ;
#558 = DIRECTION ( 'NONE',  ( 3.469446951953614200E-015, 0.0000000000000000000, -1.000000000000000000 ) ) ;
#559 = EDGE_CURVE ( 'NONE', #686, #17, #3652, .T. ) ;
#560 = DIRECTION ( 'NONE',  ( -0.0000000000000000000, -1.000000000000000000, 0.0000000000000000000 ) ) ;
#561 = STYLED_ITEM ( 'NONE', ( #4100 ), #5677 ) ;
#562 = ADVANCED_FACE ( 'NONE', ( #2736 ), #1205, .T. ) ;
#563 = CARTESIAN_POINT ( 'NONE',  ( 1.725000000000000800, 0.6716990566028315800, 0.1249999999999996800 ) ) ;
#564 = PLANE ( 'NONE',  #792 ) ;
#565 = ADVANCED_FACE ( 'NONE', ( #5103 ), #5202, .F. ) ;
#566 = DIRECTION ( 'NONE',  ( 0.0000000000000000000, 0.0000000000000000000, 1.000000000000000000 ) ) ;
#567 = LINE ( 'NONE', #1966, #3189 ) ;
#568 = ORIENTED_EDGE ( 'NONE', *, *, #5231, .F. ) ;
#569 = VECTOR ( 'NONE', #1764, 1000.000000000000000 ) ;
#570 = CARTESIAN_POINT ( 'NONE',  ( 0.5000000000000000000, 0.6716990566028308000, 1.600000000000000800 ) ) ;
#571 = VECTOR ( 'NONE', #7054, 1000.000000000000000 ) ;
#572 = VECTOR ( 'NONE', #1343, 1000.000000000000000 ) ;
#573 = AXIS2_PLACEMENT_3D ( 'NONE', #6185, #2737, #3332 ) ;
#574 = EDGE_LOOP ( 'NONE', ( #1864, #1060, #3065, #1847 ) ) ;
#575 = DIRECTION ( 'NONE',  ( 0.0000000000000000000, 1.000000000000000000, 0.0000000000000000000 ) ) ;
#576 = ORIENTED_EDGE ( 'NONE', *, *, #5734, .T. ) ;
#577 = DIRECTION ( 'NONE',  ( 0.0000000000000000000, 0.0000000000000000000, -1.000000000000000000 ) ) ;
#578 = VECTOR ( 'NONE', #2454, 1000.000000000000000 ) ;
#579 = PRESENTATION_STYLE_ASSIGNMENT (( #1608 ) ) ;
#580 = LINE ( 'NONE', #7398, #3662 ) ;
#581 = CARTESIAN_POINT ( 'NONE',  ( -0.8750000000000022200, 0.05000000000000000300, 1.379893674072470100E-015 ) ) ;
#582 = EDGE_LOOP ( 'NONE', ( #5307, #4231, #2695, #2056 ) ) ;
#583 = CARTESIAN_POINT ( 'NONE',  ( -2.000000000000000900, 0.6716990566028315800, 0.6249999999999996700 ) ) ;
#584 = CARTESIAN_POINT ( 'NONE',  ( 1.725000000000000800, 0.1999999999999999800, -0.3750000000000003300 ) ) ;
#585 = DIRECTION ( 'NONE',  ( -1.000000000000000000, -0.0000000000000000000, 7.885106708985461400E-016 ) ) ;
#586 = CIRCLE ( 'NONE', #3716, 0.1250000000000001100 ) ;
#587 = CARTESIAN_POINT ( 'NONE',  ( -2.000000000000001800, 0.6716990566028315800, -1.125000000000000400 ) ) ;
#588 = DIRECTION ( 'NONE',  ( 0.0000000000000000000, 0.0000000000000000000, -1.000000000000000000 ) ) ;
#589 = EDGE_CURVE ( 'NONE', #3084, #4331, #4568, .T. ) ;
#590 = ORIENTED_EDGE ( 'NONE', *, *, #7019, .F. ) ;
#591 = PLANE ( 'NONE',  #5977 ) ;
#592 = ORIENTED_EDGE ( 'NONE', *, *, #3228, .T. ) ;
#593 = VECTOR ( 'NONE', #4949, 1000.000000000000000 ) ;
#594 = ORIENTED_EDGE ( 'NONE', *, *, #2634, .T. ) ;
#595 = VECTOR ( 'NONE', #5785, 1000.000000000000000 ) ;
#596 = VERTEX_POINT ( 'NONE', #479 ) ;
#597 = DIRECTION ( 'NONE',  ( 0.0000000000000000000, -1.000000000000000000, 0.0000000000000000000 ) ) ;
#598 = EDGE_CURVE ( 'NONE', #5675, #2633, #4124, .T. ) ;
#599 = LINE ( 'NONE', #3964, #1501 ) ;
#600 = CARTESIAN_POINT ( 'NONE',  ( -1.125000000000000200, 0.2000000000000000100, -1.999999999999999600 ) ) ;
#601 = DIRECTION ( 'NONE',  ( 0.0000000000000000000, -1.000000000000000000, 0.0000000000000000000 ) ) ;
#602 = VERTEX_POINT ( 'NONE', #2702 ) ;
#603 = EDGE_CURVE ( 'NONE', #6400, #6758, #4745, .T. ) ;
#604 = LINE ( 'NONE', #5283, #1951 ) ;
#605 = CARTESIAN_POINT ( 'NONE',  ( 0.3749999999999996700, 0.1999999999999996500, -1.999999999999999100 ) ) ;
#606 = ORIENTED_EDGE ( 'NONE', *, *, #5876, .T. ) ;
#607 = SURFACE_SIDE_STYLE ('',( #5112 ) ) ;
#608 = CIRCLE ( 'NONE', #3725, 0.1250000000000003300 ) ;
#609 = PLANE ( 'NONE',  #4301 ) ;
#610 = DIRECTION ( 'NONE',  ( 0.0000000000000000000, 0.0000000000000000000, 1.000000000000000000 ) ) ;
#611 = ORIENTED_EDGE ( 'NONE', *, *, #4182, .F. ) ;
#612 = ORIENTED_EDGE ( 'NONE', *, *, #2538, .T. ) ;
#613 = VECTOR ( 'NONE', #337, 1000.000000000000000 ) ;
#614 = VERTEX_POINT ( 'NONE', #1019 ) ;
#615 = PLANE ( 'NONE',  #5314 ) ;
#616 = EDGE_CURVE ( 'NONE', #5631, #3781, #2569, .T. ) ;
#617 = DIRECTION ( 'NONE',  ( 0.0000000000000000000, 0.0000000000000000000, 1.000000000000000000 ) ) ;
#618 = DIRECTION ( 'NONE',  ( -0.0000000000000000000, -1.000000000000000000, -0.0000000000000000000 ) ) ;
#619 = EDGE_LOOP ( 'NONE', ( #1560, #5858, #6547, #6220 ) ) ;
#620 = VECTOR ( 'NONE', #1105, 1000.000000000000000 ) ;
#621 = EDGE_LOOP ( 'NONE', ( #3733, #5934, #6295, #2563 ) ) ;
#622 = ORIENTED_EDGE ( 'NONE', *, *, #4342, .T. ) ;
#623 = AXIS2_PLACEMENT_3D ( 'NONE', #846, #3469, #3450 ) ;
#624 = AXIS2_PLACEMENT_3D ( 'NONE', #306, #3266, #7238 ) ;
#625 = CARTESIAN_POINT ( 'NONE',  ( -1.725000000000000300, 0.1999999999999999800, -4.336808689942017700E-016 ) ) ;
#626 = ORIENTED_EDGE ( 'NONE', *, *, #5592, .T. ) ;
#627 = ORIENTED_EDGE ( 'NONE', *, *, #5180, .F. ) ;
#628 = ORIENTED_EDGE ( 'NONE', *, *, #2925, .F. ) ;
#629 = DIRECTION ( 'NONE',  ( 0.0000000000000000000, -1.000000000000000000, 0.0000000000000000000 ) ) ;
#630 = CARTESIAN_POINT ( 'NONE',  ( -1.725000000000000800, 0.6716990566028315800, -0.1250000000000005600 ) ) ;
#631 =( LENGTH_UNIT ( ) NAMED_UNIT ( * ) SI_UNIT ( .MILLI., .METRE. ) );
#632 = ORIENTED_EDGE ( 'NONE', *, *, #1415, .T. ) ;
#633 = VERTEX_POINT ( 'NONE', #2083 ) ;
#634 = CARTESIAN_POINT ( 'NONE',  ( -2.000000000000000900, 0.1999999999999999800, 0.1249999999999996800 ) ) ;
#635 = DIRECTION ( 'NONE',  ( -1.000000000000000000, 0.0000000000000000000, 7.885106708985459500E-016 ) ) ;
#636 = DIRECTION ( 'NONE',  ( 0.0000000000000000000, 0.0000000000000000000, 1.000000000000000000 ) ) ;
#637 = CARTESIAN_POINT ( 'NONE',  ( 1.174999999999999800, 3.876955262170047600, 1.300000000000000300 ) ) ;
#638 = ADVANCED_FACE ( 'NONE', ( #1475 ), #4923, .F. ) ;
#639 = VERTEX_POINT ( 'NONE', #4514 ) ;
#640 = DIRECTION ( 'NONE',  ( 0.0000000000000000000, -1.000000000000000000, 0.0000000000000000000 ) ) ;
#641 = LINE ( 'NONE', #2064, #5081 ) ;
#642 = EDGE_CURVE ( 'NONE', #3781, #1973, #5378, .T. ) ;
#643 = ORIENTED_EDGE ( 'NONE', *, *, #6761, .F. ) ;
#644 = EDGE_CURVE ( 'NONE', #3238, #3023, #5897, .T. ) ;
#645 = DIRECTION ( 'NONE',  ( 0.0000000000000000000, 0.0000000000000000000, 1.000000000000000000 ) ) ;
#646 = LINE ( 'NONE', #5474, #2077 ) ;
#647 = AXIS2_PLACEMENT_3D ( 'NONE', #4408, #6597, #3803 ) ;
#648 = DIRECTION ( 'NONE',  ( 1.000000000000000000, -0.0000000000000000000, 0.0000000000000000000 ) ) ;
#649 = DIRECTION ( 'NONE',  ( 0.0000000000000000000, -1.000000000000000000, 0.0000000000000000000 ) ) ;
#650 = VERTEX_POINT ( 'NONE', #7259 ) ;
#651 = CIRCLE ( 'NONE', #5564, 0.1250000000000001100 ) ;
#652 = FACE_OUTER_BOUND ( 'NONE', #2949, .T. ) ;
#653 = DIRECTION ( 'NONE',  ( -0.0000000000000000000, -1.000000000000000000, -0.0000000000000000000 ) ) ;
#654 = DIRECTION ( 'NONE',  ( -0.0000000000000000000, -1.000000000000000000, -0.0000000000000000000 ) ) ;
#655 = DIRECTION ( 'NONE',  ( 0.0000000000000000000, 1.000000000000000000, -0.0000000000000000000 ) ) ;
#656 = EDGE_CURVE ( 'NONE', #2128, #6674, #665, .T. ) ;
#657 = DIRECTION ( 'NONE',  ( -0.0000000000000000000, -1.000000000000000000, -0.0000000000000000000 ) ) ;
#658 = AXIS2_PLACEMENT_3D ( 'NONE', #6688, #4985, #6125 ) ;
#659 = CARTESIAN_POINT ( 'NONE',  ( 1.725000000000000800, 0.1999999999999999800, 1.124999999999999800 ) ) ;
#660 = LINE ( 'NONE', #5622, #3560 ) ;
#661 = VERTEX_POINT ( 'NONE', #4663 ) ;
#662 = LINE ( 'NONE', #3447, #1829 ) ;
#663 = EDGE_LOOP ( 'NONE', ( #5810, #2285, #6236, #7189 ) ) ;
#664 = DIRECTION ( 'NONE',  ( 3.469446951953614200E-015, 0.0000000000000000000, -1.000000000000000000 ) ) ;
#665 = LINE ( 'NONE', #6923, #4377 ) ;
#666 = FACE_OUTER_BOUND ( 'NONE', #6281, .T. ) ;
#667 = ORIENTED_EDGE ( 'NONE', *, *, #4538, .T. ) ;
#668 = CARTESIAN_POINT ( 'NONE',  ( -0.3749999999999998900, 0.6716990566028308000, -1.725000000000001200 ) ) ;
#669 = FACE_OUTER_BOUND ( 'NONE', #5581, .T. ) ;
#670 = DIRECTION ( 'NONE',  ( -0.0000000000000000000, -1.000000000000000000, -0.0000000000000000000 ) ) ;
#671 = ADVANCED_FACE ( 'NONE', ( #2197 ), #6788, .F. ) ;
#672 = CIRCLE ( 'NONE', #893, 0.1250000000000001100 ) ;
#673 = DIRECTION ( 'NONE',  ( 0.0000000000000000000, 0.0000000000000000000, -1.000000000000000000 ) ) ;
#674 = CARTESIAN_POINT ( 'NONE',  ( 1.174999999999999800, 0.2000000000000000900, -1.174999999999999800 ) ) ;
#675 = LINE ( 'NONE', #3264, #3581 ) ;
#676 = DIRECTION ( 'NONE',  ( 0.0000000000000000000, -1.000000000000000000, 0.0000000000000000000 ) ) ;
#677 = DIRECTION ( 'NONE',  ( 0.0000000000000000000, 0.0000000000000000000, -1.000000000000000000 ) ) ;
#678 = ORIENTED_EDGE ( 'NONE', *, *, #699, .F. ) ;
#679 = DIRECTION ( 'NONE',  ( 3.469446951953614200E-015, 0.0000000000000000000, -1.000000000000000000 ) ) ;
#680 = SURFACE_STYLE_FILL_AREA ( #2348 ) ;
#681 = ORIENTED_EDGE ( 'NONE', *, *, #6057, .F. ) ;
#682 = CARTESIAN_POINT ( 'NONE',  ( -1.725000000000000800, 0.1999999999999999800, 0.6249999999999996700 ) ) ;
#683 = DIRECTION ( 'NONE',  ( 0.0000000000000000000, 0.0000000000000000000, -1.000000000000000000 ) ) ;
#684 = LINE ( 'NONE', #445, #5748 ) ;
#685 = EDGE_CURVE ( 'NONE', #6213, #2128, #6874, .T. ) ;
#686 = VERTEX_POINT ( 'NONE', #4089 ) ;
#687 = VERTEX_POINT ( 'NONE', #2319 ) ;
#688 = CARTESIAN_POINT ( 'NONE',  ( 1.300000000000000000, 0.0000000000000000000, -1.174999999999999800 ) ) ;
#689 = VERTEX_POINT ( 'NONE', #605 ) ;
#690 = EDGE_CURVE ( 'NONE', #2294, #347, #5646, .T. ) ;
#691 = VECTOR ( 'NONE', #3296, 1000.000000000000000 ) ;
#692 = DIRECTION ( 'NONE',  ( -1.000000000000000000, 0.0000000000000000000, -7.885106708985461400E-016 ) ) ;
#693 = CARTESIAN_POINT ( 'NONE',  ( 0.5000000000000000000, 0.2000000000000000100, 1.600000000000000800 ) ) ;
#694 = ORIENTED_EDGE ( 'NONE', *, *, #2355, .F. ) ;
#695 = CIRCLE ( 'NONE', #327, 0.1250000000000001100 ) ;
#696 = ORIENTED_EDGE ( 'NONE', *, *, #161, .T. ) ;
#697 = DIRECTION ( 'NONE',  ( -0.0000000000000000000, -0.0000000000000000000, 1.000000000000000000 ) ) ;
#698 = DIRECTION ( 'NONE',  ( 1.577021341797104500E-015, 0.0000000000000000000, -1.000000000000000000 ) ) ;
#699 = EDGE_CURVE ( 'NONE', #7184, #6396, #5817, .T. ) ;
#700 = CARTESIAN_POINT ( 'NONE',  ( 0.1250000000000009700, 0.2000000000000000100, 2.000000000000000000 ) ) ;
#701 = LINE ( 'NONE', #5101, #2141 ) ;
#702 = EDGE_CURVE ( 'NONE', #2158, #1532, #7050, .T. ) ;
#703 = VERTEX_POINT ( 'NONE', #22 ) ;
#704 = EDGE_CURVE ( 'NONE', #2283, #861, #4026, .T. ) ;
#705 = ORIENTED_EDGE ( 'NONE', *, *, #516, .T. ) ;
#706 = LINE ( 'NONE', #2639, #2778 ) ;
#707 = STYLED_ITEM ( 'NONE', ( #1516 ), #1305 ) ;
#708 = VERTEX_POINT ( 'NONE', #552 ) ;
#709 = VERTEX_POINT ( 'NONE', #1183 ) ;
#710 = DIRECTION ( 'NONE',  ( -1.000000000000000000, 0.0000000000000000000, -1.734723475976802600E-015 ) ) ;
#711 = DIRECTION ( 'NONE',  ( 3.469446951953614200E-015, -0.0000000000000000000, 1.000000000000000000 ) ) ;
#712 =( GEOMETRIC_REPRESENTATION_CONTEXT ( 3 ) GLOBAL_UNCERTAINTY_ASSIGNED_CONTEXT ( ( #6257 ) ) GLOBAL_UNIT_ASSIGNED_CONTEXT ( ( #3479, #5232, #1176 ) ) REPRESENTATION_CONTEXT ( 'NONE', 'WORKASPACE' ) );
#713 = LINE ( 'NONE', #6514, #6647 ) ;
#714 = EDGE_LOOP ( 'NONE', ( #4816, #5680, #7070, #4705 ) ) ;
#715 = VECTOR ( 'NONE', #6866, 1000.000000000000000 ) ;
#716 = CARTESIAN_POINT ( 'NONE',  ( -2.000000000000000900, 0.0000000000000000000, 0.1249999999999996800 ) ) ;
#717 = ADVANCED_FACE ( 'NONE', ( #3832 ), #3390, .F. ) ;
#718 = VERTEX_POINT ( 'NONE', #2268 ) ;
#719 = CARTESIAN_POINT ( 'NONE',  ( -0.1250000000000001700, 0.1999999999999999800, -1.999999999999999600 ) ) ;
#720 = AXIS2_PLACEMENT_3D ( 'NONE', #6027, #2527, #1378 ) ;
#721 = DIRECTION ( 'NONE',  ( -1.577021341797107100E-015, 0.0000000000000000000, -1.000000000000000000 ) ) ;
#722 = SURFACE_STYLE_FILL_AREA ( #1455 ) ;
#723 = VERTEX_POINT ( 'NONE', #4 ) ;
#724 = ORIENTED_EDGE ( 'NONE', *, *, #1530, .T. ) ;
#725 = MECHANICAL_DESIGN_GEOMETRIC_PRESENTATION_REPRESENTATION (  '', ( #4462 ), #6751 ) ;
#726 = ADVANCED_FACE ( 'NONE', ( #1288 ), #5733, .T. ) ;
#727 = DIRECTION ( 'NONE',  ( 0.0000000000000000000, -1.000000000000000000, 0.0000000000000000000 ) ) ;
#728 = DIRECTION ( 'NONE',  ( 0.0000000000000000000, 0.0000000000000000000, -1.000000000000000000 ) ) ;
#729 = ORIENTED_EDGE ( 'NONE', *, *, #3533, .T. ) ;
#730 = FACE_OUTER_BOUND ( 'NONE', #6625, .T. ) ;
#731 = CLOSED_SHELL ( 'NONE', ( #1314, #3458, #6755, #969, #7196, #6757, #4365 ) ) ;
#732 = CARTESIAN_POINT ( 'NONE',  ( -2.000000000000000900, 7.256854249492380200, -1.999999999999998700 ) ) ;
#733 = DIRECTION ( 'NONE',  ( -0.0000000000000000000, -1.000000000000000000, -0.0000000000000000000 ) ) ;
#734 = CARTESIAN_POINT ( 'NONE',  ( -2.000000000000001800, 0.6716990566028315800, 0.8749999999999996700 ) ) ;
#735 = ORIENTED_EDGE ( 'NONE', *, *, #4585, .F. ) ;
#736 = CARTESIAN_POINT ( 'NONE',  ( 0.1250000000000009700, 0.1999999999999999800, 2.000000000000000000 ) ) ;
#737 = CIRCLE ( 'NONE', #2512, 0.1250000000000001100 ) ;
#738 = EDGE_CURVE ( 'NONE', #4609, #3023, #5297, .T. ) ;
#739 = EDGE_CURVE ( 'NONE', #808, #2722, #6255, .T. ) ;
#740 = DIRECTION ( 'NONE',  ( 1.000000000000000000, 0.0000000000000000000, 1.577021341797104700E-015 ) ) ;
#741 = CARTESIAN_POINT ( 'NONE',  ( 0.0000000000000000000, 0.8000000000000000400, 0.0000000000000000000 ) ) ;
#742 = CIRCLE ( 'NONE', #991, 0.1250000000000003300 ) ;
#743 = DIRECTION ( 'NONE',  ( 0.0000000000000000000, 0.0000000000000000000, 1.000000000000000000 ) ) ;
#744 = ORIENTED_EDGE ( 'NONE', *, *, #270, .F. ) ;
#745 = FACE_OUTER_BOUND ( 'NONE', #5248, .T. ) ;
#746 = VECTOR ( 'NONE', #692, 1000.000000000000000 ) ;
#747 = CIRCLE ( 'NONE', #2640, 0.1250000000000003300 ) ;
#748 = CARTESIAN_POINT ( 'NONE',  ( -1.000000000000000000, 0.2000000000000000100, -1.725000000000000100 ) ) ;
#749 = ORIENTED_EDGE ( 'NONE', *, *, #2884, .F. ) ;
#750 = ADVANCED_FACE ( 'NONE', ( #2830 ), #850, .F. ) ;
#751 = DIRECTION ( 'NONE',  ( 0.0000000000000000000, 0.0000000000000000000, -1.000000000000000000 ) ) ;
#752 = EDGE_CURVE ( 'NONE', #6522, #7323, #7320, .T. ) ;
#753 = DIRECTION ( 'NONE',  ( 0.0000000000000000000, 0.0000000000000000000, -1.000000000000000000 ) ) ;
#754 = EDGE_LOOP ( 'NONE', ( #6778, #289, #159, #6939 ) ) ;
#755 = FACE_OUTER_BOUND ( 'NONE', #3499, .T. ) ;
#756 = DIRECTION ( 'NONE',  ( 0.0000000000000000000, -1.000000000000000000, 0.0000000000000000000 ) ) ;
#757 = COLOUR_RGB ( '',0.7921568627450980000, 0.8196078431372548800, 0.9333333333333333500 ) ;
#758 = ORIENTED_EDGE ( 'NONE', *, *, #4003, .F. ) ;
#759 = DIRECTION ( 'NONE',  ( -1.000000000000000000, 0.0000000000000000000, -1.734723475976802600E-015 ) ) ;
#760 = DIRECTION ( 'NONE',  ( 0.0000000000000000000, -1.000000000000000000, 0.0000000000000000000 ) ) ;
#761 = CARTESIAN_POINT ( 'NONE',  ( -1.124999999999999800, 0.6716990566028308000, 1.999999999999999600 ) ) ;
#762 = CARTESIAN_POINT ( 'NONE',  ( -1.300000000000000000, 3.876955262170047600, -1.175000000000000000 ) ) ;
#763 = LINE ( 'NONE', #88, #5476 ) ;
#764 = FACE_OUTER_BOUND ( 'NONE', #1877, .T. ) ;
#765 = CARTESIAN_POINT ( 'NONE',  ( 1.300000000000000000, 0.2000000000000000900, 1.174999999999999400 ) ) ;
#766 = SURFACE_STYLE_USAGE ( .BOTH. , #3710 ) ;
#767 = ORIENTED_EDGE ( 'NONE', *, *, #4343, .T. ) ;
#768 = DIRECTION ( 'NONE',  ( -7.885106708985459500E-016, 0.0000000000000000000, 1.000000000000000000 ) ) ;
#769 = CARTESIAN_POINT ( 'NONE',  ( 1.000000000000000000, 0.2000000000000000100, 1.725000000000001000 ) ) ;
#770 = CARTESIAN_POINT ( 'NONE',  ( 0.1250000000000003300, 0.04999999999999999600, 1.725000000000001200 ) ) ;
#771 = ORIENTED_EDGE ( 'NONE', *, *, #7068, .F. ) ;
#772 = LINE ( 'NONE', #300, #5233 ) ;
#773 = VERTEX_POINT ( 'NONE', #5711 ) ;
#774 = DIRECTION ( 'NONE',  ( 0.0000000000000000000, -1.000000000000000000, 0.0000000000000000000 ) ) ;
#775 = VECTOR ( 'NONE', #2726, 1000.000000000000000 ) ;
#776 = DIRECTION ( 'NONE',  ( -0.0000000000000000000, -0.0000000000000000000, 1.000000000000000000 ) ) ;
#777 = DIRECTION ( 'NONE',  ( 0.0000000000000000000, -0.0000000000000000000, -1.000000000000000000 ) ) ;
#778 = ORIENTED_EDGE ( 'NONE', *, *, #2050, .F. ) ;
#779 = CIRCLE ( 'NONE', #6638, 0.1250000000000001100 ) ;
#780 = ORIENTED_EDGE ( 'NONE', *, *, #3165, .F. ) ;
#781 = CARTESIAN_POINT ( 'NONE',  ( 1.725000000000000300, 0.05000000000000002400, 0.9999999999999997800 ) ) ;
#782 = EDGE_CURVE ( 'NONE', #1093, #4439, #487, .T. ) ;
#783 = LINE ( 'NONE', #3174, #2958 ) ;
#784 = EDGE_LOOP ( 'NONE', ( #1135, #388, #3061, #3804 ) ) ;
#785 = DIRECTION ( 'NONE',  ( 3.469446951953614200E-015, 0.0000000000000000000, -1.000000000000000000 ) ) ;
#786 = CARTESIAN_POINT ( 'NONE',  ( 1.174999999999999800, 0.2000000000000000900, 1.300000000000000300 ) ) ;
#787 = EDGE_LOOP ( 'NONE', ( #3942, #380, #4894, #1424 ) ) ;
#788 = CARTESIAN_POINT ( 'NONE',  ( -0.3749999999999996700, 0.04999999999999999600, 1.725000000000001200 ) ) ;
#789 = EDGE_CURVE ( 'NONE', #2034, #5089, #2467, .T. ) ;
#790 = FACE_OUTER_BOUND ( 'NONE', #5168, .T. ) ;
#791 = ORIENTED_EDGE ( 'NONE', *, *, #842, .T. ) ;
#792 = AXIS2_PLACEMENT_3D ( 'NONE', #1064, #1091, #7430 ) ;
#793 = ADVANCED_FACE ( 'NONE', ( #3202 ), #48, .T. ) ;
#794 = FACE_OUTER_BOUND ( 'NONE', #136, .T. ) ;
#795 = ORIENTED_EDGE ( 'NONE', *, *, #6808, .T. ) ;
#796 = CARTESIAN_POINT ( 'NONE',  ( 0.3749999999999996700, 0.2000000000000000100, -1.725000000000000800 ) ) ;
#797 = EDGE_LOOP ( 'NONE', ( #4562, #1932, #1187, #459 ) ) ;
#798 = FACE_OUTER_BOUND ( 'NONE', #4783, .T. ) ;
#799 = EDGE_LOOP ( 'NONE', ( #4155, #40, #3977, #985 ) ) ;
#800 = EDGE_LOOP ( 'NONE', ( #2522, #5295, #705, #6756 ) ) ;
#801 = DIRECTION ( 'NONE',  ( 0.0000000000000000000, 0.0000000000000000000, -1.000000000000000000 ) ) ;
#802 = EDGE_CURVE ( 'NONE', #7393, #2734, #303, .T. ) ;
#803 = DIRECTION ( 'NONE',  ( 1.000000000000000000, 0.0000000000000000000, 0.0000000000000000000 ) ) ;
#804 = EDGE_CURVE ( 'NONE', #1549, #2442, #1384, .T. ) ;
#805 = EDGE_CURVE ( 'NONE', #5339, #4700, #3938, .T. ) ;
#806 = VECTOR ( 'NONE', #5776, 1000.000000000000000 ) ;
#807 = ORIENTED_EDGE ( 'NONE', *, *, #4434, .T. ) ;
#808 = VERTEX_POINT ( 'NONE', #4729 ) ;
#809 = CARTESIAN_POINT ( 'NONE',  ( -1.725000000000000800, 0.0000000000000000000, 0.1249999999999996800 ) ) ;
#810 = ORIENTED_EDGE ( 'NONE', *, *, #7111, .F. ) ;
#811 = CARTESIAN_POINT ( 'NONE',  ( -0.5000000000000000000, 0.2000000000000000100, 1.725000000000001000 ) ) ;
#812 = AXIS2_PLACEMENT_3D ( 'NONE', #4914, #305, #6553 ) ;
#813 = DIRECTION ( 'NONE',  ( 1.000000000000000000, -0.0000000000000000000, 0.0000000000000000000 ) ) ;
#814 = EDGE_LOOP ( 'NONE', ( #6807, #1303, #6890, #1693 ) ) ;
#815 = ORIENTED_EDGE ( 'NONE', *, *, #5782, .F. ) ;
#816 = PLANE ( 'NONE',  #3191 ) ;
#817 = CARTESIAN_POINT ( 'NONE',  ( 1.999999999999999100, 7.256854249492380200, 2.000000000000000900 ) ) ;
#818 = MECHANICAL_DESIGN_GEOMETRIC_PRESENTATION_REPRESENTATION (  '', ( #436 ), #6791 ) ;
#819 = EDGE_LOOP ( 'NONE', ( #6017, #3679, #1781, #6738 ) ) ;
#820 = DIRECTION ( 'NONE',  ( 0.0000000000000000000, 0.0000000000000000000, 1.000000000000000000 ) ) ;
#821 = DIRECTION ( 'NONE',  ( -0.0000000000000000000, -1.000000000000000000, -0.0000000000000000000 ) ) ;
#822 = CIRCLE ( 'NONE', #1962, 0.1250000000000003300 ) ;
#823 = DIRECTION ( 'NONE',  ( -0.0000000000000000000, -1.000000000000000000, 0.0000000000000000000 ) ) ;
#824 = DIRECTION ( 'NONE',  ( 1.734723475976802600E-015, -0.0000000000000000000, 1.000000000000000000 ) ) ;
#825 = ORIENTED_EDGE ( 'NONE', *, *, #1721, .F. ) ;
#826 = DIRECTION ( 'NONE',  ( 0.0000000000000000000, -1.000000000000000000, 0.0000000000000000000 ) ) ;
#827 = CIRCLE ( 'NONE', #6271, 0.1250000000000003300 ) ;
#828 = ADVANCED_FACE ( 'NONE', ( #6690 ), #3481, .T. ) ;
#829 = DIRECTION ( 'NONE',  ( 0.0000000000000000000, 0.0000000000000000000, -1.000000000000000000 ) ) ;
#830 = PLANE ( 'NONE',  #1863 ) ;
#831 = EDGE_CURVE ( 'NONE', #6552, #5078, #2382, .T. ) ;
#832 = EDGE_LOOP ( 'NONE', ( #3842, #4548, #2926, #780, #4530 ) ) ;
#833 = CARTESIAN_POINT ( 'NONE',  ( 1.725000000000000800, 0.6716990566028315800, 1.124999999999999800 ) ) ;
#834 = CARTESIAN_POINT ( 'NONE',  ( -2.000000000000000900, 0.8000000000000020400, 2.000000000000001300 ) ) ;
#835 = FACE_OUTER_BOUND ( 'NONE', #1370, .T. ) ;
#836 = EDGE_LOOP ( 'NONE', ( #5472, #4083, #3248, #6764 ) ) ;
#837 = LINE ( 'NONE', #2364, #2370 ) ;
#838 = PLANE ( 'NONE',  #4703 ) ;
#839 = CARTESIAN_POINT ( 'NONE',  ( -0.3749999999999990600, 0.0000000000000000000, 2.000000000000000000 ) ) ;
#840 = CARTESIAN_POINT ( 'NONE',  ( 1.999999999999999100, 0.1999999999999996500, -0.1250000000000001100 ) ) ;
#841 = VECTOR ( 'NONE', #953, 1000.000000000000000 ) ;
#842 = EDGE_CURVE ( 'NONE', #5052, #3263, #6515, .T. ) ;
#843 = ORIENTED_EDGE ( 'NONE', *, *, #3666, .F. ) ;
#844 = VERTEX_POINT ( 'NONE', #4774 ) ;
#845 = EDGE_CURVE ( 'NONE', #3692, #2865, #392, .T. ) ;
#846 = CARTESIAN_POINT ( 'NONE',  ( -1.611480854806852200, 0.8000000000000000400, -1.611480854806850400 ) ) ;
#847 = CARTESIAN_POINT ( 'NONE',  ( -1.725000000000000800, 0.6716990566028315800, 0.6249999999999996700 ) ) ;
#848 = AXIS2_PLACEMENT_3D ( 'NONE', #348, #915, #1505 ) ;
#849 = DIRECTION ( 'NONE',  ( 0.0000000000000000000, 1.000000000000000000, 0.0000000000000000000 ) ) ;
#850 = CYLINDRICAL_SURFACE ( 'NONE', #115, 0.1250000000000001100 ) ;
#851 = VECTOR ( 'NONE', #4268, 1000.000000000000000 ) ;
#852 = DIRECTION ( 'NONE',  ( -0.0000000000000000000, -1.000000000000000000, -0.0000000000000000000 ) ) ;
#853 = ORIENTED_EDGE ( 'NONE', *, *, #3300, .F. ) ;
#854 = VECTOR ( 'NONE', #1286, 1000.000000000000000 ) ;
#855 = DIRECTION ( 'NONE',  ( 0.0000000000000000000, -1.000000000000000000, 0.0000000000000000000 ) ) ;
#856 = VECTOR ( 'NONE', #1193, 1000.000000000000000 ) ;
#857 = CARTESIAN_POINT ( 'NONE',  ( 1.725000000000000800, 0.05000000000000002400, -1.125000000000000400 ) ) ;
#858 = AXIS2_PLACEMENT_3D ( 'NONE', #4064, #4790, #3059 ) ;
#859 = DIRECTION ( 'NONE',  ( 0.0000000000000000000, 0.0000000000000000000, 1.000000000000000000 ) ) ;
#860 = AXIS2_PLACEMENT_3D ( 'NONE', #6066, #1423, #3734 ) ;
#861 = VERTEX_POINT ( 'NONE', #1419 ) ;
#862 = ORIENTED_EDGE ( 'NONE', *, *, #3915, .F. ) ;
#863 = DIRECTION ( 'NONE',  ( 1.577021341797104700E-015, -0.0000000000000000000, 1.000000000000000000 ) ) ;
#864 = DIRECTION ( 'NONE',  ( 0.0000000000000000000, -1.000000000000000000, 0.0000000000000000000 ) ) ;
#865 = ADVANCED_FACE ( 'NONE', ( #3676 ), #5569, .T. ) ;
#866 = CIRCLE ( 'NONE', #2452, 0.1250000000000003300 ) ;
#867 = ORIENTED_EDGE ( 'NONE', *, *, #3899, .T. ) ;
#868 = LINE ( 'NONE', #1802, #1783 ) ;
#869 = ORIENTED_EDGE ( 'NONE', *, *, #6526, .F. ) ;
#870 = DIRECTION ( 'NONE',  ( -1.000000000000000000, 0.0000000000000000000, -7.885106708985459500E-016 ) ) ;
#871 = DIRECTION ( 'NONE',  ( -0.0000000000000000000, 0.0000000000000000000, -1.000000000000000000 ) ) ;
#872 = DIRECTION ( 'NONE',  ( 0.0000000000000000000, 1.000000000000000000, 0.0000000000000000000 ) ) ;
#873 = CARTESIAN_POINT ( 'NONE',  ( 0.0000000000000000000, 0.1999999999999999800, 1.600000000000000800 ) ) ;
#874 = FACE_OUTER_BOUND ( 'NONE', #5159, .T. ) ;
#875 = ORIENTED_EDGE ( 'NONE', *, *, #1811, .T. ) ;
#876 = VECTOR ( 'NONE', #1025, 1000.000000000000000 ) ;
#877 = ORIENTED_EDGE ( 'NONE', *, *, #3114, .F. ) ;
#878 = CIRCLE ( 'NONE', #7291, 0.1250000000000001100 ) ;
#879 = VERTEX_POINT ( 'NONE', #288 ) ;
#880 = ORIENTED_EDGE ( 'NONE', *, *, #1362, .F. ) ;
#881 = FACE_OUTER_BOUND ( 'NONE', #4793, .T. ) ;
#882 = CARTESIAN_POINT ( 'NONE',  ( -0.5000000000000000000, 0.04999999999999999600, 1.600000000000000800 ) ) ;
#883 = ORIENTED_EDGE ( 'NONE', *, *, #5171, .F. ) ;
#884 = VERTEX_POINT ( 'NONE', #1981 ) ;
#885 = EDGE_CURVE ( 'NONE', #190, #2862, #3661, .T. ) ;
#886 = DIRECTION ( 'NONE',  ( -3.469446951953614200E-015, 0.0000000000000000000, 1.000000000000000000 ) ) ;
#887 = CARTESIAN_POINT ( 'NONE',  ( 0.6250000000000003300, 0.04999999999999999600, 1.725000000000001200 ) ) ;
#888 = DIRECTION ( 'NONE',  ( -1.577021341797104500E-015, 0.0000000000000000000, 1.000000000000000000 ) ) ;
#889 = EDGE_CURVE ( 'NONE', #3247, #5621, #2279, .T. ) ;
#890 = CARTESIAN_POINT ( 'NONE',  ( -0.5000000000000000000, 0.2000000000000000100, -1.725000000000000100 ) ) ;
#891 = EDGE_LOOP ( 'NONE', ( #3538, #6023, #3881, #6958 ) ) ;
#892 = EDGE_LOOP ( 'NONE', ( #6475, #7276, #3422, #6034 ) ) ;
#893 = AXIS2_PLACEMENT_3D ( 'NONE', #5371, #4229, #6454 ) ;
#894 = ORIENTED_EDGE ( 'NONE', *, *, #4731, .F. ) ;
#895 = CARTESIAN_POINT ( 'NONE',  ( -0.5000000000000000000, 0.04999999999999999600, -1.725000000000000100 ) ) ;
#896 = CYLINDRICAL_SURFACE ( 'NONE', #4919, 0.1250000000000003300 ) ;
#897 = ORIENTED_EDGE ( 'NONE', *, *, #5171, .T. ) ;
#898 = CARTESIAN_POINT ( 'NONE',  ( 0.5000000000000000000, 0.6716990566028308000, -1.725000000000000100 ) ) ;
#899 = UNCERTAINTY_MEASURE_WITH_UNIT (LENGTH_MEASURE( 1.000000000000000100E-005 ), #5259, 'distance_accuracy_value', 'NONE');
#900 = ORIENTED_EDGE ( 'NONE', *, *, #454, .F. ) ;
#901 = EDGE_CURVE ( 'NONE', #2159, #6570, #2744, .T. ) ;
#902 = ADVANCED_FACE ( 'NONE', ( #6341 ), #3067, .F. ) ;
#903 = EDGE_LOOP ( 'NONE', ( #6728, #134, #4802, #3439 ) ) ;
#904 = CARTESIAN_POINT ( 'NONE',  ( -0.3749999999999990600, 0.2000000000000000100, 2.000000000000000000 ) ) ;
#905 = AXIS2_PLACEMENT_3D ( 'NONE', #5030, #4983, #352 ) ;
#906 = LINE ( 'NONE', #6055, #5623 ) ;
#907 = DIRECTION ( 'NONE',  ( 1.577021341797104700E-015, 0.0000000000000000000, 1.000000000000000000 ) ) ;
#908 = ORIENTED_EDGE ( 'NONE', *, *, #4594, .T. ) ;
#909 = CARTESIAN_POINT ( 'NONE',  ( -2.000000000000001800, 0.1999999999999999800, -0.1250000000000003300 ) ) ;
#910 = FACE_OUTER_BOUND ( 'NONE', #2545, .T. ) ;
#911 = VERTEX_POINT ( 'NONE', #2153 ) ;
#912 = LINE ( 'NONE', #4430, #7041 ) ;
#913 = LINE ( 'NONE', #7186, #4994 ) ;
#914 = DIRECTION ( 'NONE',  ( 0.0000000000000000000, -0.0000000000000000000, 1.000000000000000000 ) ) ;
#915 = DIRECTION ( 'NONE',  ( -1.000000000000000000, 0.0000000000000000000, -1.577021341797104500E-015 ) ) ;
#916 = CIRCLE ( 'NONE', #5424, 0.1250000000000001100 ) ;
#917 = VERTEX_POINT ( 'NONE', #4468 ) ;
#918 = DIRECTION ( 'NONE',  ( 0.0000000000000000000, -1.000000000000000000, 0.0000000000000000000 ) ) ;
#919 = LINE ( 'NONE', #5435, #2557 ) ;
#920 = EDGE_CURVE ( 'NONE', #2865, #440, #3444, .T. ) ;
#921 = DIRECTION ( 'NONE',  ( -0.0000000000000000000, -0.0000000000000000000, 1.000000000000000000 ) ) ;
#922 = VECTOR ( 'NONE', #1325, 1000.000000000000000 ) ;
#923 = EDGE_CURVE ( 'NONE', #4263, #272, #6483, .T. ) ;
#924 = CIRCLE ( 'NONE', #6116, 0.1250000000000003300 ) ;
#925 = ORIENTED_EDGE ( 'NONE', *, *, #6092, .F. ) ;
#926 = DIRECTION ( 'NONE',  ( 0.0000000000000000000, -0.0000000000000000000, -1.000000000000000000 ) ) ;
#927 = DIRECTION ( 'NONE',  ( 0.0000000000000000000, -1.000000000000000000, 0.0000000000000000000 ) ) ;
#928 = PLANE ( 'NONE',  #5926 ) ;
#929 = EDGE_CURVE ( 'NONE', #1883, #4742, #5777, .T. ) ;
#930 = ADVANCED_FACE ( 'NONE', ( #4433 ), #6653, .T. ) ;
#931 = FACE_OUTER_BOUND ( 'NONE', #892, .T. ) ;
#932 = DIRECTION ( 'NONE',  ( 0.0000000000000000000, -1.000000000000000000, 0.0000000000000000000 ) ) ;
#933 = ADVANCED_FACE ( 'NONE', ( #2790 ), #3249, .F. ) ;
#934 = LINE ( 'NONE', #5146, #5211 ) ;
#935 = ORIENTED_EDGE ( 'NONE', *, *, #3269, .T. ) ;
#936 = EDGE_CURVE ( 'NONE', #3526, #3100, #7476, .T. ) ;
#937 = AXIS2_PLACEMENT_3D ( 'NONE', #1260, #3722, #6426 ) ;
#938 = CARTESIAN_POINT ( 'NONE',  ( -0.1250000000000001100, 0.04999999999999999600, 1.725000000000001200 ) ) ;
#939 = VECTOR ( 'NONE', #4019, 1000.000000000000000 ) ;
#940 = DIRECTION ( 'NONE',  ( 0.0000000000000000000, -0.0000000000000000000, 1.000000000000000000 ) ) ;
#941 = VECTOR ( 'NONE', #2358, 1000.000000000000000 ) ;
#942 = AXIS2_PLACEMENT_3D ( 'NONE', #5801, #6390, #2919 ) ;
#943 = VECTOR ( 'NONE', #188, 1000.000000000000000 ) ;
#944 = ORIENTED_EDGE ( 'NONE', *, *, #1223, .F. ) ;
#945 = CIRCLE ( 'NONE', #3972, 0.1250000000000003300 ) ;
#946 = AXIS2_PLACEMENT_3D ( 'NONE', #193, #1936, #4813 ) ;
#947 = VERTEX_POINT ( 'NONE', #5720 ) ;
#948 = DIRECTION ( 'NONE',  ( -0.0000000000000000000, -1.000000000000000000, -0.0000000000000000000 ) ) ;
#949 = DIRECTION ( 'NONE',  ( 0.0000000000000000000, -1.000000000000000000, 0.0000000000000000000 ) ) ;
#950 = AXIS2_PLACEMENT_3D ( 'NONE', #5104, #2762, #3978 ) ;
#951 = CARTESIAN_POINT ( 'NONE',  ( 0.5000000000000000000, 0.2000000000000000100, 1.725000000000001000 ) ) ;
#952 = ORIENTED_EDGE ( 'NONE', *, *, #3845, .T. ) ;
#953 = DIRECTION ( 'NONE',  ( -0.0000000000000000000, -1.000000000000000000, -0.0000000000000000000 ) ) ;
#954 = ORIENTED_EDGE ( 'NONE', *, *, #3024, .F. ) ;
#955 = DIRECTION ( 'NONE',  ( 0.0000000000000000000, 1.000000000000000000, 0.0000000000000000000 ) ) ;
#956 = CIRCLE ( 'NONE', #1283, 0.1250000000000001100 ) ;
#957 = ORIENTED_EDGE ( 'NONE', *, *, #3114, .T. ) ;
#958 = ORIENTED_EDGE ( 'NONE', *, *, #417, .T. ) ;
#959 = ORIENTED_EDGE ( 'NONE', *, *, #656, .F. ) ;
#960 = EDGE_CURVE ( 'NONE', #5851, #1219, #2432, .T. ) ;
#961 = FACE_OUTER_BOUND ( 'NONE', #5522, .T. ) ;
#962 = ORIENTED_EDGE ( 'NONE', *, *, #6811, .F. ) ;
#963 = FILL_AREA_STYLE ('',( #5053 ) ) ;
#964 = VERTEX_POINT ( 'NONE', #2254 ) ;
#965 = LINE ( 'NONE', #3636, #5160 ) ;
#966 = ORIENTED_EDGE ( 'NONE', *, *, #5365, .T. ) ;
#967 = EDGE_LOOP ( 'NONE', ( #5600, #3229, #394, #1937 ) ) ;
#968 = ADVANCED_FACE ( 'NONE', ( #1526 ), #3939, .F. ) ;
#969 = ADVANCED_FACE ( 'NONE', ( #2890 ), #6256, .F. ) ;
#970 = CARTESIAN_POINT ( 'NONE',  ( -1.000000000000000000, 0.2000000000000000100, 1.725000000000001000 ) ) ;
#971 = LINE ( 'NONE', #540, #5697 ) ;
#972 = ORIENTED_EDGE ( 'NONE', *, *, #704, .F. ) ;
#973 = ORIENTED_EDGE ( 'NONE', *, *, #1946, .F. ) ;
#974 = VERTEX_POINT ( 'NONE', #5768 ) ;
#975 = EDGE_CURVE ( 'NONE', #5453, #2967, #5260, .T. ) ;
#976 = CARTESIAN_POINT ( 'NONE',  ( -0.3749999999999998900, 0.0000000000000000000, -1.725000000000001200 ) ) ;
#977 = DIRECTION ( 'NONE',  ( 0.0000000000000000000, -1.000000000000000000, 0.0000000000000000000 ) ) ;
#978 = EDGE_CURVE ( 'NONE', #5339, #83, #4251, .T. ) ;
#979 = AXIS2_PLACEMENT_3D ( 'NONE', #4673, #3482, #1751 ) ;
#980 = CARTESIAN_POINT ( 'NONE',  ( -1.000000000000000000, 0.2000000000000000100, -1.725000000000000100 ) ) ;
#981 = ORIENTED_EDGE ( 'NONE', *, *, #4380, .F. ) ;
#982 = ORIENTED_EDGE ( 'NONE', *, *, #1765, .T. ) ;
#983 = AXIS2_PLACEMENT_3D ( 'NONE', #6363, #4706, #4041 ) ;
#984 = PLANE ( 'NONE',  #3320 ) ;
#985 = ORIENTED_EDGE ( 'NONE', *, *, #2688, .F. ) ;
#986 = EDGE_CURVE ( 'NONE', #3035, #7121, #5948, .T. ) ;
#987 = AXIS2_PLACEMENT_3D ( 'NONE', #1256, #7017, #169 ) ;
#988 = PLANE ( 'NONE',  #467 ) ;
#989 = CIRCLE ( 'NONE', #658, 0.1250000000000003300 ) ;
#990 = CARTESIAN_POINT ( 'NONE',  ( 1.175000000000000000, 0.2000000000000000900, -1.299999999999999800 ) ) ;
#991 = AXIS2_PLACEMENT_3D ( 'NONE', #5346, #2447, #2577 ) ;
#992 = ORIENTED_EDGE ( 'NONE', *, *, #2550, .F. ) ;
#993 = CARTESIAN_POINT ( 'NONE',  ( 0.0000000000000000000, 0.2000000000000000100, 1.725000000000001000 ) ) ;
#994 = CARTESIAN_POINT ( 'NONE',  ( 1.999999999999999100, 7.256854249492380200, 2.000000000000000900 ) ) ;
#995 = CARTESIAN_POINT ( 'NONE',  ( -1.300000000000000000, 3.876955262170047600, 1.174999999999999600 ) ) ;
#996 = LINE ( 'NONE', #5351, #6332 ) ;
#997 = CARTESIAN_POINT ( 'NONE',  ( -1.000000000000000000, 0.2000000000000000100, -1.725000000000000100 ) ) ;
#998 = CARTESIAN_POINT ( 'NONE',  ( 1.000000000000000000, 0.6716990566028308000, -1.725000000000000100 ) ) ;
#999 = ORIENTED_EDGE ( 'NONE', *, *, #5547, .F. ) ;
#1000 = DIRECTION ( 'NONE',  ( -0.0000000000000000000, -1.000000000000000000, -0.0000000000000000000 ) ) ;
#1001 =( LENGTH_UNIT ( ) NAMED_UNIT ( * ) SI_UNIT ( .MILLI., .METRE. ) );
#1002 = LINE ( 'NONE', #2938, #5809 ) ;
#1003 = ORIENTED_EDGE ( 'NONE', *, *, #5308, .T. ) ;
#1004 = ADVANCED_FACE ( 'NONE', ( #4627 ), #4597, .F. ) ;
#1005 = FACE_OUTER_BOUND ( 'NONE', #5523, .T. ) ;
#1006 = ADVANCED_FACE ( 'NONE', ( #4081 ), #896, .T. ) ;
#1007 = CARTESIAN_POINT ( 'NONE',  ( -1.725000000000000800, 0.6716990566028315800, -0.3750000000000003300 ) ) ;
#1008 = LINE ( 'NONE', #6773, #6783 ) ;
#1009 = EDGE_LOOP ( 'NONE', ( #1400, #4205, #7094, #4775 ) ) ;
#1010 = EDGE_LOOP ( 'NONE', ( #7181, #1714, #3884, #4057 ) ) ;
#1011 = VECTOR ( 'NONE', #3525, 1000.000000000000000 ) ;
#1012 = DIRECTION ( 'NONE',  ( 0.0000000000000000000, 0.0000000000000000000, -1.000000000000000000 ) ) ;
#1013 = FACE_OUTER_BOUND ( 'NONE', #5457, .T. ) ;
#1014 = EDGE_CURVE ( 'NONE', #6518, #1549, #971, .T. ) ;
#1015 = VERTEX_POINT ( 'NONE', #1114 ) ;
#1016 = CARTESIAN_POINT ( 'NONE',  ( 1.725000000000000300, 0.0000000000000000000, -0.5000000000000002200 ) ) ;
#1017 = EDGE_CURVE ( 'NONE', #4156, #3885, #2701, .T. ) ;
#1018 = DIRECTION ( 'NONE',  ( 0.0000000000000000000, 1.000000000000000000, -0.0000000000000000000 ) ) ;
#1019 = CARTESIAN_POINT ( 'NONE',  ( -1.725000000000000800, 0.1999999999999999800, 0.6249999999999996700 ) ) ;
#1020 = LINE ( 'NONE', #6983, #4757 ) ;
#1021 = AXIS2_PLACEMENT_3D ( 'NONE', #5795, #6937, #2328 ) ;
#1022 = CARTESIAN_POINT ( 'NONE',  ( 2.000000000000000900, 0.1999999999999999800, -0.3750000000000003300 ) ) ;
#1023 = FILL_AREA_STYLE_COLOUR ( '', #2365 ) ;
#1024 = CARTESIAN_POINT ( 'NONE',  ( 1.725000000000000800, 0.05000000000000002400, -0.3750000000000003300 ) ) ;
#1025 = DIRECTION ( 'NONE',  ( -1.577021341797107100E-015, 0.0000000000000000000, -1.000000000000000000 ) ) ;
#1026 = ORIENTED_EDGE ( 'NONE', *, *, #4259, .F. ) ;
#1027 = LINE ( 'NONE', #7155, #5832 ) ;
#1028 = DIRECTION ( 'NONE',  ( -0.0000000000000000000, -1.000000000000000000, -0.0000000000000000000 ) ) ;
#1029 = CARTESIAN_POINT ( 'NONE',  ( -2.000000000000000900, 0.6716990566028315800, 0.1249999999999996800 ) ) ;
#1030 = ORIENTED_EDGE ( 'NONE', *, *, #4475, .T. ) ;
#1031 = EDGE_CURVE ( 'NONE', #6110, #964, #1341, .T. ) ;
#1032 = ORIENTED_EDGE ( 'NONE', *, *, #359, .T. ) ;
#1033 = DIRECTION ( 'NONE',  ( 1.577021341797104500E-015, 0.0000000000000000000, 1.000000000000000000 ) ) ;
#1034 = AXIS2_PLACEMENT_3D ( 'NONE', #6714, #2797, #1047 ) ;
#1035 = DIRECTION ( 'NONE',  ( -0.0000000000000000000, -1.000000000000000000, 0.0000000000000000000 ) ) ;
#1036 = VECTOR ( 'NONE', #411, 1000.000000000000000 ) ;
#1037 = AXIS2_PLACEMENT_3D ( 'NONE', #4896, #2046, #6619 ) ;
#1038 = DIRECTION ( 'NONE',  ( 0.0000000000000000000, 0.0000000000000000000, -1.000000000000000000 ) ) ;
#1039 = EDGE_LOOP ( 'NONE', ( #1958, #7084, #3053, #6272 ) ) ;
#1040 = LINE ( 'NONE', #6478, #5490 ) ;
#1041 = ORIENTED_EDGE ( 'NONE', *, *, #58, .F. ) ;
#1042 = ADVANCED_FACE ( 'NONE', ( #7101 ), #1650, .T. ) ;
#1043 = DIRECTION ( 'NONE',  ( 0.0000000000000000000, -1.000000000000000000, 0.0000000000000000000 ) ) ;
#1044 = ADVANCED_FACE ( 'NONE', ( #354 ), #5672, .F. ) ;
#1045 = FACE_OUTER_BOUND ( 'NONE', #1275, .T. ) ;
#1046 = DIRECTION ( 'NONE',  ( -1.000000000000000000, 0.0000000000000000000, 1.084202172485504400E-016 ) ) ;
#1047 = DIRECTION ( 'NONE',  ( 0.0000000000000000000, 0.0000000000000000000, 1.000000000000000000 ) ) ;
#1048 = EDGE_LOOP ( 'NONE', ( #4907, #59, #6803, #6741, #3210 ) ) ;
#1049 = PLANE ( 'NONE',  #2111 ) ;
#1050 = FACE_OUTER_BOUND ( 'NONE', #5607, .T. ) ;
#1051 = CARTESIAN_POINT ( 'NONE',  ( -0.8749999999999994400, 0.2000000000000000100, 1.725000000000001200 ) ) ;
#1052 = EDGE_LOOP ( 'NONE', ( #5247, #6457, #6833, #1527, #2860, #164, #7470, #6997, #1379, #6397, #4234, #3718, #7117, #4199, #972, #2975, #6936, #5207, #1226, #4768, #4222, #105, #253, #7163 ) ) ;
#1053 = DIRECTION ( 'NONE',  ( 0.0000000000000000000, -1.000000000000000000, 0.0000000000000000000 ) ) ;
#1054 = VECTOR ( 'NONE', #4604, 1000.000000000000000 ) ;
#1055 = CARTESIAN_POINT ( 'NONE',  ( -0.3749999999999996700, 0.2000000000000000100, 1.725000000000001200 ) ) ;
#1056 = DIRECTION ( 'NONE',  ( 0.0000000000000000000, 0.0000000000000000000, 1.000000000000000000 ) ) ;
#1057 = CARTESIAN_POINT ( 'NONE',  ( -1.174999999999999400, 0.05000000000000012800, 1.174999999999999600 ) ) ;
#1058 = EDGE_LOOP ( 'NONE', ( #3156, #4634, #3872, #3185 ) ) ;
#1059 = ORIENTED_EDGE ( 'NONE', *, *, #359, .F. ) ;
#1060 = ORIENTED_EDGE ( 'NONE', *, *, #554, .T. ) ;
#1061 = ORIENTED_EDGE ( 'NONE', *, *, #831, .T. ) ;
#1062 = DIRECTION ( 'NONE',  ( -1.577021341797106900E-015, 0.0000000000000000000, -1.000000000000000000 ) ) ;
#1063 = CARTESIAN_POINT ( 'NONE',  ( 1.725000000000000300, 0.0000000000000000000, -2.168404344971008900E-016 ) ) ;
#1064 = CARTESIAN_POINT ( 'NONE',  ( -1.725000000000000300, 0.0000000000000000000, -1.000000000000000400 ) ) ;
#1065 = CIRCLE ( 'NONE', #2542, 0.1250000000000003300 ) ;
#1066 = ORIENTED_EDGE ( 'NONE', *, *, #402, .F. ) ;
#1067 = ORIENTED_EDGE ( 'NONE', *, *, #462, .T. ) ;
#1069 = EDGE_CURVE ( 'NONE', #6730, #2493, #5603, .T. ) ;
#1068 = PLANE ( 'NONE',  #278 ) ;
#1070 = LINE ( 'NONE', #2011, #5527 ) ;
#1071 = ORIENTED_EDGE ( 'NONE', *, *, #4731, .T. ) ;
#1072 = CARTESIAN_POINT ( 'NONE',  ( -1.725000000000000800, 0.05000000000000002400, -0.3750000000000003300 ) ) ;
#1073 = EDGE_CURVE ( 'NONE', #6167, #4079, #1166, .T. ) ;
#1074 = ORIENTED_EDGE ( 'NONE', *, *, #4858, .F. ) ;
#1075 = DIRECTION ( 'NONE',  ( -0.0000000000000000000, -1.000000000000000000, -0.0000000000000000000 ) ) ;
#1076 = DIRECTION ( 'NONE',  ( -0.0000000000000000000, 0.0000000000000000000, 1.000000000000000000 ) ) ;
#1077 = DIRECTION ( 'NONE',  ( -1.000000000000000000, 0.0000000000000000000, 1.577021341797104700E-015 ) ) ;
#1078 = EDGE_CURVE ( 'NONE', #3247, #7385, #1712, .T. ) ;
#1079 = ORIENTED_EDGE ( 'NONE', *, *, #3361, .F. ) ;
#1080 = DIRECTION ( 'NONE',  ( 0.0000000000000000000, -1.000000000000000000, 0.0000000000000000000 ) ) ;
#1081 =( NAMED_UNIT ( * ) PLANE_ANGLE_UNIT ( ) SI_UNIT ( $, .RADIAN. ) );
#1082 = CARTESIAN_POINT ( 'NONE',  ( 1.725000000000000800, 0.6716990566028315800, -0.8750000000000003300 ) ) ;
#1083 = EDGE_CURVE ( 'NONE', #5577, #808, #6310, .T. ) ;
#1084 = DIRECTION ( 'NONE',  ( 1.000000000000000000, -0.0000000000000000000, 0.0000000000000000000 ) ) ;
#1085 = EDGE_CURVE ( 'NONE', #718, #5414, #7020, .T. ) ;
#1086 = LINE ( 'NONE', #5468, #3089 ) ;
#1087 = AXIS2_PLACEMENT_3D ( 'NONE', #1762, #7475, #547 ) ;
#1088 = CARTESIAN_POINT ( 'NONE',  ( 1.999999999999999100, 0.05000000000000000300, 2.000000000000000900 ) ) ;
#1089 = ADVANCED_FACE ( 'NONE', ( #2338 ), #11, .F. ) ;
#1090 = DIRECTION ( 'NONE',  ( 0.0000000000000000000, 1.000000000000000000, 0.0000000000000000000 ) ) ;
#1091 = DIRECTION ( 'NONE',  ( 0.0000000000000000000, -1.000000000000000000, 0.0000000000000000000 ) ) ;
#1092 = ADVANCED_FACE ( 'NONE', ( #5869 ), #6885, .T. ) ;
#1093 = VERTEX_POINT ( 'NONE', #3465 ) ;
#1094 = AXIS2_PLACEMENT_3D ( 'NONE', #1684, #3146, #5507 ) ;
#1095 = DIRECTION ( 'NONE',  ( 0.0000000000000000000, 0.0000000000000000000, -1.000000000000000000 ) ) ;
#1096 = PLANE ( 'NONE',  #5020 ) ;
#1097 = VECTOR ( 'NONE', #3193, 1000.000000000000000 ) ;
#1098 = CARTESIAN_POINT ( 'NONE',  ( 2.000000000000001800, 0.0000000000000000000, -0.6250000000000003300 ) ) ;
#1099 = ORIENTED_EDGE ( 'NONE', *, *, #2668, .T. ) ;
#1100 = AXIS2_PLACEMENT_3D ( 'NONE', #4225, #7162, #279 ) ;
#1101 = CYLINDRICAL_SURFACE ( 'NONE', #573, 0.1250000000000003300 ) ;
#1102 = DIRECTION ( 'NONE',  ( 0.0000000000000000000, -1.000000000000000000, 0.0000000000000000000 ) ) ;
#1103 = VECTOR ( 'NONE', #1890, 1000.000000000000000 ) ;
#1104 = AXIS2_PLACEMENT_3D ( 'NONE', #1889, #5399, #5426 ) ;
#1105 = DIRECTION ( 'NONE',  ( -0.0000000000000000000, -1.000000000000000000, -0.0000000000000000000 ) ) ;
#1106 = FILL_AREA_STYLE_COLOUR ( '', #6540 ) ;
#1107 = DIRECTION ( 'NONE',  ( 0.0000000000000000000, 0.0000000000000000000, -1.000000000000000000 ) ) ;
#1108 = FACE_OUTER_BOUND ( 'NONE', #2276, .T. ) ;
#1109 = ORIENTED_EDGE ( 'NONE', *, *, #6296, .T. ) ;
#1110 = VECTOR ( 'NONE', #1739, 1000.000000000000000 ) ;
#1111 = CARTESIAN_POINT ( 'NONE',  ( -2.000000000000000900, 0.6716990566028315800, 1.124999999999999800 ) ) ;
#1112 = DIRECTION ( 'NONE',  ( 0.0000000000000000000, 1.000000000000000000, -0.0000000000000000000 ) ) ;
#1113 = VECTOR ( 'NONE', #6349, 1000.000000000000000 ) ;
#1114 = CARTESIAN_POINT ( 'NONE',  ( -1.174999999999999400, 0.2000000000000000900, -1.300000000000000300 ) ) ;
#1115 = CARTESIAN_POINT ( 'NONE',  ( 2.000000000000000900, 0.1999999999999999800, 0.6249999999999996700 ) ) ;
#1116 = ORIENTED_EDGE ( 'NONE', *, *, #1660, .F. ) ;
#1117 = DIRECTION ( 'NONE',  ( 0.0000000000000000000, -0.0000000000000000000, 1.000000000000000000 ) ) ;
#1118 = CARTESIAN_POINT ( 'NONE',  ( -0.3749999999999994400, 0.0000000000000000000, -2.000000000000000000 ) ) ;
#1119 = FACE_OUTER_BOUND ( 'NONE', #5950, .T. ) ;
#1120 = LINE ( 'NONE', #6353, #3021 ) ;
#1121 = DIRECTION ( 'NONE',  ( -1.000000000000000000, 0.0000000000000000000, 0.0000000000000000000 ) ) ;
#1122 = ORIENTED_EDGE ( 'NONE', *, *, #4489, .F. ) ;
#1123 = CARTESIAN_POINT ( 'NONE',  ( -1.000000000000000000, 0.2000000000000000100, 1.725000000000001000 ) ) ;
#1124 = ADVANCED_FACE ( 'NONE', ( #6126 ), #2363, .T. ) ;
#1125 = VECTOR ( 'NONE', #5770, 1000.000000000000000 ) ;
#1126 = CARTESIAN_POINT ( 'NONE',  ( -1.725000000000000300, 0.0000000000000000000, 0.9999999999999995600 ) ) ;
#1127 = EDGE_CURVE ( 'NONE', #2379, #5683, #3887, .T. ) ;
#1128 = VECTOR ( 'NONE', #5263, 1000.000000000000000 ) ;
#1129 = DIRECTION ( 'NONE',  ( -1.000000000000000000, 0.0000000000000000000, -0.0000000000000000000 ) ) ;
#1130 = ORIENTED_EDGE ( 'NONE', *, *, #1473, .T. ) ;
#1131 = EDGE_CURVE ( 'NONE', #6652, #2777, #3701, .T. ) ;
#1132 = CARTESIAN_POINT ( 'NONE',  ( -0.8749999999999998900, 0.6716990566028308000, -1.725000000000001200 ) ) ;
#1133 = DIRECTION ( 'NONE',  ( -0.0000000000000000000, -1.000000000000000000, -0.0000000000000000000 ) ) ;
#1134 = PLANE ( 'NONE',  #1573 ) ;
#1135 = ORIENTED_EDGE ( 'NONE', *, *, #6623, .T. ) ;
#1136 = CARTESIAN_POINT ( 'NONE',  ( -1.611480854806852200, 0.6999999999999999600, -1.611480854806850400 ) ) ;
#1137 = FACE_OUTER_BOUND ( 'NONE', #3921, .T. ) ;
#1138 = ORIENTED_EDGE ( 'NONE', *, *, #1571, .F. ) ;
#1139 = DIRECTION ( 'NONE',  ( 0.0000000000000000000, 0.0000000000000000000, 1.000000000000000000 ) ) ;
#1140 = AXIS2_PLACEMENT_3D ( 'NONE', #3079, #6047, #3712 ) ;
#1141 = FACE_OUTER_BOUND ( 'NONE', #6176, .T. ) ;
#1142 = EDGE_CURVE ( 'NONE', #6345, #844, #6838, .T. ) ;
#1143 = ORIENTED_EDGE ( 'NONE', *, *, #5460, .T. ) ;
#1144 = DIRECTION ( 'NONE',  ( -0.0000000000000000000, -1.000000000000000000, -0.0000000000000000000 ) ) ;
#1145 = LINE ( 'NONE', #2323, #6182 ) ;
#1146 = AXIS2_PLACEMENT_3D ( 'NONE', #1371, #1428, #189 ) ;
#1147 = ORIENTED_EDGE ( 'NONE', *, *, #5602, .F. ) ;
#1148 = CARTESIAN_POINT ( 'NONE',  ( 0.6250000000000003300, 0.2000000000000000100, 1.725000000000001200 ) ) ;
#1149 = AXIS2_PLACEMENT_3D ( 'NONE', #6273, #575, #5222 ) ;
#1150 =( GEOMETRIC_REPRESENTATION_CONTEXT ( 3 ) GLOBAL_UNCERTAINTY_ASSIGNED_CONTEXT ( ( #2237 ) ) GLOBAL_UNIT_ASSIGNED_CONTEXT ( ( #4463, #5668, #3397 ) ) REPRESENTATION_CONTEXT ( 'NONE', 'WORKASPACE' ) );
#1151 = CYLINDRICAL_SURFACE ( 'NONE', #6165, 0.1250000000000003300 ) ;
#1152 = DIRECTION ( 'NONE',  ( 0.0000000000000000000, 0.0000000000000000000, 1.000000000000000000 ) ) ;
#1153 = ORIENTED_EDGE ( 'NONE', *, *, #2487, .F. ) ;
#1154 = VERTEX_POINT ( 'NONE', #2524 ) ;
#1155 = VECTOR ( 'NONE', #5907, 1000.000000000000000 ) ;
#1156 = ORIENTED_EDGE ( 'NONE', *, *, #3706, .T. ) ;
#1157 = EDGE_LOOP ( 'NONE', ( #2420, #1059 ) ) ;
#1158 = ORIENTED_EDGE ( 'NONE', *, *, #5509, .T. ) ;
#1159 = VECTOR ( 'NONE', #601, 1000.000000000000000 ) ;
#1160 = EDGE_LOOP ( 'NONE', ( #6929, #1130, #6609, #944 ) ) ;
#1161 = ORIENTED_EDGE ( 'NONE', *, *, #1767, .F. ) ;
#1162 = DIRECTION ( 'NONE',  ( 1.000000000000000000, 0.0000000000000000000, -7.885106708985459500E-016 ) ) ;
#1163 = CARTESIAN_POINT ( 'NONE',  ( 0.8749999999999996700, 0.04999999999999999600, -1.725000000000000800 ) ) ;
#1164 = CARTESIAN_POINT ( 'NONE',  ( -1.725000000000000800, 0.6716990566028315800, 0.1249999999999996800 ) ) ;
#1165 = CARTESIAN_POINT ( 'NONE',  ( -1.300000000000000000, 3.876955262170047600, -0.8750000000000001100 ) ) ;
#1166 = CIRCLE ( 'NONE', #1021, 0.1250000000000003300 ) ;
#1167 = ORIENTED_EDGE ( 'NONE', *, *, #6148, .T. ) ;
#1168 = ORIENTED_EDGE ( 'NONE', *, *, #1265, .T. ) ;
#1169 = DIRECTION ( 'NONE',  ( 0.0000000000000000000, -1.000000000000000000, 0.0000000000000000000 ) ) ;
#1170 = CARTESIAN_POINT ( 'NONE',  ( 1.725000000000000300, 0.6716990566028315800, 0.9999999999999997800 ) ) ;
#1171 = ADVANCED_FACE ( 'NONE', ( #5425 ), #5974, .T. ) ;
#1172 = ORIENTED_EDGE ( 'NONE', *, *, #2731, .T. ) ;
#1173 = ORIENTED_EDGE ( 'NONE', *, *, #4917, .T. ) ;
#1174 = VERTEX_POINT ( 'NONE', #2547 ) ;
#1175 = EDGE_CURVE ( 'NONE', #4945, #7365, #1440, .T. ) ;
#1176 =( NAMED_UNIT ( * ) SI_UNIT ( $, .STERADIAN. ) SOLID_ANGLE_UNIT ( ) );
#1177 = EDGE_CURVE ( 'NONE', #639, #1529, #1257, .T. ) ;
#1178 = EDGE_CURVE ( 'NONE', #5126, #4424, #1070, .T. ) ;
#1179 = ORIENTED_EDGE ( 'NONE', *, *, #6921, .F. ) ;
#1180 = MANIFOLD_SOLID_BREP ( 'LPattern3[8]', #5098 ) ;
#1181 = CARTESIAN_POINT ( 'NONE',  ( -1.174999999999999400, -0.0000000000000000000, -1.300000000000000300 ) ) ;
#1182 = CARTESIAN_POINT ( 'NONE',  ( -1.299999999999999800, 0.2000000000000000900, 1.174999999999999600 ) ) ;
#1183 = CARTESIAN_POINT ( 'NONE',  ( 0.1250000000000005600, 0.2000000000000000100, -2.000000000000000000 ) ) ;
#1184 = FACE_OUTER_BOUND ( 'NONE', #316, .T. ) ;
#1185 = EDGE_CURVE ( 'NONE', #6699, #7153, #7369, .T. ) ;
#1186 = DIRECTION ( 'NONE',  ( 7.885106708985459500E-016, -0.0000000000000000000, 1.000000000000000000 ) ) ;
#1187 = ORIENTED_EDGE ( 'NONE', *, *, #71, .T. ) ;
#1188 = CARTESIAN_POINT ( 'NONE',  ( 1.300000000000000000, 0.2000000000000000900, -1.174999999999999800 ) ) ;
#1189 = EDGE_CURVE ( 'NONE', #4784, #2501, #6395, .T. ) ;
#1190 = SURFACE_SIDE_STYLE ('',( #3511 ) ) ;
#1191 = AXIS2_PLACEMENT_3D ( 'NONE', #6752, #7454, #5148 ) ;
#1192 = VECTOR ( 'NONE', #3681, 1000.000000000000000 ) ;
#1193 = DIRECTION ( 'NONE',  ( 1.000000000000000000, -0.0000000000000000000, 7.885106708985459500E-016 ) ) ;
#1194 = AXIS2_PLACEMENT_3D ( 'NONE', #748, #5920, #5345 ) ;
#1195 = CLOSED_SHELL ( 'NONE', ( #66, #6455, #4443, #3415, #4596, #183 ) ) ;
#1196 = DIRECTION ( 'NONE',  ( 3.469446951953614200E-015, -0.0000000000000000000, 1.000000000000000000 ) ) ;
#1197 = DIRECTION ( 'NONE',  ( -1.000000000000000000, 0.0000000000000000000, -1.577021341797104700E-015 ) ) ;
#1198 = FACE_OUTER_BOUND ( 'NONE', #6376, .T. ) ;
#1199 = ORIENTED_EDGE ( 'NONE', *, *, #1269, .F. ) ;
#1200 = VECTOR ( 'NONE', #2485, 1000.000000000000000 ) ;
#1201 = ADVANCED_FACE ( 'NONE', ( #4615 ), #1373, .T. ) ;
#1202 = LINE ( 'NONE', #2624, #5638 ) ;
#1203 = EDGE_LOOP ( 'NONE', ( #341, #6430, #7185, #4319 ) ) ;
#1204 = ORIENTED_EDGE ( 'NONE', *, *, #68, .T. ) ;
#1205 = CYLINDRICAL_SURFACE ( 'NONE', #1899, 0.1250000000000003300 ) ;
#1206 =( NAMED_UNIT ( * ) PLANE_ANGLE_UNIT ( ) SI_UNIT ( $, .RADIAN. ) );
#1207 = ORIENTED_EDGE ( 'NONE', *, *, #4145, .F. ) ;
#1208 = CARTESIAN_POINT ( 'NONE',  ( -1.000000000000000000, 0.6716990566028308000, 1.600000000000000800 ) ) ;
#1209 = CARTESIAN_POINT ( 'NONE',  ( -0.5000000000000000000, 0.0000000000000000000, -1.725000000000000100 ) ) ;
#1210 = DIRECTION ( 'NONE',  ( -0.0000000000000000000, -1.000000000000000000, -0.0000000000000000000 ) ) ;
#1211 = LINE ( 'NONE', #2866, #5908 ) ;
#1212 = CARTESIAN_POINT ( 'NONE',  ( 1.999999999999999100, 0.05000000000000000300, 2.000000000000000900 ) ) ;
#1213 = VECTOR ( 'NONE', #4071, 1000.000000000000000 ) ;
#1214 = EDGE_CURVE ( 'NONE', #4331, #7326, #6829, .T. ) ;
#1215 = VERTEX_POINT ( 'NONE', #4832 ) ;
#1216 = LINE ( 'NONE', #3099, #2581 ) ;
#1217 = UNCERTAINTY_MEASURE_WITH_UNIT (LENGTH_MEASURE( 1.000000000000000100E-005 ), #4054, 'distance_accuracy_value', 'NONE');
#1218 = ORIENTED_EDGE ( 'NONE', *, *, #5072, .T. ) ;
#1219 = VERTEX_POINT ( 'NONE', #3129 ) ;
#1220 = DIRECTION ( 'NONE',  ( 0.0000000000000000000, 1.000000000000000000, 0.0000000000000000000 ) ) ;
#1221 = DIRECTION ( 'NONE',  ( 0.0000000000000000000, 1.000000000000000000, 0.0000000000000000000 ) ) ;
#1222 = CARTESIAN_POINT ( 'NONE',  ( -0.6250000000000003300, 0.0000000000000000000, -1.725000000000000800 ) ) ;
#1223 = EDGE_CURVE ( 'NONE', #7373, #3434, #713, .T. ) ;
#1224 = DIRECTION ( 'NONE',  ( 0.0000000000000000000, -1.000000000000000000, 0.0000000000000000000 ) ) ;
#1225 = PLANE ( 'NONE',  #4791 ) ;
#1226 = ORIENTED_EDGE ( 'NONE', *, *, #5874, .F. ) ;
#1227 = EDGE_CURVE ( 'NONE', #3788, #2761, #5862, .T. ) ;
#1228 = FACE_OUTER_BOUND ( 'NONE', #6749, .T. ) ;
#1229 = VERTEX_POINT ( 'NONE', #4996 ) ;
#1230 = AXIS2_PLACEMENT_3D ( 'NONE', #2514, #7010, #1894 ) ;
#1231 = DIRECTION ( 'NONE',  ( -0.0000000000000000000, -1.000000000000000000, -0.0000000000000000000 ) ) ;
#1232 = LINE ( 'NONE', #7152, #4605 ) ;
#1233 = DIRECTION ( 'NONE',  ( 0.0000000000000000000, -1.000000000000000000, 0.0000000000000000000 ) ) ;
#1234 = DIRECTION ( 'NONE',  ( -0.0000000000000000000, -1.000000000000000000, -0.0000000000000000000 ) ) ;
#1235 = DIRECTION ( 'NONE',  ( -0.0000000000000000000, -1.000000000000000000, -0.0000000000000000000 ) ) ;
#1236 = AXIS2_PLACEMENT_3D ( 'NONE', #3561, #1349, #239 ) ;
#1237 = ORIENTED_EDGE ( 'NONE', *, *, #4194, .T. ) ;
#1238 = LINE ( 'NONE', #1564, #64 ) ;
#1239 = EDGE_LOOP ( 'NONE', ( #4366, #6691, #7002, #550 ) ) ;
#1240 = ADVANCED_FACE ( 'NONE', ( #2241 ), #5611, .T. ) ;
#1241 = LINE ( 'NONE', #3999, #6028 ) ;
#1242 = PRESENTATION_LAYER_ASSIGNMENT (  '', '', ( #1738 ) ) ;
#1243 = ORIENTED_EDGE ( 'NONE', *, *, #7335, .T. ) ;
#1244 = DIRECTION ( 'NONE',  ( 0.0000000000000000000, -0.0000000000000000000, 1.000000000000000000 ) ) ;
#1245 = ORIENTED_EDGE ( 'NONE', *, *, #2390, .F. ) ;
#1246 = ORIENTED_EDGE ( 'NONE', *, *, #420, .T. ) ;
#1247 = EDGE_LOOP ( 'NONE', ( #962, #2769, #3973, #5229 ) ) ;
#1248 = AXIS2_PLACEMENT_3D ( 'NONE', #6562, #186, #6534 ) ;
#1249 = SURFACE_STYLE_FILL_AREA ( #963 ) ;
#1250 = ORIENTED_EDGE ( 'NONE', *, *, #3125, .F. ) ;
#1251 = DIRECTION ( 'NONE',  ( -1.577021341797104700E-015, 0.0000000000000000000, 1.000000000000000000 ) ) ;
#1252 = ORIENTED_EDGE ( 'NONE', *, *, #4182, .T. ) ;
#1253 = ORIENTED_EDGE ( 'NONE', *, *, #7055, .T. ) ;
#1254 = CARTESIAN_POINT ( 'NONE',  ( 0.8749999999999996700, 0.1999999999999999800, -1.725000000000000800 ) ) ;
#1255 = CARTESIAN_POINT ( 'NONE',  ( -2.000000000000000900, 0.6716990566028315800, 0.1249999999999996800 ) ) ;
#1256 = CARTESIAN_POINT ( 'NONE',  ( 0.0000000000000000000, 0.04999999999999999600, 1.725000000000001000 ) ) ;
#1257 = LINE ( 'NONE', #809, #2616 ) ;
#1258 = ORIENTED_EDGE ( 'NONE', *, *, #5831, .F. ) ;
#1259 = DIRECTION ( 'NONE',  ( -3.469446951953614200E-015, 0.0000000000000000000, 1.000000000000000000 ) ) ;
#1260 = CARTESIAN_POINT ( 'NONE',  ( -0.1250000000000001100, 0.2000000000000000100, -1.999999999999999600 ) ) ;
#1261 = CARTESIAN_POINT ( 'NONE',  ( -0.1250000000000001100, 0.2000000000000000100, -1.999999999999999600 ) ) ;
#1262 = DIRECTION ( 'NONE',  ( 0.0000000000000000000, 0.0000000000000000000, -1.000000000000000000 ) ) ;
#1263 = ORIENTED_EDGE ( 'NONE', *, *, #2355, .T. ) ;
#1264 = VECTOR ( 'NONE', #1233, 1000.000000000000000 ) ;
#1265 = EDGE_CURVE ( 'NONE', #1215, #1713, #346, .T. ) ;
#1266 = EDGE_LOOP ( 'NONE', ( #3555, #2022, #7236, #1791 ) ) ;
#1267 = DIRECTION ( 'NONE',  ( -0.0000000000000000000, -1.000000000000000000, -0.0000000000000000000 ) ) ;
#1268 = SURFACE_SIDE_STYLE ('',( #2426 ) ) ;
#1269 = EDGE_CURVE ( 'NONE', #1952, #2442, #4883, .T. ) ;
#1270 = DIRECTION ( 'NONE',  ( 0.0000000000000000000, 0.0000000000000000000, -1.000000000000000000 ) ) ;
#1271 = CARTESIAN_POINT ( 'NONE',  ( 1.725000000000000300, 0.1999999999999999800, -2.168404344971008900E-016 ) ) ;
#1272 = FACE_OUTER_BOUND ( 'NONE', #6821, .T. ) ;
#1273 = AXIS2_PLACEMENT_3D ( 'NONE', #3014, #5357, #3044 ) ;
#1274 = PLANE ( 'NONE',  #2305 ) ;
#1275 = EDGE_LOOP ( 'NONE', ( #1806, #7105, #6383, #6008, #1354 ) ) ;
#1276 = VECTOR ( 'NONE', #3388, 1000.000000000000000 ) ;
#1277 = FACE_OUTER_BOUND ( 'NONE', #5599, .T. ) ;
#1278 = DIRECTION ( 'NONE',  ( 0.0000000000000000000, -0.0000000000000000000, 1.000000000000000000 ) ) ;
#1279 = ADVANCED_FACE ( 'NONE', ( #6298 ), #988, .T. ) ;
#1280 = EDGE_CURVE ( 'NONE', #2980, #6985, #3337, .T. ) ;
#1281 = PRESENTATION_LAYER_ASSIGNMENT (  '', '', ( #2552 ) ) ;
#1282 = ORIENTED_EDGE ( 'NONE', *, *, #1844, .F. ) ;
#1283 = AXIS2_PLACEMENT_3D ( 'NONE', #5634, #5085, #2168 ) ;
#1284 = FACE_OUTER_BOUND ( 'NONE', #4339, .T. ) ;
#1285 = AXIS2_PLACEMENT_3D ( 'NONE', #3478, #1801, #3456 ) ;
#1286 = DIRECTION ( 'NONE',  ( 1.577021341797104500E-015, 0.0000000000000000000, 1.000000000000000000 ) ) ;
#1287 = DIRECTION ( 'NONE',  ( -1.000000000000000000, 0.0000000000000000000, -7.885106708985461400E-016 ) ) ;
#1288 = FACE_OUTER_BOUND ( 'NONE', #663, .T. ) ;
#1289 = COLOUR_RGB ( '',0.7921568627450980000, 0.8196078431372548800, 0.9333333333333333500 ) ;
#1290 = ORIENTED_EDGE ( 'NONE', *, *, #5213, .F. ) ;
#1291 = CARTESIAN_POINT ( 'NONE',  ( -1.174999999999999400, 0.05000000000000012800, 1.300000000000000000 ) ) ;
#1292 = VECTOR ( 'NONE', #759, 1000.000000000000000 ) ;
#1293 = CARTESIAN_POINT ( 'NONE',  ( -1.174999999999999400, 3.876955262170047600, 1.174999999999999600 ) ) ;
#1294 = CARTESIAN_POINT ( 'NONE',  ( 1.174999999999999800, 3.876955262170047600, 1.300000000000000300 ) ) ;
#1295 = FACE_OUTER_BOUND ( 'NONE', #7072, .T. ) ;
#1296 = FACE_OUTER_BOUND ( 'NONE', #3895, .T. ) ;
#1297 = CARTESIAN_POINT ( 'NONE',  ( 1.174999999999999800, 0.05000000000000012800, -1.174999999999999800 ) ) ;
#1298 = ORIENTED_EDGE ( 'NONE', *, *, #5169, .F. ) ;
#1299 = VECTOR ( 'NONE', #4633, 1000.000000000000000 ) ;
#1300 = CARTESIAN_POINT ( 'NONE',  ( 2.000000000000000900, 0.6716990566028315800, 0.1249999999999996800 ) ) ;
#1301 = FACE_OUTER_BOUND ( 'NONE', #265, .T. ) ;
#1302 = DIRECTION ( 'NONE',  ( -1.577021341797104500E-015, 0.0000000000000000000, 1.000000000000000000 ) ) ;
#1303 = ORIENTED_EDGE ( 'NONE', *, *, #6614, .T. ) ;
#1304 = LINE ( 'NONE', #5285, #3220 ) ;
#1305 = MANIFOLD_SOLID_BREP ( 'LPattern3[3]', #5841 ) ;
#1306 = EDGE_CURVE ( 'NONE', #4629, #4679, #2878, .T. ) ;
#1307 = ORIENTED_EDGE ( 'NONE', *, *, #5923, .T. ) ;
#1308 = ORIENTED_EDGE ( 'NONE', *, *, #2304, .F. ) ;
#1309 = FILL_AREA_STYLE ('',( #4207 ) ) ;
#1310 = FILL_AREA_STYLE_COLOUR ( '', #7407 ) ;
#1311 = DIRECTION ( 'NONE',  ( -1.577021341797106900E-015, 0.0000000000000000000, -1.000000000000000000 ) ) ;
#1312 = DIRECTION ( 'NONE',  ( -1.000000000000000000, 0.0000000000000000000, 0.0000000000000000000 ) ) ;
#1313 = AXIS2_PLACEMENT_3D ( 'NONE', #2198, #5178, #3460 ) ;
#1314 = ADVANCED_FACE ( 'NONE', ( #5156 ), #1871, .T. ) ;
#1315 =( NAMED_UNIT ( * ) SI_UNIT ( $, .STERADIAN. ) SOLID_ANGLE_UNIT ( ) );
#1316 = ORIENTED_EDGE ( 'NONE', *, *, #2668, .F. ) ;
#1317 = VERTEX_POINT ( 'NONE', #323 ) ;
#1318 = CARTESIAN_POINT ( 'NONE',  ( -1.725000000000000800, 0.05000000000000002400, -0.1250000000000005600 ) ) ;
#1319 = CARTESIAN_POINT ( 'NONE',  ( -0.3749999999999990600, 0.1999999999999999800, 2.000000000000000000 ) ) ;
#1320 = CARTESIAN_POINT ( 'NONE',  ( 0.8749999999999998900, 0.2000000000000000100, -1.999999999999999600 ) ) ;
#1321 = EDGE_CURVE ( 'NONE', #3035, #2518, #256, .T. ) ;
#1322 = CARTESIAN_POINT ( 'NONE',  ( 2.000000000000001800, 0.1999999999999999800, 0.8749999999999996700 ) ) ;
#1323 = FACE_OUTER_BOUND ( 'NONE', #7466, .T. ) ;
#1324 = EDGE_CURVE ( 'NONE', #6202, #5398, #1430, .T. ) ;
#1325 = DIRECTION ( 'NONE',  ( 0.0000000000000000000, -1.000000000000000000, 0.0000000000000000000 ) ) ;
#1326 = ORIENTED_EDGE ( 'NONE', *, *, #7114, .F. ) ;
#1327 = EDGE_CURVE ( 'NONE', #1769, #7097, #6038, .T. ) ;
#1328 = EDGE_LOOP ( 'NONE', ( #3484, #6907, #2692, #1071 ) ) ;
#1329 = PRESENTATION_STYLE_ASSIGNMENT (( #2562 ) ) ;
#1330 = ORIENTED_EDGE ( 'NONE', *, *, #3121, .T. ) ;
#1331 = DIRECTION ( 'NONE',  ( 0.0000000000000000000, 0.0000000000000000000, -1.000000000000000000 ) ) ;
#1332 = CARTESIAN_POINT ( 'NONE',  ( 2.000000000000000900, 0.0000000000000000000, 0.1249999999999996800 ) ) ;
#1333 = PRESENTATION_LAYER_ASSIGNMENT (  '', '', ( #3920 ) ) ;
#1334 = ORIENTED_EDGE ( 'NONE', *, *, #1185, .F. ) ;
#1335 = FACE_OUTER_BOUND ( 'NONE', #2511, .T. ) ;
#1336 = DIRECTION ( 'NONE',  ( 1.000000000000000000, 0.0000000000000000000, -7.885106708985459500E-016 ) ) ;
#1337 = ORIENTED_EDGE ( 'NONE', *, *, #2673, .T. ) ;
#1338 = ORIENTED_EDGE ( 'NONE', *, *, #589, .F. ) ;
#1339 = AXIS2_PLACEMENT_3D ( 'NONE', #5840, #4762, #6428 ) ;
#1340 = PLANE ( 'NONE',  #4201 ) ;
#1341 = CIRCLE ( 'NONE', #6583, 0.1676928858146148900 ) ;
#1342 = CARTESIAN_POINT ( 'NONE',  ( 1.999999999999999100, 0.05000000000000000300, 2.000000000000000900 ) ) ;
#1343 = DIRECTION ( 'NONE',  ( -1.577021341797104500E-015, 0.0000000000000000000, 1.000000000000000000 ) ) ;
#1344 = EDGE_LOOP ( 'NONE', ( #6541, #1003, #6, #6138 ) ) ;
#1345 = ORIENTED_EDGE ( 'NONE', *, *, #4684, .F. ) ;
#1346 = ORIENTED_EDGE ( 'NONE', *, *, #4063, .T. ) ;
#1347 = DIRECTION ( 'NONE',  ( 0.0000000000000000000, 0.0000000000000000000, -1.000000000000000000 ) ) ;
#1348 = DIRECTION ( 'NONE',  ( 1.000000000000000000, -0.0000000000000000000, 1.577021341797104500E-015 ) ) ;
#1349 = DIRECTION ( 'NONE',  ( -0.0000000000000000000, -1.000000000000000000, -0.0000000000000000000 ) ) ;
#1350 = EDGE_LOOP ( 'NONE', ( #2613, #4720, #3358, #1761 ) ) ;
#1351 = ORIENTED_EDGE ( 'NONE', *, *, #2079, .F. ) ;
#1352 = CARTESIAN_POINT ( 'NONE',  ( -0.8749999999999994400, 0.0000000000000000000, -2.000000000000000000 ) ) ;
#1353 = ADVANCED_FACE ( 'NONE', ( #2973 ), #6658, .F. ) ;
#1354 = ORIENTED_EDGE ( 'NONE', *, *, #1819, .F. ) ;
#1355 = DIRECTION ( 'NONE',  ( 1.577021341797104700E-015, 0.0000000000000000000, 1.000000000000000000 ) ) ;
#1356 = EDGE_CURVE ( 'NONE', #2573, #3787, #1065, .T. ) ;
#1357 = LINE ( 'NONE', #381, #2541 ) ;
#1358 = DIRECTION ( 'NONE',  ( 0.0000000000000000000, 0.0000000000000000000, 1.000000000000000000 ) ) ;
#1359 = ORIENTED_EDGE ( 'NONE', *, *, #1780, .T. ) ;
#1360 = CARTESIAN_POINT ( 'NONE',  ( -1.300000000000000000, -0.0000000000000000000, -1.125000000000000400 ) ) ;
#1361 = LINE ( 'NONE', #3120, #1649 ) ;
#1362 = EDGE_CURVE ( 'NONE', #450, #2862, #5940, .T. ) ;
#1363 = ORIENTED_EDGE ( 'NONE', *, *, #5738, .T. ) ;
#1364 = DIRECTION ( 'NONE',  ( -0.0000000000000000000, 1.000000000000000000, -0.0000000000000000000 ) ) ;
#1365 = EDGE_CURVE ( 'NONE', #450, #3692, #7009, .T. ) ;
#1366 = PLANE ( 'NONE',  #6370 ) ;
#1367 = PRESENTATION_LAYER_ASSIGNMENT (  '', '', ( #3130 ) ) ;
#1368 = LINE ( 'NONE', #1164, #6509 ) ;
#1369 = DIRECTION ( 'NONE',  ( 0.0000000000000000000, 1.000000000000000000, -0.0000000000000000000 ) ) ;
#1370 = EDGE_LOOP ( 'NONE', ( #749, #3054, #3505, #4640, #1406 ) ) ;
#1371 = CARTESIAN_POINT ( 'NONE',  ( 1.000000000000000000, 0.1999999999999999800, -1.725000000000000100 ) ) ;
#1372 = AXIS2_PLACEMENT_3D ( 'NONE', #6415, #4140, #6911 ) ;
#1373 = PLANE ( 'NONE',  #7405 ) ;
#1374 = VECTOR ( 'NONE', #2749, 1000.000000000000000 ) ;
#1375 = ORIENTED_EDGE ( 'NONE', *, *, #7190, .F. ) ;
#1376 = CARTESIAN_POINT ( 'NONE',  ( 0.3750000000000003300, 0.1999999999999999800, 1.999999999999999600 ) ) ;
#1377 = EDGE_CURVE ( 'NONE', #4079, #2962, #4965, .T. ) ;
#1378 = DIRECTION ( 'NONE',  ( 0.0000000000000000000, 0.0000000000000000000, -1.000000000000000000 ) ) ;
#1379 = ORIENTED_EDGE ( 'NONE', *, *, #789, .T. ) ;
#1380 = AXIS2_PLACEMENT_3D ( 'NONE', #3586, #1852, #6403 ) ;
#1381 = DIRECTION ( 'NONE',  ( -0.0000000000000000000, -1.000000000000000000, -0.0000000000000000000 ) ) ;
#1382 = CYLINDRICAL_SURFACE ( 'NONE', #7360, 0.1250000000000003300 ) ;
#1383 = DIRECTION ( 'NONE',  ( -0.0000000000000000000, -1.000000000000000000, -0.0000000000000000000 ) ) ;
#1384 = LINE ( 'NONE', #3901, #746 ) ;
#1385 = VECTOR ( 'NONE', #3957, 1000.000000000000000 ) ;
#1386 = AXIS2_PLACEMENT_3D ( 'NONE', #4275, #2549, #3160 ) ;
#1387 = ORIENTED_EDGE ( 'NONE', *, *, #4449, .T. ) ;
#1388 = DIRECTION ( 'NONE',  ( -1.000000000000000000, 0.0000000000000000000, -3.469446951953614200E-015 ) ) ;
#1389 = DIRECTION ( 'NONE',  ( 0.0000000000000000000, -1.000000000000000000, 0.0000000000000000000 ) ) ;
#1390 = PLANE ( 'NONE',  #5031 ) ;
#1391 = CARTESIAN_POINT ( 'NONE',  ( 0.3749999999999967800, 0.05000000000000000300, 5.913830031739091900E-016 ) ) ;
#1392 = LINE ( 'NONE', #5158, #1933 ) ;
#1393 = ADVANCED_FACE ( 'NONE', ( #3981 ), #4271, .F. ) ;
#1394 = CIRCLE ( 'NONE', #5354, 0.1250000000000003300 ) ;
#1395 = CARTESIAN_POINT ( 'NONE',  ( -0.5000000000000000000, 0.04999999999999999600, 1.725000000000001000 ) ) ;
#1396 = DIRECTION ( 'NONE',  ( 0.0000000000000000000, -1.000000000000000000, 0.0000000000000000000 ) ) ;
#1397 = CARTESIAN_POINT ( 'NONE',  ( 1.725000000000000300, 0.05000000000000002400, -2.168404344971008900E-016 ) ) ;
#1398 = VECTOR ( 'NONE', #648, 1000.000000000000000 ) ;
#1399 = DIRECTION ( 'NONE',  ( 1.000000000000000000, -0.0000000000000000000, 0.0000000000000000000 ) ) ;
#1400 = ORIENTED_EDGE ( 'NONE', *, *, #4974, .F. ) ;
#1401 = VECTOR ( 'NONE', #2135, 1000.000000000000000 ) ;
#1402 = ORIENTED_EDGE ( 'NONE', *, *, #7115, .F. ) ;
#1403 = CARTESIAN_POINT ( 'NONE',  ( 0.1250000000000009700, 0.6716990566028308000, 2.000000000000000000 ) ) ;
#1404 = MANIFOLD_SOLID_BREP ( 'Boss-Extrude2[2]', #6893 ) ;
#1405 =( NAMED_UNIT ( * ) PLANE_ANGLE_UNIT ( ) SI_UNIT ( $, .RADIAN. ) );
#1406 = ORIENTED_EDGE ( 'NONE', *, *, #504, .F. ) ;
#1407 = CIRCLE ( 'NONE', #2645, 0.1250000000000003300 ) ;
#1408 = VERTEX_POINT ( 'NONE', #205 ) ;
#1409 = EDGE_CURVE ( 'NONE', #1579, #718, #6199, .T. ) ;
#1410 = LINE ( 'NONE', #267, #5585 ) ;
#1411 = CARTESIAN_POINT ( 'NONE',  ( 0.0000000000000000000, 0.05000000000000000300, 0.1249999999999996800 ) ) ;
#1412 = DIRECTION ( 'NONE',  ( 1.000000000000000000, -0.0000000000000000000, 1.734723475976802600E-015 ) ) ;
#1413 = ORIENTED_EDGE ( 'NONE', *, *, #3522, .T. ) ;
#1414 = DIRECTION ( 'NONE',  ( 1.577021341797106900E-015, -0.0000000000000000000, 1.000000000000000000 ) ) ;
#1415 = EDGE_CURVE ( 'NONE', #1882, #7438, #4872, .T. ) ;
#1416 = VECTOR ( 'NONE', #3987, 1000.000000000000000 ) ;
#1417 = ORIENTED_EDGE ( 'NONE', *, *, #3025, .F. ) ;
#1418 = DIRECTION ( 'NONE',  ( -0.0000000000000000000, -1.000000000000000000, -0.0000000000000000000 ) ) ;
#1419 = CARTESIAN_POINT ( 'NONE',  ( -1.124999999999999800, 0.05000000000000000300, 2.000000000000001300 ) ) ;
#1420 = VECTOR ( 'NONE', #3606, 1000.000000000000000 ) ;
#1421 = DIRECTION ( 'NONE',  ( 0.0000000000000000000, -1.000000000000000000, 0.0000000000000000000 ) ) ;
#1422 = ORIENTED_EDGE ( 'NONE', *, *, #2673, .F. ) ;
#1423 = DIRECTION ( 'NONE',  ( 7.885106708985459500E-016, 0.0000000000000000000, 1.000000000000000000 ) ) ;
#1424 = ORIENTED_EDGE ( 'NONE', *, *, #1175, .F. ) ;
#1425 = ORIENTED_EDGE ( 'NONE', *, *, #4819, .T. ) ;
#1426 = ORIENTED_EDGE ( 'NONE', *, *, #5061, .T. ) ;
#1427 = PLANE ( 'NONE',  #2546 ) ;
#1428 = DIRECTION ( 'NONE',  ( -0.0000000000000000000, -1.000000000000000000, 0.0000000000000000000 ) ) ;
#1429 = EDGE_CURVE ( 'NONE', #633, #3933, #1794, .T. ) ;
#1430 = LINE ( 'NONE', #3302, #3605 ) ;
#1431 = PRESENTATION_LAYER_ASSIGNMENT (  '', '', ( #561 ) ) ;
#1432 = ORIENTED_EDGE ( 'NONE', *, *, #2487, .T. ) ;
#1433 = ORIENTED_EDGE ( 'NONE', *, *, #4066, .F. ) ;
#1434 = ORIENTED_EDGE ( 'NONE', *, *, #589, .T. ) ;
#1435 = ADVANCED_FACE ( 'NONE', ( #3325 ), #4240, .T. ) ;
#1436 = CARTESIAN_POINT ( 'NONE',  ( -1.725000000000000800, 0.0000000000000000000, -0.1250000000000005600 ) ) ;
#1437 = AXIS2_PLACEMENT_3D ( 'NONE', #5582, #7226, #6737 ) ;
#1438 = CARTESIAN_POINT ( 'NONE',  ( 1.125000000000000200, 0.04999999999999999600, -1.725000000000001200 ) ) ;
#1439 = AXIS2_PLACEMENT_3D ( 'NONE', #4266, #106, #4726 ) ;
#1440 = LINE ( 'NONE', #5485, #4167 ) ;
#1441 = DIRECTION ( 'NONE',  ( -0.0000000000000000000, -1.000000000000000000, -0.0000000000000000000 ) ) ;
#1442 = ORIENTED_EDGE ( 'NONE', *, *, #399, .T. ) ;
#1443 = ORIENTED_EDGE ( 'NONE', *, *, #2057, .F. ) ;
#1444 = DIRECTION ( 'NONE',  ( 0.0000000000000000000, 0.0000000000000000000, -1.000000000000000000 ) ) ;
#1445 = DIRECTION ( 'NONE',  ( 0.0000000000000000000, 0.0000000000000000000, -1.000000000000000000 ) ) ;
#1446 = DIRECTION ( 'NONE',  ( 1.000000000000000000, 0.0000000000000000000, 7.885106708985459500E-016 ) ) ;
#1447 = DIRECTION ( 'NONE',  ( -1.577021341797107100E-015, 0.0000000000000000000, -1.000000000000000000 ) ) ;
#1448 = ORIENTED_EDGE ( 'NONE', *, *, #4725, .F. ) ;
#1449 = CARTESIAN_POINT ( 'NONE',  ( -1.725000000000000800, 0.6716990566028315800, 1.124999999999999800 ) ) ;
#1450 = DIRECTION ( 'NONE',  ( 3.469446951953614200E-015, 0.0000000000000000000, -1.000000000000000000 ) ) ;
#1451 = PLANE ( 'NONE',  #5756 ) ;
#1452 = UNCERTAINTY_MEASURE_WITH_UNIT (LENGTH_MEASURE( 1.000000000000000100E-005 ), #2366, 'distance_accuracy_value', 'NONE');
#1453 = CARTESIAN_POINT ( 'NONE',  ( -0.3749999999999998900, 0.1999999999999999800, -1.725000000000001200 ) ) ;
#1454 = VERTEX_POINT ( 'NONE', #765 ) ;
#1455 = FILL_AREA_STYLE ('',( #7135 ) ) ;
#1456 = VECTOR ( 'NONE', #3287, 1000.000000000000000 ) ;
#1457 = DIRECTION ( 'NONE',  ( -0.0000000000000000000, -1.000000000000000000, -0.0000000000000000000 ) ) ;
#1458 = EDGE_CURVE ( 'NONE', #6110, #4998, #247, .T. ) ;
#1459 = VERTEX_POINT ( 'NONE', #5380 ) ;
#1460 = CARTESIAN_POINT ( 'NONE',  ( -0.8749999999999994400, 0.6716990566028308000, 1.725000000000001200 ) ) ;
#1461 = DIRECTION ( 'NONE',  ( 0.0000000000000000000, -1.000000000000000000, 0.0000000000000000000 ) ) ;
#1462 = VECTOR ( 'NONE', #4027, 1000.000000000000000 ) ;
#1463 = LINE ( 'NONE', #3009, #4274 ) ;
#1464 = EDGE_CURVE ( 'NONE', #3827, #3727, #878, .T. ) ;
#1465 = DIRECTION ( 'NONE',  ( -0.0000000000000000000, -1.000000000000000000, -0.0000000000000000000 ) ) ;
#1466 = CARTESIAN_POINT ( 'NONE',  ( -1.000000000000000000, 0.2000000000000000100, 1.725000000000001000 ) ) ;
#1467 = PLANE ( 'NONE',  #2945 ) ;
#1468 = EDGE_CURVE ( 'NONE', #7304, #6354, #70, .T. ) ;
#1469 = ORIENTED_EDGE ( 'NONE', *, *, #5115, .T. ) ;
#1470 = ADVANCED_FACE ( 'NONE', ( #7361 ), #6560, .F. ) ;
#1471 = VECTOR ( 'NONE', #4906, 1000.000000000000000 ) ;
#1472 = EDGE_CURVE ( 'NONE', #2294, #1491, #5593, .T. ) ;
#1473 = EDGE_CURVE ( 'NONE', #6167, #6733, #2772, .T. ) ;
#1474 = CARTESIAN_POINT ( 'NONE',  ( -1.725000000000000300, 0.05000000000000002400, -1.000000000000000400 ) ) ;
#1475 = FACE_OUTER_BOUND ( 'NONE', #784, .T. ) ;
#1476 = LINE ( 'NONE', #817, #851 ) ;
#1477 = CARTESIAN_POINT ( 'NONE',  ( 0.8749999999999998900, 0.1999999999999999800, -1.999999999999999600 ) ) ;
#1478 = EDGE_LOOP ( 'NONE', ( #5195, #1611, #6760, #326 ) ) ;
#1479 = PRESENTATION_LAYER_ASSIGNMENT (  '', '', ( #1858 ) ) ;
#1480 = DIRECTION ( 'NONE',  ( 0.0000000000000000000, -1.000000000000000000, 0.0000000000000000000 ) ) ;
#1481 = VECTOR ( 'NONE', #284, 1000.000000000000000 ) ;
#1482 = LINE ( 'NONE', #223, #7421 ) ;
#1483 = LINE ( 'NONE', #581, #4666 ) ;
#1484 = ORIENTED_EDGE ( 'NONE', *, *, #603, .F. ) ;
#1485 = AXIS2_PLACEMENT_3D ( 'NONE', #5830, #1744, #4662 ) ;
#1486 = DIRECTION ( 'NONE',  ( -1.000000000000000000, 0.0000000000000000000, 1.577021341797104500E-015 ) ) ;
#1487 = CARTESIAN_POINT ( 'NONE',  ( -0.6249999999999996700, 0.2000000000000000100, 1.999999999999999600 ) ) ;
#1488 = LINE ( 'NONE', #3513, #2574 ) ;
#1489 = AXIS2_PLACEMENT_3D ( 'NONE', #6620, #1465, #5531 ) ;
#1490 = VECTOR ( 'NONE', #6361, 1000.000000000000000 ) ;
#1491 = VERTEX_POINT ( 'NONE', #5678 ) ;
#1492 = DIRECTION ( 'NONE',  ( 0.0000000000000000000, -1.000000000000000000, 0.0000000000000000000 ) ) ;
#1493 = DIRECTION ( 'NONE',  ( -0.0000000000000000000, -1.000000000000000000, -0.0000000000000000000 ) ) ;
#1494 = LINE ( 'NONE', #3234, #2213 ) ;
#1495 = DIRECTION ( 'NONE',  ( 0.0000000000000000000, -1.000000000000000000, 0.0000000000000000000 ) ) ;
#1496 = ORIENTED_EDGE ( 'NONE', *, *, #301, .F. ) ;
#1497 = LINE ( 'NONE', #460, #7243 ) ;
#1498 = ORIENTED_EDGE ( 'NONE', *, *, #2974, .T. ) ;
#1499 = PLANE ( 'NONE',  #6411 ) ;
#1500 = CARTESIAN_POINT ( 'NONE',  ( 1.725000000000000300, 0.0000000000000000000, 0.4999999999999997800 ) ) ;
#1501 = VECTOR ( 'NONE', #1620, 1000.000000000000000 ) ;
#1502 = ORIENTED_EDGE ( 'NONE', *, *, #1721, .T. ) ;
#1503 = VECTOR ( 'NONE', #4363, 1000.000000000000000 ) ;
#1504 = ORIENTED_EDGE ( 'NONE', *, *, #2438, .F. ) ;
#1505 = DIRECTION ( 'NONE',  ( -1.577021341797104500E-015, 0.0000000000000000000, 1.000000000000000000 ) ) ;
#1506 = ADVANCED_FACE ( 'NONE', ( #961 ), #545, .F. ) ;
#1507 = CARTESIAN_POINT ( 'NONE',  ( 0.3749999999999996700, 0.1999999999999999800, -1.725000000000000800 ) ) ;
#1508 = VECTOR ( 'NONE', #4432, 1000.000000000000000 ) ;
#1509 = ORIENTED_EDGE ( 'NONE', *, *, #1031, .T. ) ;
#1510 = CARTESIAN_POINT ( 'NONE',  ( -0.6249999999999996700, 0.2000000000000000100, 1.999999999999999600 ) ) ;
#1511 = ORIENTED_EDGE ( 'NONE', *, *, #1177, .F. ) ;
#1512 = CARTESIAN_POINT ( 'NONE',  ( -0.5000000000000000000, 0.2000000000000000100, 1.725000000000001000 ) ) ;
#1513 = EDGE_LOOP ( 'NONE', ( #2755, #1841, #1067, #1690 ) ) ;
#1514 = EDGE_CURVE ( 'NONE', #6584, #3546, #1600, .T. ) ;
#1515 = CARTESIAN_POINT ( 'NONE',  ( -2.000000000000000900, 0.6716990566028315800, 1.124999999999999800 ) ) ;
#1516 = PRESENTATION_STYLE_ASSIGNMENT (( #4425 ) ) ;
#1517 = CARTESIAN_POINT ( 'NONE',  ( -0.1249999999999996800, 0.6716990566028308000, 1.999999999999999600 ) ) ;
#1518 = EDGE_CURVE ( 'NONE', #4161, #6422, #1241, .T. ) ;
#1519 = CARTESIAN_POINT ( 'NONE',  ( -1.000000000000000000, 0.2000000000000000100, -1.725000000000000100 ) ) ;
#1520 = ORIENTED_EDGE ( 'NONE', *, *, #1677, .F. ) ;
#1521 = FACE_OUTER_BOUND ( 'NONE', #1977, .T. ) ;
#1522 = AXIS2_PLACEMENT_3D ( 'NONE', #781, #4839, #1358 ) ;
#1523 = ORIENTED_EDGE ( 'NONE', *, *, #4396, .T. ) ;
#1524 = VERTEX_POINT ( 'NONE', #496 ) ;
#1525 = AXIS2_PLACEMENT_3D ( 'NONE', #7182, #849, #2008 ) ;
#1526 = FACE_OUTER_BOUND ( 'NONE', #1754, .T. ) ;
#1527 = ORIENTED_EDGE ( 'NONE', *, *, #2238, .T. ) ;
#1528 = ORIENTED_EDGE ( 'NONE', *, *, #2770, .F. ) ;
#1529 = VERTEX_POINT ( 'NONE', #6805 ) ;
#1530 = EDGE_CURVE ( 'NONE', #7374, #5048, #4517, .T. ) ;
#1531 = AXIS2_PLACEMENT_3D ( 'NONE', #7264, #1418, #3782 ) ;
#1532 = VERTEX_POINT ( 'NONE', #2994 ) ;
#1533 = AXIS2_PLACEMENT_3D ( 'NONE', #2732, #7354, #1033 ) ;
#1534 = ORIENTED_EDGE ( 'NONE', *, *, #5822, .T. ) ;
#1535 = CARTESIAN_POINT ( 'NONE',  ( -1.000000000000000000, 0.2000000000000000100, -1.725000000000000100 ) ) ;
#1536 = DIRECTION ( 'NONE',  ( 0.0000000000000000000, 0.0000000000000000000, 1.000000000000000000 ) ) ;
#1537 = DIRECTION ( 'NONE',  ( -1.577021341797104500E-015, -0.0000000000000000000, -1.000000000000000000 ) ) ;
#1538 = ORIENTED_EDGE ( 'NONE', *, *, #978, .T. ) ;
#1539 = DIRECTION ( 'NONE',  ( 0.0000000000000000000, -1.000000000000000000, 0.0000000000000000000 ) ) ;
#1540 = DIRECTION ( 'NONE',  ( -0.0000000000000000000, -1.000000000000000000, -0.0000000000000000000 ) ) ;
#1541 = DIRECTION ( 'NONE',  ( -0.0000000000000000000, -1.000000000000000000, -0.0000000000000000000 ) ) ;
#1542 = FACE_OUTER_BOUND ( 'NONE', #158, .T. ) ;
#1543 = ADVANCED_FACE ( 'NONE', ( #4328 ), #7175, .T. ) ;
#1544 = DIRECTION ( 'NONE',  ( 0.0000000000000000000, 0.0000000000000000000, 1.000000000000000000 ) ) ;
#1545 = ADVANCED_FACE ( 'NONE', ( #7092 ), #2228, .F. ) ;
#1546 = VERTEX_POINT ( 'NONE', #6323 ) ;
#1547 = DIRECTION ( 'NONE',  ( 0.0000000000000000000, 0.0000000000000000000, -1.000000000000000000 ) ) ;
#1548 = LINE ( 'NONE', #4116, #3643 ) ;
#1549 = VERTEX_POINT ( 'NONE', #1098 ) ;
#1550 = CARTESIAN_POINT ( 'NONE',  ( 0.3749999999999998900, 0.04999999999999999600, 1.725000000000001200 ) ) ;
#1551 = LINE ( 'NONE', #5313, #569 ) ;
#1552 = EDGE_CURVE ( 'NONE', #7461, #6498, #2330, .T. ) ;
#1553 = DIRECTION ( 'NONE',  ( 0.0000000000000000000, 0.0000000000000000000, -1.000000000000000000 ) ) ;
#1554 = DIRECTION ( 'NONE',  ( 0.0000000000000000000, -0.0000000000000000000, -1.000000000000000000 ) ) ;
#1555 = EDGE_CURVE ( 'NONE', #2341, #4792, #4151, .T. ) ;
#1556 = DIRECTION ( 'NONE',  ( -1.000000000000000000, -0.0000000000000000000, 7.885106708985461400E-016 ) ) ;
#1557 = CARTESIAN_POINT ( 'NONE',  ( 1.725000000000000300, 0.6716990566028315800, 0.4999999999999997800 ) ) ;
#1558 = VECTOR ( 'NONE', #1670, 1000.000000000000000 ) ;
#1559 = VERTEX_POINT ( 'NONE', #6290 ) ;
#1560 = ORIENTED_EDGE ( 'NONE', *, *, #1306, .T. ) ;
#1561 = CARTESIAN_POINT ( 'NONE',  ( 1.999999999999999100, 0.05000000000000000300, -1.999999999999999100 ) ) ;
#1562 = DIRECTION ( 'NONE',  ( -7.885106708985459500E-016, 0.0000000000000000000, 1.000000000000000000 ) ) ;
#1563 = SURFACE_STYLE_USAGE ( .BOTH. , #510 ) ;
#1564 = CARTESIAN_POINT ( 'NONE',  ( 1.125000000000000200, 0.2000000000000000100, -1.725000000000001200 ) ) ;
#1565 = LINE ( 'NONE', #384, #531 ) ;
#1566 = EDGE_CURVE ( 'NONE', #336, #6659, #2600, .T. ) ;
#1567 = CIRCLE ( 'NONE', #5407, 0.1250000000000003300 ) ;
#1568 = CARTESIAN_POINT ( 'NONE',  ( 1.725000000000000300, 0.6716990566028315800, -2.168404344971008900E-016 ) ) ;
#1569 = VECTOR ( 'NONE', #3424, 1000.000000000000000 ) ;
#1570 = VERTEX_POINT ( 'NONE', #6437 ) ;
#1571 = EDGE_CURVE ( 'NONE', #2518, #17, #5505, .T. ) ;
#1572 = EDGE_CURVE ( 'NONE', #4945, #6465, #4704, .T. ) ;
#1573 = AXIS2_PLACEMENT_3D ( 'NONE', #5174, #4061, #7400 ) ;
#1574 = CARTESIAN_POINT ( 'NONE',  ( 0.6250000000000003300, 0.0000000000000000000, 1.725000000000001200 ) ) ;
#1575 = VECTOR ( 'NONE', #6759, 1000.000000000000000 ) ;
#1576 = LINE ( 'NONE', #5238, #856 ) ;
#1577 =( GEOMETRIC_REPRESENTATION_CONTEXT ( 3 ) GLOBAL_UNCERTAINTY_ASSIGNED_CONTEXT ( ( #198 ) ) GLOBAL_UNIT_ASSIGNED_CONTEXT ( ( #3254, #5521, #3838 ) ) REPRESENTATION_CONTEXT ( 'NONE', 'WORKASPACE' ) );
#1578 = AXIS2_PLACEMENT_3D ( 'NONE', #6078, #3216, #1996 ) ;
#1579 = VERTEX_POINT ( 'NONE', #2413 ) ;
#1580 = ADVANCED_FACE ( 'NONE', ( #3145 ), #6856, .F. ) ;
#1581 = CIRCLE ( 'NONE', #4353, 0.1250000000000003300 ) ;
#1582 = ADVANCED_FACE ( 'NONE', ( #3785 ), #1068, .F. ) ;
#1583 = ORIENTED_EDGE ( 'NONE', *, *, #5961, .F. ) ;
#1584 = FACE_OUTER_BOUND ( 'NONE', #4801, .T. ) ;
#1585 = DIRECTION ( 'NONE',  ( 0.0000000000000000000, 1.000000000000000000, 0.0000000000000000000 ) ) ;
#1586 = ORIENTED_EDGE ( 'NONE', *, *, #7111, .T. ) ;
#1587 = DIRECTION ( 'NONE',  ( 0.0000000000000000000, 1.000000000000000000, 0.0000000000000000000 ) ) ;
#1588 = DIRECTION ( 'NONE',  ( -1.000000000000000000, 0.0000000000000000000, 1.084202172485504700E-016 ) ) ;
#1589 = CARTESIAN_POINT ( 'NONE',  ( 1.125000000000000700, 0.0000000000000000000, 1.725000000000001200 ) ) ;
#1590 = DIRECTION ( 'NONE',  ( -1.000000000000000000, 0.0000000000000000000, -1.734723475976802600E-015 ) ) ;
#1591 = EDGE_LOOP ( 'NONE', ( #3112, #1534, #6884, #2756 ) ) ;
#1592 = EDGE_LOOP ( 'NONE', ( #2947, #982, #3164, #5341 ) ) ;
#1593 = CARTESIAN_POINT ( 'NONE',  ( -0.6250000000000028900, 0.05000000000000000300, 9.856383386231964100E-016 ) ) ;
#1594 = CARTESIAN_POINT ( 'NONE',  ( 2.000000000000001800, 0.1999999999999999800, -1.125000000000000400 ) ) ;
#1595 = VECTOR ( 'NONE', #2346, 1000.000000000000000 ) ;
#1596 = ORIENTED_EDGE ( 'NONE', *, *, #3357, .F. ) ;
#1597 = VERTEX_POINT ( 'NONE', #7386 ) ;
#1598 = CARTESIAN_POINT ( 'NONE',  ( -1.125000000000000200, 0.2000000000000000100, -1.999999999999999600 ) ) ;
#1599 = EDGE_CURVE ( 'NONE', #6517, #1709, #701, .T. ) ;
#1600 = LINE ( 'NONE', #2278, #5147 ) ;
#1601 = ORIENTED_EDGE ( 'NONE', *, *, #4142, .T. ) ;
#1602 = ORIENTED_EDGE ( 'NONE', *, *, #1844, .T. ) ;
#1603 = VECTOR ( 'NONE', #3928, 1000.000000000000000 ) ;
#1604 = ORIENTED_EDGE ( 'NONE', *, *, #4159, .T. ) ;
#1605 = ORIENTED_EDGE ( 'NONE', *, *, #6670, .T. ) ;
#1606 = PLANE ( 'NONE',  #1741 ) ;
#1607 = CARTESIAN_POINT ( 'NONE',  ( 1.725000000000000800, 0.0000000000000000000, 0.1249999999999996800 ) ) ;
#1608 = SURFACE_STYLE_USAGE ( .BOTH. , #4460 ) ;
#1609 = ORIENTED_EDGE ( 'NONE', *, *, #1959, .F. ) ;
#1610 = VERTEX_POINT ( 'NONE', #1318 ) ;
#1611 = ORIENTED_EDGE ( 'NONE', *, *, #3859, .T. ) ;
#1612 = ORIENTED_EDGE ( 'NONE', *, *, #4108, .F. ) ;
#1613 = EDGE_CURVE ( 'NONE', #5857, #4796, #5330, .T. ) ;
#1614 = CARTESIAN_POINT ( 'NONE',  ( 1.175000000000000000, 3.876955262170047600, -1.300000000000000000 ) ) ;
#1615 =( NAMED_UNIT ( * ) SI_UNIT ( $, .STERADIAN. ) SOLID_ANGLE_UNIT ( ) );
#1616 = DIRECTION ( 'NONE',  ( 0.0000000000000000000, 1.000000000000000000, -0.0000000000000000000 ) ) ;
#1617 = EDGE_CURVE ( 'NONE', #7035, #6967, #5417, .T. ) ;
#1618 = CARTESIAN_POINT ( 'NONE',  ( -2.000000000000001800, 0.6716990566028315800, 0.3749999999999996700 ) ) ;
#1619 =( GEOMETRIC_REPRESENTATION_CONTEXT ( 3 ) GLOBAL_UNCERTAINTY_ASSIGNED_CONTEXT ( ( #3590 ) ) GLOBAL_UNIT_ASSIGNED_CONTEXT ( ( #3657, #5311, #1315 ) ) REPRESENTATION_CONTEXT ( 'NONE', 'WORKASPACE' ) );
#1620 = DIRECTION ( 'NONE',  ( 0.0000000000000000000, -1.000000000000000000, 0.0000000000000000000 ) ) ;
#1621 = ADVANCED_FACE ( 'NONE', ( #794 ), #3016, .T. ) ;
#1622 = ORIENTED_EDGE ( 'NONE', *, *, #4296, .T. ) ;
#1623 = DIRECTION ( 'NONE',  ( 0.0000000000000000000, -1.000000000000000000, 0.0000000000000000000 ) ) ;
#1624 = DIRECTION ( 'NONE',  ( 1.000000000000000000, -0.0000000000000000000, 1.577021341797104500E-015 ) ) ;
#1625 = ADVANCED_FACE ( 'NONE', ( #2966 ), #5381, .F. ) ;
#1626 = VERTEX_POINT ( 'NONE', #3608 ) ;
#1627 = AXIS2_PLACEMENT_3D ( 'NONE', #2125, #7246, #4471 ) ;
#1628 = CARTESIAN_POINT ( 'NONE',  ( 1.725000000000000300, 0.0000000000000000000, -2.168404344971008900E-016 ) ) ;
#1629 = DIRECTION ( 'NONE',  ( -1.000000000000000000, 0.0000000000000000000, -0.0000000000000000000 ) ) ;
#1630 = ORIENTED_EDGE ( 'NONE', *, *, #5324, .T. ) ;
#1631 = DIRECTION ( 'NONE',  ( -1.000000000000000000, 0.0000000000000000000, 1.734723475976802600E-015 ) ) ;
#1632 = AXIS2_PLACEMENT_3D ( 'NONE', #5793, #2888, #1139 ) ;
#1633 = CARTESIAN_POINT ( 'NONE',  ( -2.000000000000001800, 0.6716990566028315800, 0.8749999999999996700 ) ) ;
#1634 = AXIS2_PLACEMENT_3D ( 'NONE', #4817, #3808, #3750 ) ;
#1635 = VERTEX_POINT ( 'NONE', #7056 ) ;
#1636 = CARTESIAN_POINT ( 'NONE',  ( -1.725000000000000800, 0.6716990566028315800, 0.1249999999999996800 ) ) ;
#1637 = CARTESIAN_POINT ( 'NONE',  ( 1.725000000000000300, 0.05000000000000002400, -1.000000000000000200 ) ) ;
#1638 = DIRECTION ( 'NONE',  ( 0.0000000000000000000, 0.0000000000000000000, -1.000000000000000000 ) ) ;
#1639 = DIRECTION ( 'NONE',  ( 0.0000000000000000000, 1.000000000000000000, 0.0000000000000000000 ) ) ;
#1640 = LINE ( 'NONE', #6719, #3463 ) ;
#1641 = MANIFOLD_SOLID_BREP ( 'LPattern4[8]', #2612 ) ;
#1642 = CARTESIAN_POINT ( 'NONE',  ( -1.611480854806852200, 0.6999999999999999600, -1.611480854806850400 ) ) ;
#1643 = VERTEX_POINT ( 'NONE', #1291 ) ;
#1644 = DIRECTION ( 'NONE',  ( 0.0000000000000000000, 1.000000000000000000, -0.0000000000000000000 ) ) ;
#1645 = CARTESIAN_POINT ( 'NONE',  ( 2.000000000000000900, 0.04999999999999969700, 0.1249999999999996800 ) ) ;
#1646 = CARTESIAN_POINT ( 'NONE',  ( 0.8749999999999972200, 0.05000000000000000300, -1.379893674072464400E-015 ) ) ;
#1647 = FACE_OUTER_BOUND ( 'NONE', #5243, .T. ) ;
#1648 = DIRECTION ( 'NONE',  ( 0.0000000000000000000, 0.0000000000000000000, 1.000000000000000000 ) ) ;
#1649 = VECTOR ( 'NONE', #5480, 1000.000000000000000 ) ;
#1650 = PLANE ( 'NONE',  #2587 ) ;
#1651 = DIRECTION ( 'NONE',  ( 1.000000000000000000, 0.0000000000000000000, 1.845450506358306100E-016 ) ) ;
#1652 = LINE ( 'NONE', #2803, #1558 ) ;
#1653 = ORIENTED_EDGE ( 'NONE', *, *, #1571, .T. ) ;
#1654 = VECTOR ( 'NONE', #5028, 1000.000000000000000 ) ;
#1655 = ADVANCED_FACE ( 'NONE', ( #2230 ), #7037, .T. ) ;
#1656 = VECTOR ( 'NONE', #6892, 1000.000000000000000 ) ;
#1657 = DIRECTION ( 'NONE',  ( -1.000000000000000000, 0.0000000000000000000, 1.734723475976802600E-015 ) ) ;
#1658 = ADVANCED_FACE ( 'NONE', ( #6559 ), #5965, .T. ) ;
#1659 = VECTOR ( 'NONE', #5985, 1000.000000000000000 ) ;
#1660 = EDGE_CURVE ( 'NONE', #4796, #6217, #6189, .T. ) ;
#1661 = ORIENTED_EDGE ( 'NONE', *, *, #1464, .F. ) ;
#1662 = DIRECTION ( 'NONE',  ( -1.000000000000000000, -0.0000000000000000000, 7.885106708985461400E-016 ) ) ;
#1663 = CARTESIAN_POINT ( 'NONE',  ( 1.000000000000000000, 0.2000000000000000100, 1.600000000000000800 ) ) ;
#1664 = EDGE_CURVE ( 'NONE', #1973, #6213, #608, .T. ) ;
#1665 = LINE ( 'NONE', #156, #4031 ) ;
#1666 = AXIS2_PLACEMENT_3D ( 'NONE', #5647, #932, #6725 ) ;
#1667 = FACE_OUTER_BOUND ( 'NONE', #6968, .T. ) ;
#1668 = FILL_AREA_STYLE_COLOUR ( '', #6278 ) ;
#1669 = ORIENTED_EDGE ( 'NONE', *, *, #454, .T. ) ;
#1670 = DIRECTION ( 'NONE',  ( -0.0000000000000000000, -1.000000000000000000, -0.0000000000000000000 ) ) ;
#1671 =( NAMED_UNIT ( * ) PLANE_ANGLE_UNIT ( ) SI_UNIT ( $, .RADIAN. ) );
#1672 = ORIENTED_EDGE ( 'NONE', *, *, #5072, .F. ) ;
#1673 = VECTOR ( 'NONE', #5747, 1000.000000000000000 ) ;
#1674 = DIRECTION ( 'NONE',  ( 1.577021341797104500E-015, 0.0000000000000000000, -1.000000000000000000 ) ) ;
#1675 = CARTESIAN_POINT ( 'NONE',  ( -1.725000000000000800, 0.6716990566028315800, 0.8749999999999994400 ) ) ;
#1676 = VERTEX_POINT ( 'NONE', #2461 ) ;
#1677 = EDGE_CURVE ( 'NONE', #6568, #1559, #6022, .T. ) ;
#1678 = ORIENTED_EDGE ( 'NONE', *, *, #3409, .F. ) ;
#1679 = PLANE ( 'NONE',  #5561 ) ;
#1680 = AXIS2_PLACEMENT_3D ( 'NONE', #890, #3170, #4386 ) ;
#1681 = CARTESIAN_POINT ( 'NONE',  ( -0.3749999999999990600, 0.04999999999999969700, 2.000000000000000000 ) ) ;
#1682 = FACE_OUTER_BOUND ( 'NONE', #5846, .T. ) ;
#1683 =( GEOMETRIC_REPRESENTATION_CONTEXT ( 3 ) GLOBAL_UNCERTAINTY_ASSIGNED_CONTEXT ( ( #6800 ) ) GLOBAL_UNIT_ASSIGNED_CONTEXT ( ( #5935, #6524, #3069 ) ) REPRESENTATION_CONTEXT ( 'NONE', 'WORKASPACE' ) );
#1684 = CARTESIAN_POINT ( 'NONE',  ( -1.725000000000000300, 0.6716990566028315800, 0.4999999999999995600 ) ) ;
#1685 = ORIENTED_EDGE ( 'NONE', *, *, #6404, .T. ) ;
#1686 = CIRCLE ( 'NONE', #720, 0.1250000000000001100 ) ;
#1687 = ORIENTED_EDGE ( 'NONE', *, *, #2096, .F. ) ;
#1688 = VECTOR ( 'NONE', #6206, 1000.000000000000000 ) ;
#1689 = CARTESIAN_POINT ( 'NONE',  ( -0.6249999999999996700, 0.2000000000000000100, 1.999999999999999600 ) ) ;
#1690 = ORIENTED_EDGE ( 'NONE', *, *, #1555, .T. ) ;
#1691 =( LENGTH_UNIT ( ) NAMED_UNIT ( * ) SI_UNIT ( .MILLI., .METRE. ) );
#1692 = FACE_OUTER_BOUND ( 'NONE', #2901, .T. ) ;
#1693 = ORIENTED_EDGE ( 'NONE', *, *, #2632, .T. ) ;
#1694 = DIRECTION ( 'NONE',  ( 0.0000000000000000000, 0.0000000000000000000, 1.000000000000000000 ) ) ;
#1695 = VECTOR ( 'NONE', #4129, 1000.000000000000000 ) ;
#1696 = CARTESIAN_POINT ( 'NONE',  ( 0.0000000000000000000, 0.0000000000000000000, 1.725000000000001000 ) ) ;
#1697 = CARTESIAN_POINT ( 'NONE',  ( 0.8749999999999996700, 0.2000000000000000100, -1.725000000000000800 ) ) ;
#1698 = ORIENTED_EDGE ( 'NONE', *, *, #5494, .T. ) ;
#1699 = VERTEX_POINT ( 'NONE', #4823 ) ;
#1700 = ORIENTED_EDGE ( 'NONE', *, *, #2091, .T. ) ;
#1701 = ADVANCED_FACE ( 'NONE', ( #5409 ), #4958, .T. ) ;
#1702 = FILL_AREA_STYLE ('',( #6285 ) ) ;
#1703 = PLANE ( 'NONE',  #5928 ) ;
#1704 = ORIENTED_EDGE ( 'NONE', *, *, #4830, .T. ) ;
#1705 = CARTESIAN_POINT ( 'NONE',  ( 2.000000000000000900, 0.0000000000000000000, -0.8750000000000003300 ) ) ;
#1706 = ORIENTED_EDGE ( 'NONE', *, *, #3859, .F. ) ;
#1707 = VECTOR ( 'NONE', #6589, 1000.000000000000000 ) ;
#1708 = ORIENTED_EDGE ( 'NONE', *, *, #986, .F. ) ;
#1709 = VERTEX_POINT ( 'NONE', #1849 ) ;
#1711 = EDGE_CURVE ( 'NONE', #7273, #3596, #5930, .T. ) ;
#1710 = CARTESIAN_POINT ( 'NONE',  ( 1.000000000000000000, 0.2000000000000000100, -1.725000000000000100 ) ) ;
#1712 = CIRCLE ( 'NONE', #3569, 0.1250000000000001100 ) ;
#1713 = VERTEX_POINT ( 'NONE', #5891 ) ;
#1714 = ORIENTED_EDGE ( 'NONE', *, *, #3535, .T. ) ;
#1715 = CARTESIAN_POINT ( 'NONE',  ( 1.725000000000000800, 0.6716990566028315800, 1.124999999999999800 ) ) ;
#1716 = AXIS2_PLACEMENT_3D ( 'NONE', #3402, #5123, #7409 ) ;
#1717 = ORIENTED_EDGE ( 'NONE', *, *, #1552, .T. ) ;
#1718 = CARTESIAN_POINT ( 'NONE',  ( -1.725000000000000800, 0.6716990566028315800, 1.124999999999999800 ) ) ;
#1719 = CARTESIAN_POINT ( 'NONE',  ( -2.000000000000001800, 0.0000000000000000000, -0.1250000000000003300 ) ) ;
#1720 = DIRECTION ( 'NONE',  ( 0.0000000000000000000, -1.000000000000000000, 0.0000000000000000000 ) ) ;
#1721 = EDGE_CURVE ( 'NONE', #3238, #4263, #1232, .T. ) ;
#1722 = ORIENTED_EDGE ( 'NONE', *, *, #2836, .T. ) ;
#1723 = CARTESIAN_POINT ( 'NONE',  ( 1.175000000000000000, 0.05000000000000012800, -1.300000000000000000 ) ) ;
#1724 = CARTESIAN_POINT ( 'NONE',  ( -1.000000000000000000, 0.2000000000000000100, -1.725000000000000100 ) ) ;
#1725 = EDGE_CURVE ( 'NONE', #861, #4759, #783, .T. ) ;
#1726 = DIRECTION ( 'NONE',  ( 1.000000000000000000, -0.0000000000000000000, 0.0000000000000000000 ) ) ;
#1727 = CARTESIAN_POINT ( 'NONE',  ( 9.856383386231973500E-017, 0.05000000000000000300, -0.1250000000000018900 ) ) ;
#1728 = EDGE_CURVE ( 'NONE', #4263, #4609, #5761, .T. ) ;
#1729 = AXIS2_PLACEMENT_3D ( 'NONE', #6275, #577, #4088 ) ;
#1730 = DIRECTION ( 'NONE',  ( 0.0000000000000000000, 0.0000000000000000000, -1.000000000000000000 ) ) ;
#1731 = DIRECTION ( 'NONE',  ( 0.0000000000000000000, -0.0000000000000000000, 1.000000000000000000 ) ) ;
#1732 = EDGE_LOOP ( 'NONE', ( #6071, #7004, #6408, #6942 ) ) ;
#1733 = MECHANICAL_DESIGN_GEOMETRIC_PRESENTATION_REPRESENTATION (  '', ( #3920 ), #2207 ) ;
#1734 = DIRECTION ( 'NONE',  ( 0.0000000000000000000, 0.0000000000000000000, -1.000000000000000000 ) ) ;
#1735 = LINE ( 'NONE', #6847, #3176 ) ;
#1736 = DIRECTION ( 'NONE',  ( 0.0000000000000000000, 1.000000000000000000, 0.0000000000000000000 ) ) ;
#1737 = ORIENTED_EDGE ( 'NONE', *, *, #2184, .T. ) ;
#1738 = STYLED_ITEM ( 'NONE', ( #1855 ), #7300 ) ;
#1739 = DIRECTION ( 'NONE',  ( -0.0000000000000000000, -1.000000000000000000, -0.0000000000000000000 ) ) ;
#1740 = VECTOR ( 'NONE', #3175, 1000.000000000000000 ) ;
#1741 = AXIS2_PLACEMENT_3D ( 'NONE', #457, #1043, #500 ) ;
#1742 = CARTESIAN_POINT ( 'NONE',  ( -0.1250000000000001100, 0.0000000000000000000, -1.999999999999999600 ) ) ;
#1743 = DIRECTION ( 'NONE',  ( 0.0000000000000000000, 1.000000000000000000, 0.0000000000000000000 ) ) ;
#1744 = DIRECTION ( 'NONE',  ( 0.0000000000000000000, -1.000000000000000000, 0.0000000000000000000 ) ) ;
#1745 = CARTESIAN_POINT ( 'NONE',  ( 0.5000000000000000000, 0.2000000000000000100, 1.725000000000001000 ) ) ;
#1746 = FACE_OUTER_BOUND ( 'NONE', #1478, .T. ) ;
#1747 = ORIENTED_EDGE ( 'NONE', *, *, #804, .T. ) ;
#1748 = VECTOR ( 'NONE', #5993, 1000.000000000000000 ) ;
#1749 = DIRECTION ( 'NONE',  ( 0.0000000000000000000, -1.000000000000000000, 0.0000000000000000000 ) ) ;
#1750 = CARTESIAN_POINT ( 'NONE',  ( 2.000000000000001800, 0.6716990566028315800, 0.3749999999999996700 ) ) ;
#1751 = DIRECTION ( 'NONE',  ( 0.0000000000000000000, 0.0000000000000000000, 1.000000000000000000 ) ) ;
#1752 = CARTESIAN_POINT ( 'NONE',  ( -1.725000000000000800, 0.1999999999999999800, 1.124999999999999800 ) ) ;
#1753 = CIRCLE ( 'NONE', #2309, 0.1250000000000003300 ) ;
#1754 = EDGE_LOOP ( 'NONE', ( #4811, #606, #3806, #2759 ) ) ;
#1755 = EDGE_LOOP ( 'NONE', ( #2813, #4628, #2565, #4163 ) ) ;
#1756 = EDGE_CURVE ( 'NONE', #4877, #5758, #3136, .T. ) ;
#1757 = CARTESIAN_POINT ( 'NONE',  ( -1.611480854806852200, 0.6999999999999999600, -1.611480854806850400 ) ) ;
#1758 = CARTESIAN_POINT ( 'NONE',  ( -0.8749999999999990000, 0.0000000000000000000, 2.000000000000000000 ) ) ;
#1759 = LINE ( 'NONE', #716, #5735 ) ;
#1760 = VECTOR ( 'NONE', #1772, 1000.000000000000000 ) ;
#1761 = ORIENTED_EDGE ( 'NONE', *, *, #6716, .T. ) ;
#1762 = CARTESIAN_POINT ( 'NONE',  ( -1.725000000000000300, 0.0000000000000000000, 0.4999999999999995600 ) ) ;
#1763 = CIRCLE ( 'NONE', #5518, 0.1250000000000001100 ) ;
#1764 = DIRECTION ( 'NONE',  ( 1.000000000000000000, 0.0000000000000000000, -1.734723475976802600E-015 ) ) ;
#1765 = EDGE_CURVE ( 'NONE', #2583, #7459, #6378, .T. ) ;
#1766 = LINE ( 'NONE', #5796, #4304 ) ;
#1767 = EDGE_CURVE ( 'NONE', #3998, #538, #7351, .T. ) ;
#1768 = DIRECTION ( 'NONE',  ( -1.000000000000000000, 0.0000000000000000000, 1.734723475976802600E-015 ) ) ;
#1769 = VERTEX_POINT ( 'NONE', #6045 ) ;
#1770 = AXIS2_PLACEMENT_3D ( 'NONE', #1982, #2537, #4292 ) ;
#1771 = LINE ( 'NONE', #3201, #5122 ) ;
#1772 = DIRECTION ( 'NONE',  ( -0.0000000000000000000, -1.000000000000000000, -0.0000000000000000000 ) ) ;
#1773 = CARTESIAN_POINT ( 'NONE',  ( -0.1249999999999996800, 0.2000000000000000100, 1.999999999999999600 ) ) ;
#1774 = ORIENTED_EDGE ( 'NONE', *, *, #6971, .T. ) ;
#1775 = EDGE_LOOP ( 'NONE', ( #6014, #5264, #432, #1116 ) ) ;
#1776 = DIRECTION ( 'NONE',  ( 1.577021341797104500E-015, 0.0000000000000000000, -1.000000000000000000 ) ) ;
#1777 = AXIS2_PLACEMENT_3D ( 'NONE', #625, #4636, #1152 ) ;
#1778 = CARTESIAN_POINT ( 'NONE',  ( -0.1249999999999996800, 0.6716990566028308000, 1.999999999999999600 ) ) ;
#1779 = CIRCLE ( 'NONE', #7207, 0.1250000000000001100 ) ;
#1780 = EDGE_CURVE ( 'NONE', #6758, #2705, #6108, .T. ) ;
#1781 = ORIENTED_EDGE ( 'NONE', *, *, #3666, .T. ) ;
#1782 = FILL_AREA_STYLE_COLOUR ( '', #5495 ) ;
#1783 = VECTOR ( 'NONE', #4739, 1000.000000000000000 ) ;
#1784 = AXIS2_PLACEMENT_3D ( 'NONE', #4924, #6630, #4371 ) ;
#1785 = ORIENTED_EDGE ( 'NONE', *, *, #1473, .F. ) ;
#1786 = AXIS2_PLACEMENT_3D ( 'NONE', #993, #2699, #1553 ) ;
#1787 = UNCERTAINTY_MEASURE_WITH_UNIT (LENGTH_MEASURE( 1.000000000000000100E-005 ), #4692, 'distance_accuracy_value', 'NONE');
#1788 = FACE_OUTER_BOUND ( 'NONE', #2232, .T. ) ;
#1789 = EDGE_LOOP ( 'NONE', ( #7258, #5942, #3743, #3045 ) ) ;
#1790 = LINE ( 'NONE', #6775, #6195 ) ;
#1791 = ORIENTED_EDGE ( 'NONE', *, *, #126, .F. ) ;
#1792 = CARTESIAN_POINT ( 'NONE',  ( 1.725000000000000800, 0.6716990566028315800, -0.3750000000000003300 ) ) ;
#1793 = DIRECTION ( 'NONE',  ( 0.0000000000000000000, -1.000000000000000000, 0.0000000000000000000 ) ) ;
#1794 = LINE ( 'NONE', #5911, #1420 ) ;
#1795 = CARTESIAN_POINT ( 'NONE',  ( 0.0000000000000000000, 0.0000000000000000000, 0.0000000000000000000 ) ) ;
#1796 = VERTEX_POINT ( 'NONE', #3786 ) ;
#1797 = ORIENTED_EDGE ( 'NONE', *, *, #6626, .F. ) ;
#1798 = VECTOR ( 'NONE', #4485, 1000.000000000000000 ) ;
#1799 = ORIENTED_EDGE ( 'NONE', *, *, #5007, .F. ) ;
#1800 = DIRECTION ( 'NONE',  ( 0.0000000000000000000, 1.000000000000000000, 0.0000000000000000000 ) ) ;
#1801 = DIRECTION ( 'NONE',  ( 0.0000000000000000000, -1.000000000000000000, 0.0000000000000000000 ) ) ;
#1802 = CARTESIAN_POINT ( 'NONE',  ( 1.725000000000000800, 0.6716990566028315800, 0.3749999999999996700 ) ) ;
#1803 = ORIENTED_EDGE ( 'NONE', *, *, #1811, .F. ) ;
#1804 = ORIENTED_EDGE ( 'NONE', *, *, #2884, .T. ) ;
#1805 = VERTEX_POINT ( 'NONE', #1983 ) ;
#1806 = ORIENTED_EDGE ( 'NONE', *, *, #5592, .F. ) ;
#1807 = DIRECTION ( 'NONE',  ( 3.469446951953614200E-015, 0.0000000000000000000, -1.000000000000000000 ) ) ;
#1808 = ORIENTED_EDGE ( 'NONE', *, *, #5602, .T. ) ;
#1809 = ORIENTED_EDGE ( 'NONE', *, *, #1955, .F. ) ;
#1810 = EDGE_CURVE ( 'NONE', #5797, #5214, #1410, .T. ) ;
#1811 = EDGE_CURVE ( 'NONE', #5467, #4998, #5850, .T. ) ;
#1812 = CARTESIAN_POINT ( 'NONE',  ( 0.1250000000000003300, 0.6716990566028308000, 1.725000000000001200 ) ) ;
#1813 = ADVANCED_FACE ( 'NONE', ( #3425 ), #3387, .F. ) ;
#1814 = AXIS2_PLACEMENT_3D ( 'NONE', #7188, #4333, #2626 ) ;
#1815 = ORIENTED_EDGE ( 'NONE', *, *, #5213, .T. ) ;
#1816 = VECTOR ( 'NONE', #1834, 1000.000000000000000 ) ;
#1817 = ORIENTED_EDGE ( 'NONE', *, *, #6588, .T. ) ;
#1818 = DIRECTION ( 'NONE',  ( -0.0000000000000000000, -1.000000000000000000, -0.0000000000000000000 ) ) ;
#1819 = EDGE_CURVE ( 'NONE', #2962, #6733, #62, .T. ) ;
#1820 = AXIS2_PLACEMENT_3D ( 'NONE', #3905, #6668, #4382 ) ;
#1821 = EDGE_LOOP ( 'NONE', ( #6644, #4520, #7251, #6212, #6265 ) ) ;
#1822 = DIRECTION ( 'NONE',  ( -0.0000000000000000000, -1.000000000000000000, -0.0000000000000000000 ) ) ;
#1823 = LINE ( 'NONE', #6140, #6431 ) ;
#1824 = FACE_OUTER_BOUND ( 'NONE', #4350, .T. ) ;
#1825 = CARTESIAN_POINT ( 'NONE',  ( 1.725000000000000300, 0.1999999999999999800, -0.5000000000000002200 ) ) ;
#1826 = LINE ( 'NONE', #4943, #3005 ) ;
#1827 = CARTESIAN_POINT ( 'NONE',  ( 1.000000000000000000, 0.1999999999999999800, 1.725000000000001000 ) ) ;
#1828 = ORIENTED_EDGE ( 'NONE', *, *, #7106, .T. ) ;
#1829 = VECTOR ( 'NONE', #7390, 1000.000000000000000 ) ;
#1830 = CARTESIAN_POINT ( 'NONE',  ( 0.3750000000000003300, 0.0000000000000000000, 1.999999999999999600 ) ) ;
#1831 = VECTOR ( 'NONE', #532, 1000.000000000000000 ) ;
#1832 = VECTOR ( 'NONE', #6555, 1000.000000000000000 ) ;
#1833 = ORIENTED_EDGE ( 'NONE', *, *, #2186, .F. ) ;
#1834 = DIRECTION ( 'NONE',  ( -1.000000000000000000, 0.0000000000000000000, 1.734723475976802600E-015 ) ) ;
#1835 = DIRECTION ( 'NONE',  ( 1.000000000000000000, -0.0000000000000000000, 0.0000000000000000000 ) ) ;
#1836 = LINE ( 'NONE', #5983, #4751 ) ;
#1837 = CARTESIAN_POINT ( 'NONE',  ( -2.000000000000000900, 0.1999999999999999800, 0.6249999999999996700 ) ) ;
#1838 = LINE ( 'NONE', #1994, #4032 ) ;
#1839 = VECTOR ( 'NONE', #6307, 1000.000000000000000 ) ;
#1840 = EDGE_CURVE ( 'NONE', #6650, #703, #241, .T. ) ;
#1841 = ORIENTED_EDGE ( 'NONE', *, *, #1142, .T. ) ;
#1842 = CARTESIAN_POINT ( 'NONE',  ( 1.725000000000000800, 0.1999999999999999800, 0.6249999999999996700 ) ) ;
#1843 = VECTOR ( 'NONE', #116, 1000.000000000000000 ) ;
#1844 = EDGE_CURVE ( 'NONE', #4156, #1174, #4321, .T. ) ;
#1845 = ADVANCED_FACE ( 'NONE', ( #428 ), #7444, .F. ) ;
#1846 = ORIENTED_EDGE ( 'NONE', *, *, #2594, .F. ) ;
#1847 = ORIENTED_EDGE ( 'NONE', *, *, #7387, .T. ) ;
#1848 = SURFACE_STYLE_USAGE ( .BOTH. , #1268 ) ;
#1849 = CARTESIAN_POINT ( 'NONE',  ( 0.0000000000000000000, 0.0000000000000000000, 1.600000000000000800 ) ) ;
#1850 =( NAMED_UNIT ( * ) PLANE_ANGLE_UNIT ( ) SI_UNIT ( $, .RADIAN. ) );
#1851 = EDGE_CURVE ( 'NONE', #4535, #6158, #2764, .T. ) ;
#1852 = DIRECTION ( 'NONE',  ( 1.000000000000000000, -0.0000000000000000000, 1.577021341797104500E-015 ) ) ;
#1853 = ORIENTED_EDGE ( 'NONE', *, *, #112, .F. ) ;
#1854 = EDGE_CURVE ( 'NONE', #4439, #7416, #5245, .T. ) ;
#1855 = PRESENTATION_STYLE_ASSIGNMENT (( #4307 ) ) ;
#1856 = ORIENTED_EDGE ( 'NONE', *, *, #2731, .F. ) ;
#1857 = VERTEX_POINT ( 'NONE', #4087 ) ;
#1858 = STYLED_ITEM ( 'NONE', ( #3407 ), #2526 ) ;
#1859 = ORIENTED_EDGE ( 'NONE', *, *, #690, .T. ) ;
#1860 = SURFACE_STYLE_FILL_AREA ( #7319 ) ;
#1861 = ORIENTED_EDGE ( 'NONE', *, *, #3271, .F. ) ;
#1862 = VECTOR ( 'NONE', #2850, 1000.000000000000000 ) ;
#1863 = AXIS2_PLACEMENT_3D ( 'NONE', #3742, #2499, #1355 ) ;
#1864 = ORIENTED_EDGE ( 'NONE', *, *, #936, .F. ) ;
#1865 = DIRECTION ( 'NONE',  ( 0.0000000000000000000, 0.0000000000000000000, 1.000000000000000000 ) ) ;
#1866 = CARTESIAN_POINT ( 'NONE',  ( 0.5000000000000000000, 0.2000000000000000100, -1.725000000000000100 ) ) ;
#1867 = VERTEX_POINT ( 'NONE', #4005 ) ;
#1868 = COLOUR_RGB ( '',0.7921568627450980000, 0.8196078431372548800, 0.9333333333333333500 ) ;
#1869 = ORIENTED_EDGE ( 'NONE', *, *, #501, .T. ) ;
#1870 = AXIS2_PLACEMENT_3D ( 'NONE', #1792, #19, #4084 ) ;
#1871 = CYLINDRICAL_SURFACE ( 'NONE', #1437, 0.1250000000000003300 ) ;
#1872 = DIRECTION ( 'NONE',  ( 0.0000000000000000000, -1.000000000000000000, 0.0000000000000000000 ) ) ;
#1873 = VERTEX_POINT ( 'NONE', #6346 ) ;
#1874 = DIRECTION ( 'NONE',  ( -1.000000000000000000, 0.0000000000000000000, -1.734723475976802600E-015 ) ) ;
#1875 = ORIENTED_EDGE ( 'NONE', *, *, #1660, .T. ) ;
#1876 = CIRCLE ( 'NONE', #5182, 0.1250000000000001100 ) ;
#1877 = EDGE_LOOP ( 'NONE', ( #5429, #2134, #7357, #4724 ) ) ;
#1878 = DIRECTION ( 'NONE',  ( -1.845450506358306100E-016, 0.0000000000000000000, 1.000000000000000000 ) ) ;
#1879 = VECTOR ( 'NONE', #1495, 1000.000000000000000 ) ;
#1880 = SURFACE_SIDE_STYLE ('',( #6091 ) ) ;
#1881 = ORIENTED_EDGE ( 'NONE', *, *, #3650, .F. ) ;
#1882 = VERTEX_POINT ( 'NONE', #4559 ) ;
#1883 = VERTEX_POINT ( 'NONE', #600 ) ;
#1884 = CARTESIAN_POINT ( 'NONE',  ( 0.1250000000000005600, 0.1999999999999999800, 1.725000000000001200 ) ) ;
#1885 = ADVANCED_FACE ( 'NONE', ( #522 ), #5708, .F. ) ;
#1886 = CARTESIAN_POINT ( 'NONE',  ( 1.300000000000000000, 0.05000000000000000300, 0.0000000000000000000 ) ) ;
#1887 = DIRECTION ( 'NONE',  ( -0.0000000000000000000, -1.000000000000000000, -0.0000000000000000000 ) ) ;
#1888 = EDGE_LOOP ( 'NONE', ( #4429, #3224, #959, #166, #6603 ) ) ;
#1889 = CARTESIAN_POINT ( 'NONE',  ( -1.174999999999999400, 0.2000000000000000900, -1.175000000000000000 ) ) ;
#1890 = DIRECTION ( 'NONE',  ( 0.0000000000000000000, -1.000000000000000000, 0.0000000000000000000 ) ) ;
#1891 = CARTESIAN_POINT ( 'NONE',  ( 0.1250000000000001100, 0.1999999999999999800, -1.725000000000001200 ) ) ;
#1892 = EDGE_CURVE ( 'NONE', #3434, #367, #6912, .T. ) ;
#1893 = ORIENTED_EDGE ( 'NONE', *, *, #6350, .T. ) ;
#1894 = DIRECTION ( 'NONE',  ( 0.0000000000000000000, -0.0000000000000000000, 1.000000000000000000 ) ) ;
#1895 = EDGE_CURVE ( 'NONE', #2042, #5853, #2681, .T. ) ;
#1896 = DIRECTION ( 'NONE',  ( 0.0000000000000000000, -0.0000000000000000000, -1.000000000000000000 ) ) ;
#1897 = DIRECTION ( 'NONE',  ( 3.469446951953614200E-015, -0.0000000000000000000, 1.000000000000000000 ) ) ;
#1898 = CYLINDRICAL_SURFACE ( 'NONE', #6888, 0.1250000000000003300 ) ;
#1899 = AXIS2_PLACEMENT_3D ( 'NONE', #5063, #5637, #6219 ) ;
#1900 = CARTESIAN_POINT ( 'NONE',  ( -0.8749999999999990000, 0.04999999999999999600, 2.000000000000000000 ) ) ;
#1901 = VERTEX_POINT ( 'NONE', #4150 ) ;
#1902 =( GEOMETRIC_REPRESENTATION_CONTEXT ( 3 ) GLOBAL_UNCERTAINTY_ASSIGNED_CONTEXT ( ( #2793 ) ) GLOBAL_UNIT_ASSIGNED_CONTEXT ( ( #4993, #5516, #345 ) ) REPRESENTATION_CONTEXT ( 'NONE', 'WORKASPACE' ) );
#1903 = DIRECTION ( 'NONE',  ( -1.000000000000000000, 0.0000000000000000000, 0.0000000000000000000 ) ) ;
#1904 = FACE_OUTER_BOUND ( 'NONE', #2871, .T. ) ;
#1905 = DIRECTION ( 'NONE',  ( 1.577021341797104500E-015, 0.0000000000000000000, 1.000000000000000000 ) ) ;
#1906 = DIRECTION ( 'NONE',  ( 0.0000000000000000000, -1.000000000000000000, 0.0000000000000000000 ) ) ;
#1907 = EDGE_CURVE ( 'NONE', #4085, #6730, #340, .T. ) ;
#1908 = CARTESIAN_POINT ( 'NONE',  ( 2.000000000000001800, 0.1999999999999999800, 0.3749999999999996700 ) ) ;
#1909 = AXIS2_PLACEMENT_3D ( 'NONE', #1618, #6754, #3367 ) ;
#1910 = CARTESIAN_POINT ( 'NONE',  ( 2.000000000000001800, 0.6716990566028315800, -0.1250000000000003300 ) ) ;
#1911 = CYLINDRICAL_SURFACE ( 'NONE', #4895, 0.1250000000000003300 ) ;
#1912 = ORIENTED_EDGE ( 'NONE', *, *, #3485, .T. ) ;
#1913 = AXIS2_PLACEMENT_3D ( 'NONE', #1535, #1585, #6744 ) ;
#1914 = FACE_OUTER_BOUND ( 'NONE', #2072, .T. ) ;
#1915 = MECHANICAL_DESIGN_GEOMETRIC_PRESENTATION_REPRESENTATION (  '', ( #178 ), #1683 ) ;
#1916 = CARTESIAN_POINT ( 'NONE',  ( -1.725000000000000800, 0.6716990566028315800, -0.3750000000000003300 ) ) ;
#1917 =( LENGTH_UNIT ( ) NAMED_UNIT ( * ) SI_UNIT ( .MILLI., .METRE. ) );
#1918 = SURFACE_SIDE_STYLE ('',( #6076 ) ) ;
#1919 = DIRECTION ( 'NONE',  ( -0.0000000000000000000, -1.000000000000000000, -0.0000000000000000000 ) ) ;
#1920 = VECTOR ( 'NONE', #2002, 1000.000000000000000 ) ;
#1921 = VECTOR ( 'NONE', #4566, 1000.000000000000000 ) ;
#1922 = ORIENTED_EDGE ( 'NONE', *, *, #2763, .F. ) ;
#1923 = ADVANCED_FACE ( 'NONE', ( #4864 ), #1151, .F. ) ;
#1924 = EDGE_LOOP ( 'NONE', ( #1338, #6984, #1995, #7383, #4074 ) ) ;
#1925 = FILL_AREA_STYLE ('',( #1953 ) ) ;
#1926 = CYLINDRICAL_SURFACE ( 'NONE', #1439, 0.1250000000000003300 ) ;
#1927 = CARTESIAN_POINT ( 'NONE',  ( 0.8749999999999996700, 0.6716990566028308000, -1.725000000000000800 ) ) ;
#1928 = CARTESIAN_POINT ( 'NONE',  ( 0.8750000000000003300, 0.04999999999999969700, 1.999999999999999600 ) ) ;
#1929 = VECTOR ( 'NONE', #813, 1000.000000000000000 ) ;
#1930 = VECTOR ( 'NONE', #4645, 1000.000000000000000 ) ;
#1931 = PLANE ( 'NONE',  #4890 ) ;
#1932 = ORIENTED_EDGE ( 'NONE', *, *, #4734, .T. ) ;
#1933 = VECTOR ( 'NONE', #5129, 1000.000000000000000 ) ;
#1934 = CARTESIAN_POINT ( 'NONE',  ( 0.0000000000000000000, 0.2000000000000000100, 1.725000000000001000 ) ) ;
#1935 = LINE ( 'NONE', #6258, #3117 ) ;
#1936 = DIRECTION ( 'NONE',  ( -0.0000000000000000000, -1.000000000000000000, -0.0000000000000000000 ) ) ;
#1937 = ORIENTED_EDGE ( 'NONE', *, *, #5273, .T. ) ;
#1938 = CARTESIAN_POINT ( 'NONE',  ( 1.725000000000000800, 0.1999999999999999800, -0.8750000000000003300 ) ) ;
#1939 = LINE ( 'NONE', #2543, #7156 ) ;
#1940 = EDGE_CURVE ( 'NONE', #6656, #639, #6726, .T. ) ;
#1941 = ORIENTED_EDGE ( 'NONE', *, *, #2491, .T. ) ;
#1942 = LINE ( 'NONE', #1908, #2122 ) ;
#1943 = ORIENTED_EDGE ( 'NONE', *, *, #1014, .F. ) ;
#1944 = CARTESIAN_POINT ( 'NONE',  ( 1.125000000000000400, 0.1999999999999999800, 1.725000000000001200 ) ) ;
#1945 = DIRECTION ( 'NONE',  ( 1.000000000000000000, 0.0000000000000000000, -1.577021341797107100E-015 ) ) ;
#1946 = EDGE_CURVE ( 'NONE', #5579, #3989, #3318, .T. ) ;
#1947 = CARTESIAN_POINT ( 'NONE',  ( 1.174999999999999800, 0.0000000000000000000, 1.174999999999999800 ) ) ;
#1948 = STYLED_ITEM ( 'NONE', ( #5477 ), #69 ) ;
#1949 = CIRCLE ( 'NONE', #6836, 0.1250000000000003300 ) ;
#1950 = ORIENTED_EDGE ( 'NONE', *, *, #5456, .F. ) ;
#1951 = VECTOR ( 'NONE', #1835, 1000.000000000000000 ) ;
#1952 = VERTEX_POINT ( 'NONE', #4105 ) ;
#1953 = FILL_AREA_STYLE_COLOUR ( '', #6637 ) ;
#1954 = CARTESIAN_POINT ( 'NONE',  ( 0.1250000000000005600, 0.0000000000000000000, 1.725000000000001200 ) ) ;
#1955 = EDGE_CURVE ( 'NONE', #1524, #2969, #3690, .T. ) ;
#1956 = VECTOR ( 'NONE', #1421, 1000.000000000000000 ) ;
#1957 = EDGE_CURVE ( 'NONE', #2442, #145, #6291, .T. ) ;
#1958 = ORIENTED_EDGE ( 'NONE', *, *, #5115, .F. ) ;
#1959 = EDGE_CURVE ( 'NONE', #5895, #3788, #154, .T. ) ;
#1960 = ORIENTED_EDGE ( 'NONE', *, *, #5867, .F. ) ;
#1961 = VECTOR ( 'NONE', #2070, 1000.000000000000000 ) ;
#1962 = AXIS2_PLACEMENT_3D ( 'NONE', #6975, #2937, #677 ) ;
#1963 = EDGE_LOOP ( 'NONE', ( #7139, #5296, #263, #1722 ) ) ;
#1964 = DIRECTION ( 'NONE',  ( 1.000000000000000000, 0.0000000000000000000, -1.734723475976802600E-015 ) ) ;
#1965 = ADVANCED_FACE ( 'NONE', ( #4416 ), #2389, .T. ) ;
#1966 = CARTESIAN_POINT ( 'NONE',  ( 2.000000000000000900, 0.6716990566028315800, 0.6249999999999996700 ) ) ;
#1967 = AXIS2_PLACEMENT_3D ( 'NONE', #7171, #4942, #4282 ) ;
#1968 = ORIENTED_EDGE ( 'NONE', *, *, #2250, .T. ) ;
#1969 = PLANE ( 'NONE',  #2203 ) ;
#1970 = VERTEX_POINT ( 'NONE', #5002 ) ;
#1971 = LINE ( 'NONE', #1663, #715 ) ;
#1972 = ORIENTED_EDGE ( 'NONE', *, *, #5219, .T. ) ;
#1973 = VERTEX_POINT ( 'NONE', #7310 ) ;
#1974 = DIRECTION ( 'NONE',  ( 0.0000000000000000000, -1.000000000000000000, 0.0000000000000000000 ) ) ;
#1975 = PRESENTATION_STYLE_ASSIGNMENT (( #1848 ) ) ;
#1976 = DIRECTION ( 'NONE',  ( 0.0000000000000000000, 0.0000000000000000000, 1.000000000000000000 ) ) ;
#1977 = EDGE_LOOP ( 'NONE', ( #1334, #7086, #724, #4418 ) ) ;
#1978 = EDGE_LOOP ( 'NONE', ( #2993, #1258, #3688, #2191, #1147 ) ) ;
#1979 = ORIENTED_EDGE ( 'NONE', *, *, #6250, .F. ) ;
#1980 = PRODUCT ( 'AD8232', 'AD8232', '', ( #5193 ) ) ;
#1981 = CARTESIAN_POINT ( 'NONE',  ( -1.174999999999999400, 0.2000000000000000900, 1.300000000000000000 ) ) ;
#1982 = CARTESIAN_POINT ( 'NONE',  ( 2.000000000000001800, 0.6716990566028315800, -0.1250000000000003300 ) ) ;
#1983 = CARTESIAN_POINT ( 'NONE',  ( -2.000000000000001800, 0.0000000000000000000, -0.6250000000000003300 ) ) ;
#1984 = PLANE ( 'NONE',  #1140 ) ;
#1985 = ORIENTED_EDGE ( 'NONE', *, *, #978, .F. ) ;
#1986 = ORIENTED_EDGE ( 'NONE', *, *, #254, .F. ) ;
#1987 = CARTESIAN_POINT ( 'NONE',  ( 1.725000000000000800, 0.1999999999999999800, 0.1249999999999996800 ) ) ;
#1988 = DIRECTION ( 'NONE',  ( -1.577021341797104500E-015, 0.0000000000000000000, 1.000000000000000000 ) ) ;
#1989 = ORIENTED_EDGE ( 'NONE', *, *, #5273, .F. ) ;
#1990 = DIRECTION ( 'NONE',  ( 0.0000000000000000000, -0.0000000000000000000, 1.000000000000000000 ) ) ;
#1991 = CARTESIAN_POINT ( 'NONE',  ( -6.899468370362261900E-016, 0.05000000000000000300, 0.8749999999999981100 ) ) ;
#1992 = EDGE_CURVE ( 'NONE', #2102, #773, #2868, .T. ) ;
#1993 = DIRECTION ( 'NONE',  ( -1.000000000000000000, 0.0000000000000000000, 1.734723475976802600E-015 ) ) ;
#1994 = CARTESIAN_POINT ( 'NONE',  ( 0.6250000000000005600, 0.6716990566028308000, -2.000000000000000000 ) ) ;
#1995 = ORIENTED_EDGE ( 'NONE', *, *, #6388, .F. ) ;
#1996 = DIRECTION ( 'NONE',  ( 0.0000000000000000000, -0.0000000000000000000, 1.000000000000000000 ) ) ;
#1997 = CARTESIAN_POINT ( 'NONE',  ( -1.611480854806852200, 0.8000000000000000400, -1.779173740621465400 ) ) ;
#1998 = DIRECTION ( 'NONE',  ( 0.0000000000000000000, 0.0000000000000000000, -1.000000000000000000 ) ) ;
#1999 = DIRECTION ( 'NONE',  ( 1.577021341797104500E-015, 0.0000000000000000000, 1.000000000000000000 ) ) ;
#2000 = EDGE_CURVE ( 'NONE', #2369, #4172, #3052, .T. ) ;
#2001 = ADVANCED_FACE ( 'NONE', ( #1323 ), #5618, .F. ) ;
#2002 = DIRECTION ( 'NONE',  ( 0.0000000000000000000, -1.000000000000000000, 0.0000000000000000000 ) ) ;
#2003 = EDGE_LOOP ( 'NONE', ( #3329, #1237, #6077, #626 ) ) ;
#2004 = EDGE_CURVE ( 'NONE', #3410, #2664, #7254, .T. ) ;
#2005 = CARTESIAN_POINT ( 'NONE',  ( 0.1250000000000009700, 0.0000000000000000000, 2.000000000000000000 ) ) ;
#2006 = AXIS2_PLACEMENT_3D ( 'NONE', #3015, #3631, #138 ) ;
#2007 = LINE ( 'NONE', #732, #6423 ) ;
#2008 = DIRECTION ( 'NONE',  ( 0.0000000000000000000, -0.0000000000000000000, 1.000000000000000000 ) ) ;
#2009 = CIRCLE ( 'NONE', #3283, 0.1250000000000001100 ) ;
#2010 = AXIS2_PLACEMENT_3D ( 'NONE', #2981, #6490, #728 ) ;
#2011 = CARTESIAN_POINT ( 'NONE',  ( -1.125000000000000200, 0.0000000000000000000, -1.999999999999999600 ) ) ;
#2012 = LINE ( 'NONE', #2672, #841 ) ;
#2013 = ORIENTED_EDGE ( 'NONE', *, *, #1728, .T. ) ;
#2014 = DIRECTION ( 'NONE',  ( -0.0000000000000000000, -1.000000000000000000, -0.0000000000000000000 ) ) ;
#2015 = VECTOR ( 'NONE', #918, 1000.000000000000000 ) ;
#2016 = FILL_AREA_STYLE ('',( #246 ) ) ;
#2017 =( GEOMETRIC_REPRESENTATION_CONTEXT ( 3 ) GLOBAL_UNCERTAINTY_ASSIGNED_CONTEXT ( ( #6576 ) ) GLOBAL_UNIT_ASSIGNED_CONTEXT ( ( #4889, #1405, #2578 ) ) REPRESENTATION_CONTEXT ( 'NONE', 'WORKASPACE' ) );
#2018 = CARTESIAN_POINT ( 'NONE',  ( 0.1250000000000009700, 0.04999999999999969700, 2.000000000000000000 ) ) ;
#2019 = CARTESIAN_POINT ( 'NONE',  ( -2.000000000000001800, 0.1999999999999999800, 0.8749999999999996700 ) ) ;
#2020 = VECTOR ( 'NONE', #461, 1000.000000000000000 ) ;
#2021 = AXIS2_PLACEMENT_3D ( 'NONE', #3466, #1221, #6916 ) ;
#2022 = ORIENTED_EDGE ( 'NONE', *, *, #7149, .T. ) ;
#2023 = PLANE ( 'NONE',  #2500 ) ;
#2024 = CARTESIAN_POINT ( 'NONE',  ( 0.5000000000000000000, 0.1999999999999999800, 1.725000000000001000 ) ) ;
#2025 = CARTESIAN_POINT ( 'NONE',  ( -1.125000000000000400, 0.6716990566028308000, -1.725000000000000800 ) ) ;
#2026 = DIRECTION ( 'NONE',  ( 0.0000000000000000000, 0.0000000000000000000, -1.000000000000000000 ) ) ;
#2027 = FACE_OUTER_BOUND ( 'NONE', #6043, .T. ) ;
#2028 = VECTOR ( 'NONE', #2647, 1000.000000000000000 ) ;
#2029 = VECTOR ( 'NONE', #537, 1000.000000000000000 ) ;
#2030 = DIRECTION ( 'NONE',  ( -1.577021341797107100E-015, 0.0000000000000000000, -1.000000000000000000 ) ) ;
#2031 = DIRECTION ( 'NONE',  ( 0.0000000000000000000, -1.000000000000000000, 0.0000000000000000000 ) ) ;
#2032 = LINE ( 'NONE', #3286, #4393 ) ;
#2033 = DIRECTION ( 'NONE',  ( 0.0000000000000000000, 1.000000000000000000, 0.0000000000000000000 ) ) ;
#2034 = VERTEX_POINT ( 'NONE', #6712 ) ;
#2035 = ORIENTED_EDGE ( 'NONE', *, *, #2349, .T. ) ;
#2036 = DIRECTION ( 'NONE',  ( -1.000000000000000000, 0.0000000000000000000, 0.0000000000000000000 ) ) ;
#2037 = ADVANCED_FACE ( 'NONE', ( #1788 ), #6551, .F. ) ;
#2038 = CIRCLE ( 'NONE', #1777, 0.1250000000000001100 ) ;
#2039 = PLANE ( 'NONE',  #6550 ) ;
#2040 = ORIENTED_EDGE ( 'NONE', *, *, #516, .F. ) ;
#2041 = FACE_OUTER_BOUND ( 'NONE', #4107, .T. ) ;
#2042 = VERTEX_POINT ( 'NONE', #7367 ) ;
#2043 = DIRECTION ( 'NONE',  ( -1.000000000000000000, 0.0000000000000000000, -0.0000000000000000000 ) ) ;
#2044 = DIRECTION ( 'NONE',  ( -1.000000000000000000, 0.0000000000000000000, -1.577021341797104500E-015 ) ) ;
#2045 = EDGE_CURVE ( 'NONE', #2149, #2583, #956, .T. ) ;
#2046 = DIRECTION ( 'NONE',  ( -0.0000000000000000000, -1.000000000000000000, -0.0000000000000000000 ) ) ;
#2047 = DIRECTION ( 'NONE',  ( -0.0000000000000000000, -1.000000000000000000, -0.0000000000000000000 ) ) ;
#2048 = ORIENTED_EDGE ( 'NONE', *, *, #6069, .T. ) ;
#2049 = DIRECTION ( 'NONE',  ( 1.577021341797104500E-015, 0.0000000000000000000, -1.000000000000000000 ) ) ;
#2050 = EDGE_CURVE ( 'NONE', #5765, #5100, #4693, .T. ) ;
#2051 = LINE ( 'NONE', #4414, #4777 ) ;
#2052 = ORIENTED_EDGE ( 'NONE', *, *, #4327, .F. ) ;
#2053 = ORIENTED_EDGE ( 'NONE', *, *, #3086, .F. ) ;
#2054 = ORIENTED_EDGE ( 'NONE', *, *, #7442, .F. ) ;
#2055 = LINE ( 'NONE', #6068, #5333 ) ;
#2056 = ORIENTED_EDGE ( 'NONE', *, *, #546, .T. ) ;
#2057 = EDGE_CURVE ( 'NONE', #1491, #6557, #5921, .T. ) ;
#2058 = VECTOR ( 'NONE', #3206, 1000.000000000000000 ) ;
#2059 = AXIS2_PLACEMENT_3D ( 'NONE', #4249, #3179, #6513 ) ;
#2060 = ORIENTED_EDGE ( 'NONE', *, *, #5957, .F. ) ;
#2061 = EDGE_LOOP ( 'NONE', ( #7174, #7011, #1218, #1630 ) ) ;
#2062 = CARTESIAN_POINT ( 'NONE',  ( -2.000000000000000900, 0.6716990566028315800, -0.3750000000000003300 ) ) ;
#2063 = AXIS2_PLACEMENT_3D ( 'NONE', #5741, #5200, #6186 ) ;
#2064 = CARTESIAN_POINT ( 'NONE',  ( -2.000000000000000900, 0.1999999999999999800, 0.1249999999999996800 ) ) ;
#2065 = DIRECTION ( 'NONE',  ( 0.0000000000000000000, -1.000000000000000000, 0.0000000000000000000 ) ) ;
#2066 = ORIENTED_EDGE ( 'NONE', *, *, #2867, .T. ) ;
#2067 = ORIENTED_EDGE ( 'NONE', *, *, #7289, .T. ) ;
#2068 = ORIENTED_EDGE ( 'NONE', *, *, #6828, .T. ) ;
#2069 = DIRECTION ( 'NONE',  ( 0.0000000000000000000, 0.0000000000000000000, -1.000000000000000000 ) ) ;
#2070 = DIRECTION ( 'NONE',  ( 0.0000000000000000000, -0.0000000000000000000, 1.000000000000000000 ) ) ;
#2071 = ADVANCED_FACE ( 'NONE', ( #1045 ), #3927, .T. ) ;
#2072 = EDGE_LOOP ( 'NONE', ( #4428, #5173, #4219, #7372 ) ) ;
#2073 = CARTESIAN_POINT ( 'NONE',  ( 1.999999999999999100, 0.8000000000000003800, -1.999999999999999100 ) ) ;
#2074 = DIRECTION ( 'NONE',  ( -1.000000000000000000, 0.0000000000000000000, 1.577021341797104700E-015 ) ) ;
#2075 = PLANE ( 'NONE',  #4261 ) ;
#2076 = ORIENTED_EDGE ( 'NONE', *, *, #1073, .T. ) ;
#2077 = VECTOR ( 'NONE', #2609, 1000.000000000000000 ) ;
#2078 = CARTESIAN_POINT ( 'NONE',  ( -1.125000000000000200, 0.04999999999999999600, -1.999999999999999600 ) ) ;
#2079 = EDGE_CURVE ( 'NONE', #6557, #5405, #515, .T. ) ;
#2080 = ORIENTED_EDGE ( 'NONE', *, *, #5601, .T. ) ;
#2081 = DIRECTION ( 'NONE',  ( 3.469446951953614200E-015, -0.0000000000000000000, 1.000000000000000000 ) ) ;
#2082 = CARTESIAN_POINT ( 'NONE',  ( -1.725000000000000800, 0.6716990566028315800, 0.3749999999999994400 ) ) ;
#2083 = CARTESIAN_POINT ( 'NONE',  ( -0.3749999999999996700, 0.1999999999999999800, 1.725000000000001200 ) ) ;
#2084 = VECTOR ( 'NONE', #1657, 1000.000000000000000 ) ;
#2085 = EDGE_CURVE ( 'NONE', #7304, #3520, #5757, .T. ) ;
#2086 = CARTESIAN_POINT ( 'NONE',  ( -0.5000000000000000000, 0.1999999999999999800, 1.600000000000000800 ) ) ;
#2087 = CARTESIAN_POINT ( 'NONE',  ( 0.3750000000000003300, 0.2000000000000000100, 1.999999999999999600 ) ) ;
#2088 = DIRECTION ( 'NONE',  ( 0.0000000000000000000, 1.000000000000000000, -0.0000000000000000000 ) ) ;
#2089 = CARTESIAN_POINT ( 'NONE',  ( -0.8749999999999996700, 0.0000000000000000000, 1.725000000000001200 ) ) ;
#2090 = LINE ( 'NONE', #2424, #2463 ) ;
#2091 = EDGE_CURVE ( 'NONE', #4700, #718, #1949, .T. ) ;
#2092 = ORIENTED_EDGE ( 'NONE', *, *, #2000, .F. ) ;
#2093 = VECTOR ( 'NONE', #670, 1000.000000000000000 ) ;
#2094 = CARTESIAN_POINT ( 'NONE',  ( -0.8749999999999998900, 0.1999999999999999800, -1.725000000000001200 ) ) ;
#2095 = MANIFOLD_SOLID_BREP ( 'LPattern4[6]', #2928 ) ;
#2096 = EDGE_CURVE ( 'NONE', #2675, #7184, #422, .T. ) ;
#2097 = EDGE_CURVE ( 'NONE', #2795, #686, #4050, .T. ) ;
#2098 = CARTESIAN_POINT ( 'NONE',  ( -1.725000000000000800, 0.6716990566028315800, -0.8750000000000003300 ) ) ;
#2099 = VECTOR ( 'NONE', #4540, 1000.000000000000000 ) ;
#2100 = LINE ( 'NONE', #4868, #5006 ) ;
#2101 = ORIENTED_EDGE ( 'NONE', *, *, #3568, .T. ) ;
#2102 = VERTEX_POINT ( 'NONE', #5266 ) ;
#2103 = LINE ( 'NONE', #5306, #854 ) ;
#2104 = CARTESIAN_POINT ( 'NONE',  ( 0.6250000000000003300, 0.6716990566028308000, 1.725000000000001200 ) ) ;
#2105 = ADVANCED_FACE ( 'NONE', ( #4951 ), #6334, .F. ) ;
#2106 = LINE ( 'NONE', #4863, #5111 ) ;
#2107 = CARTESIAN_POINT ( 'NONE',  ( -1.725000000000000800, 0.0000000000000000000, -0.8750000000000003300 ) ) ;
#2108 = ADVANCED_FACE ( 'NONE', ( #7170 ), #1703, .T. ) ;
#2109 = LINE ( 'NONE', #3394, #3579 ) ;
#2110 = ORIENTED_EDGE ( 'NONE', *, *, #845, .F. ) ;
#2111 = AXIS2_PLACEMENT_3D ( 'NONE', #5619, #4539, #6194 ) ;
#2112 = CARTESIAN_POINT ( 'NONE',  ( -2.000000000000000900, 0.0000000000000000000, 1.124999999999999800 ) ) ;
#2113 = CARTESIAN_POINT ( 'NONE',  ( -1.300000000000000000, -0.0000000000000000000, -1.175000000000000000 ) ) ;
#2114 = CARTESIAN_POINT ( 'NONE',  ( 2.000000000000001800, 0.6716990566028315800, -1.125000000000000400 ) ) ;
#2115 = LINE ( 'NONE', #7384, #939 ) ;
#2116 = DIRECTION ( 'NONE',  ( 0.0000000000000000000, 0.0000000000000000000, -1.000000000000000000 ) ) ;
#2117 = DIRECTION ( 'NONE',  ( -1.577021341797104500E-015, -0.0000000000000000000, -1.000000000000000000 ) ) ;
#2118 = ORIENTED_EDGE ( 'NONE', *, *, #6060, .F. ) ;
#2119 = CYLINDRICAL_SURFACE ( 'NONE', #2010, 0.1250000000000003300 ) ;
#2120 = DIRECTION ( 'NONE',  ( -0.0000000000000000000, -1.000000000000000000, -0.0000000000000000000 ) ) ;
#2121 = ORIENTED_EDGE ( 'NONE', *, *, #4678, .F. ) ;
#2122 = VECTOR ( 'NONE', #3672, 1000.000000000000000 ) ;
#2123 = EDGE_LOOP ( 'NONE', ( #5084, #1030, #3106, #5125 ) ) ;
#2124 = DIRECTION ( 'NONE',  ( 0.0000000000000000000, 1.000000000000000000, 0.0000000000000000000 ) ) ;
#2125 = CARTESIAN_POINT ( 'NONE',  ( 2.000000000000000900, 0.6716990566028315800, -0.3750000000000003300 ) ) ;
#2126 = CIRCLE ( 'NONE', #7472, 0.1250000000000001100 ) ;
#2127 = EDGE_CURVE ( 'NONE', #4719, #1597, #7443, .T. ) ;
#2128 = VERTEX_POINT ( 'NONE', #5157 ) ;
#2129 = LINE ( 'NONE', #1261, #5847 ) ;
#2130 = ORIENTED_EDGE ( 'NONE', *, *, #3896, .F. ) ;
#2131 = VECTOR ( 'NONE', #4344, 1000.000000000000000 ) ;
#2132 = DIRECTION ( 'NONE',  ( 0.0000000000000000000, 1.000000000000000000, 0.0000000000000000000 ) ) ;
#2133 = ORIENTED_EDGE ( 'NONE', *, *, #465, .F. ) ;
#2134 = ORIENTED_EDGE ( 'NONE', *, *, #4776, .F. ) ;
#2135 = DIRECTION ( 'NONE',  ( 0.0000000000000000000, -1.000000000000000000, 0.0000000000000000000 ) ) ;
#2136 = VECTOR ( 'NONE', #2173, 1000.000000000000000 ) ;
#2137 = CARTESIAN_POINT ( 'NONE',  ( -1.725000000000000800, 0.1999999999999999800, -0.8750000000000003300 ) ) ;
#2138 = ORIENTED_EDGE ( 'NONE', *, *, #3470, .F. ) ;
#2139 = EDGE_CURVE ( 'NONE', #5326, #6041, #3417, .T. ) ;
#2140 = CARTESIAN_POINT ( 'NONE',  ( -1.125000000000000200, 0.1999999999999999800, -1.999999999999999600 ) ) ;
#2141 = VECTOR ( 'NONE', #2484, 1000.000000000000000 ) ;
#2142 = PLANE ( 'NONE',  #5605 ) ;
#2143 = PLANE ( 'NONE',  #3334 ) ;
#2144 = EDGE_CURVE ( 'NONE', #5040, #4681, #6717, .T. ) ;
#2145 = CARTESIAN_POINT ( 'NONE',  ( -1.725000000000000800, 0.6716990566028315800, 0.6249999999999996700 ) ) ;
#2146 = CLOSED_SHELL ( 'NONE', ( #3333, #6463, #415, #2754, #6226, #3293 ) ) ;
#2147 = FACE_OUTER_BOUND ( 'NONE', #574, .T. ) ;
#2148 = AXIS2_PLACEMENT_3D ( 'NONE', #1710, #1736, #3970 ) ;
#2149 = VERTEX_POINT ( 'NONE', #3437 ) ;
#2150 = ORIENTED_EDGE ( 'NONE', *, *, #5105, .F. ) ;
#2151 = CARTESIAN_POINT ( 'NONE',  ( 0.6250000000000005600, 0.0000000000000000000, -2.000000000000000000 ) ) ;
#2152 = ADVANCED_FACE ( 'NONE', ( #4143 ), #1679, .T. ) ;
#2153 = CARTESIAN_POINT ( 'NONE',  ( -1.611480854806852200, 0.8000000000000000400, -1.443787968992235700 ) ) ;
#2154 = CARTESIAN_POINT ( 'NONE',  ( -1.300000000000000000, 0.0000000000000000000, -0.8750000000000001100 ) ) ;
#2155 = ADVANCED_FACE ( 'NONE', ( #5239 ), #3904, .T. ) ;
#2156 = VECTOR ( 'NONE', #3892, 1000.000000000000000 ) ;
#2157 = DIRECTION ( 'NONE',  ( -0.0000000000000000000, -1.000000000000000000, -0.0000000000000000000 ) ) ;
#2158 = VERTEX_POINT ( 'NONE', #360 ) ;
#2159 = VERTEX_POINT ( 'NONE', #2177 ) ;
#2160 = CARTESIAN_POINT ( 'NONE',  ( 1.725000000000000300, 0.1999999999999999800, -0.5000000000000002200 ) ) ;
#2161 = VERTEX_POINT ( 'NONE', #2810 ) ;
#2162 = EDGE_CURVE ( 'NONE', #6730, #5853, #6099, .T. ) ;
#2163 = AXIS2_PLACEMENT_3D ( 'NONE', #232, #260, #182 ) ;
#2164 = ORIENTED_EDGE ( 'NONE', *, *, #1957, .T. ) ;
#2165 = CARTESIAN_POINT ( 'NONE',  ( -1.725000000000000300, 0.6716990566028315800, 0.9999999999999995600 ) ) ;
#2166 = AXIS2_PLACEMENT_3D ( 'NONE', #2740, #3869, #6765 ) ;
#2167 = EDGE_LOOP ( 'NONE', ( #3245, #894, #4619, #3629 ) ) ;
#2168 = DIRECTION ( 'NONE',  ( 0.0000000000000000000, 0.0000000000000000000, -1.000000000000000000 ) ) ;
#2169 = DIRECTION ( 'NONE',  ( 0.0000000000000000000, 0.0000000000000000000, 1.000000000000000000 ) ) ;
#2170 = DIRECTION ( 'NONE',  ( -1.577021341797104500E-015, -0.0000000000000000000, -1.000000000000000000 ) ) ;
#2171 = ORIENTED_EDGE ( 'NONE', *, *, #3955, .F. ) ;
#2172 = PLANE ( 'NONE',  #7069 ) ;
#2173 = DIRECTION ( 'NONE',  ( -1.577021341797107100E-015, 0.0000000000000000000, -1.000000000000000000 ) ) ;
#2174 = LINE ( 'NONE', #1510, #4727 ) ;
#2175 = CARTESIAN_POINT ( 'NONE',  ( 2.000000000000001800, 0.04999999999999969700, 0.3749999999999996700 ) ) ;
#2176 = ORIENTED_EDGE ( 'NONE', *, *, #5912, .F. ) ;
#2177 = CARTESIAN_POINT ( 'NONE',  ( -1.000000000000000000, 0.04999999999999999600, 1.600000000000000800 ) ) ;
#2178 = DIRECTION ( 'NONE',  ( 0.0000000000000000000, 0.0000000000000000000, -1.000000000000000000 ) ) ;
#2179 = ORIENTED_EDGE ( 'NONE', *, *, #6962, .T. ) ;
#2180 = VECTOR ( 'NONE', #2498, 1000.000000000000000 ) ;
#2181 = ADVANCED_FACE ( 'NONE', ( #6464 ), #4550, .T. ) ;
#2182 = VECTOR ( 'NONE', #1874, 1000.000000000000000 ) ;
#2183 = ADVANCED_FACE ( 'NONE', ( #6905 ), #449, .T. ) ;
#2184 = EDGE_CURVE ( 'NONE', #117, #2226, #6286, .T. ) ;
#2185 = DIRECTION ( 'NONE',  ( 0.0000000000000000000, 0.0000000000000000000, 1.000000000000000000 ) ) ;
#2186 = EDGE_CURVE ( 'NONE', #75, #2555, #6631, .T. ) ;
#2187 = DIRECTION ( 'NONE',  ( 1.000000000000000000, 0.0000000000000000000, -1.734723475976802600E-015 ) ) ;
#2188 = DIRECTION ( 'NONE',  ( -1.000000000000000000, 0.0000000000000000000, -1.734723475976802600E-015 ) ) ;
#2189 =( GEOMETRIC_REPRESENTATION_CONTEXT ( 3 ) GLOBAL_UNCERTAINTY_ASSIGNED_CONTEXT ( ( #4807 ) ) GLOBAL_UNIT_ASSIGNED_CONTEXT ( ( #3281, #5665, #4487 ) ) REPRESENTATION_CONTEXT ( 'NONE', 'WORKASPACE' ) );
#2190 = LINE ( 'NONE', #2195, #4190 ) ;
#2191 = ORIENTED_EDGE ( 'NONE', *, *, #3805, .F. ) ;
#2192 = VERTEX_POINT ( 'NONE', #5076 ) ;
#2193 = CARTESIAN_POINT ( 'NONE',  ( -0.8749999999999990000, 0.1999999999999999800, 2.000000000000000000 ) ) ;
#2194 = FILL_AREA_STYLE ('',( #1023 ) ) ;
#2195 = CARTESIAN_POINT ( 'NONE',  ( 1.725000000000000800, 0.6716990566028315800, -1.125000000000000400 ) ) ;
#2196 = DIRECTION ( 'NONE',  ( 0.0000000000000000000, -1.000000000000000000, 0.0000000000000000000 ) ) ;
#2197 = FACE_OUTER_BOUND ( 'NONE', #2506, .T. ) ;
#2198 = CARTESIAN_POINT ( 'NONE',  ( 1.174999999999999800, 0.2000000000000000900, 1.174999999999999800 ) ) ;
#2199 = VECTOR ( 'NONE', #676, 1000.000000000000000 ) ;
#2200 = ORIENTED_EDGE ( 'NONE', *, *, #5265, .F. ) ;
#2201 = EDGE_CURVE ( 'NONE', #7127, #4053, #2126, .T. ) ;
#2202 = CARTESIAN_POINT ( 'NONE',  ( -0.1250000000000003300, 0.6716990566028308000, -1.725000000000000800 ) ) ;
#2203 = AXIS2_PLACEMENT_3D ( 'NONE', #5442, #3550, #2985 ) ;
#2204 = DIRECTION ( 'NONE',  ( 0.0000000000000000000, 0.0000000000000000000, -1.000000000000000000 ) ) ;
#2205 = FACE_OUTER_BOUND ( 'NONE', #5056, .T. ) ;
#2206 = PRESENTATION_LAYER_ASSIGNMENT (  '', '', ( #4403 ) ) ;
#2207 =( GEOMETRIC_REPRESENTATION_CONTEXT ( 3 ) GLOBAL_UNCERTAINTY_ASSIGNED_CONTEXT ( ( #7034 ) ) GLOBAL_UNIT_ASSIGNED_CONTEXT ( ( #7100, #7003, #5376 ) ) REPRESENTATION_CONTEXT ( 'NONE', 'WORKASPACE' ) );
#2208 = FACE_OUTER_BOUND ( 'NONE', #6449, .T. ) ;
#2209 = ORIENTED_EDGE ( 'NONE', *, *, #202, .F. ) ;
#2210 = ORIENTED_EDGE ( 'NONE', *, *, #3801, .F. ) ;
#2211 = DIRECTION ( 'NONE',  ( 0.0000000000000000000, -1.000000000000000000, 0.0000000000000000000 ) ) ;
#2212 = DIRECTION ( 'NONE',  ( -1.577021341797104500E-015, 0.0000000000000000000, 1.000000000000000000 ) ) ;
#2213 = VECTOR ( 'NONE', #3800, 1000.000000000000000 ) ;
#2214 = DIRECTION ( 'NONE',  ( 1.577021341797104700E-015, -0.0000000000000000000, 1.000000000000000000 ) ) ;
#2215 = DIRECTION ( 'NONE',  ( 0.0000000000000000000, -1.000000000000000000, 0.0000000000000000000 ) ) ;
#2216 = ORIENTED_EDGE ( 'NONE', *, *, #7286, .F. ) ;
#2217 = VECTOR ( 'NONE', #1210, 1000.000000000000000 ) ;
#2218 = ORIENTED_EDGE ( 'NONE', *, *, #4972, .F. ) ;
#2219 = CARTESIAN_POINT ( 'NONE',  ( -1.725000000000000300, 0.1999999999999999800, 0.9999999999999995600 ) ) ;
#2220 = ADVANCED_FACE ( 'NONE', ( #331 ), #5653, .F. ) ;
#2221 = CARTESIAN_POINT ( 'NONE',  ( -1.725000000000000800, 0.05000000000000002400, 0.8749999999999994400 ) ) ;
#2222 = ADVANCED_FACE ( 'NONE', ( #3685 ), #4470, .F. ) ;
#2223 = LINE ( 'NONE', #485, #3956 ) ;
#2224 = ORIENTED_EDGE ( 'NONE', *, *, #5822, .F. ) ;
#2225 = LINE ( 'NONE', #4464, #6466 ) ;
#2226 = VERTEX_POINT ( 'NONE', #6231 ) ;
#2227 = CARTESIAN_POINT ( 'NONE',  ( -0.5000000000000000000, 0.0000000000000000000, 1.725000000000001000 ) ) ;
#2229 = EDGE_CURVE ( 'NONE', #6659, #6472, #3043, .T. ) ;
#2228 = PLANE ( 'NONE',  #6406 ) ;
#2230 = FACE_OUTER_BOUND ( 'NONE', #1048, .T. ) ;
#2231 = ORIENTED_EDGE ( 'NONE', *, *, #6679, .T. ) ;
#2232 = EDGE_LOOP ( 'NONE', ( #6910, #5565, #5373, #1700 ) ) ;
#2233 = VECTOR ( 'NONE', #319, 1000.000000000000000 ) ;
#2234 = ORIENTED_EDGE ( 'NONE', *, *, #1566, .T. ) ;
#2235 = ORIENTED_EDGE ( 'NONE', *, *, #7397, .F. ) ;
#2236 = CARTESIAN_POINT ( 'NONE',  ( -0.8749999999999994400, 0.2000000000000000100, -2.000000000000000000 ) ) ;
#2237 = UNCERTAINTY_MEASURE_WITH_UNIT (LENGTH_MEASURE( 1.000000000000000100E-005 ), #4463, 'distance_accuracy_value', 'NONE');
#2238 = EDGE_CURVE ( 'NONE', #83, #4362, #6994, .T. ) ;
#2239 = DIRECTION ( 'NONE',  ( -1.000000000000000000, 0.0000000000000000000, -0.0000000000000000000 ) ) ;
#2240 = CARTESIAN_POINT ( 'NONE',  ( -2.000000000000001800, 0.6716990566028315800, -0.1250000000000003300 ) ) ;
#2241 = FACE_OUTER_BOUND ( 'NONE', #2684, .T. ) ;
#2242 = DIRECTION ( 'NONE',  ( 0.0000000000000000000, -1.000000000000000000, 0.0000000000000000000 ) ) ;
#2243 = ORIENTED_EDGE ( 'NONE', *, *, #7114, .T. ) ;
#2244 = FACE_OUTER_BOUND ( 'NONE', #5863, .T. ) ;
#2245 = ORIENTED_EDGE ( 'NONE', *, *, #6482, .T. ) ;
#2246 = EDGE_CURVE ( 'NONE', #2555, #2369, #599, .T. ) ;
#2247 = DIRECTION ( 'NONE',  ( 0.0000000000000000000, -1.000000000000000000, 0.0000000000000000000 ) ) ;
#2248 = DIRECTION ( 'NONE',  ( -7.885106708985459500E-016, 0.0000000000000000000, 1.000000000000000000 ) ) ;
#2249 = CARTESIAN_POINT ( 'NONE',  ( -0.8750000000000026600, 0.05000000000000000300, -1.379893674072470700E-015 ) ) ;
#2250 = EDGE_CURVE ( 'NONE', #703, #2490, #2593, .T. ) ;
#2251 = EDGE_CURVE ( 'NONE', #5214, #2102, #5037, .T. ) ;
#2252 = MECHANICAL_DESIGN_GEOMETRIC_PRESENTATION_REPRESENTATION (  '', ( #2494 ), #3667 ) ;
#2253 = ORIENTED_EDGE ( 'NONE', *, *, #7346, .F. ) ;
#2254 = CARTESIAN_POINT ( 'NONE',  ( -1.611480854806852200, 0.6999999999999999600, -1.779173740621465400 ) ) ;
#2255 = DIRECTION ( 'NONE',  ( -0.0000000000000000000, -1.000000000000000000, -0.0000000000000000000 ) ) ;
#2256 = ORIENTED_EDGE ( 'NONE', *, *, #5324, .F. ) ;
#2257 = AXIS2_PLACEMENT_3D ( 'NONE', #3057, #4198, #1331 ) ;
#2258 = CARTESIAN_POINT ( 'NONE',  ( -1.000000000000000000, 0.2000000000000000100, -1.725000000000000100 ) ) ;
#2259 = DIRECTION ( 'NONE',  ( 1.577021341797104500E-015, 0.0000000000000000000, -1.000000000000000000 ) ) ;
#2260 = ORIENTED_EDGE ( 'NONE', *, *, #1599, .T. ) ;
#2261 = MECHANICAL_DESIGN_GEOMETRIC_PRESENTATION_REPRESENTATION (  '', ( #1738 ), #2017 ) ;
#2262 = LINE ( 'NONE', #2765, #4379 ) ;
#2263 = ADVANCED_FACE ( 'NONE', ( #1141 ), #2707, .F. ) ;
#2264 = ADVANCED_FACE ( 'NONE', ( #874 ), #6543, .F. ) ;
#2265 = VERTEX_POINT ( 'NONE', #5154 ) ;
#2266 = CARTESIAN_POINT ( 'NONE',  ( 0.5000000000000000000, 0.1999999999999999800, 1.600000000000000800 ) ) ;
#2267 = SURFACE_STYLE_USAGE ( .BOTH. , #3471 ) ;
#2268 = CARTESIAN_POINT ( 'NONE',  ( 0.5000000000000000000, 0.04999999999999999600, 1.600000000000000800 ) ) ;
#2269 = EDGE_LOOP ( 'NONE', ( #6418, #7279, #7282, #869 ) ) ;
#2270 = CARTESIAN_POINT ( 'NONE',  ( -0.6250000000000001100, 0.0000000000000000000, -1.999999999999999600 ) ) ;
#2271 = DIRECTION ( 'NONE',  ( -0.0000000000000000000, -1.000000000000000000, -0.0000000000000000000 ) ) ;
#2272 = LINE ( 'NONE', #2663, #2015 ) ;
#2273 = DIRECTION ( 'NONE',  ( 0.0000000000000000000, 0.0000000000000000000, 1.000000000000000000 ) ) ;
#2274 = DIRECTION ( 'NONE',  ( 0.0000000000000000000, 1.000000000000000000, 0.0000000000000000000 ) ) ;
#2275 = VECTOR ( 'NONE', #6995, 1000.000000000000000 ) ;
#2276 = EDGE_LOOP ( 'NONE', ( #4451, #3637, #6840, #4881 ) ) ;
#2277 = VECTOR ( 'NONE', #3018, 1000.000000000000000 ) ;
#2278 = CARTESIAN_POINT ( 'NONE',  ( 1.725000000000000800, 0.1999999999999999800, -0.3750000000000003300 ) ) ;
#2279 = LINE ( 'NONE', #1449, #1920 ) ;
#2280 = CARTESIAN_POINT ( 'NONE',  ( -0.1249999999999996800, 0.0000000000000000000, 1.999999999999999600 ) ) ;
#2281 = FACE_OUTER_BOUND ( 'NONE', #5673, .T. ) ;
#2282 = EDGE_CURVE ( 'NONE', #6720, #3350, #5321, .T. ) ;
#2283 = VERTEX_POINT ( 'NONE', #6225 ) ;
#2284 = DIRECTION ( 'NONE',  ( 0.0000000000000000000, 0.0000000000000000000, -1.000000000000000000 ) ) ;
#2285 = ORIENTED_EDGE ( 'NONE', *, *, #789, .F. ) ;
#2286 = DIRECTION ( 'NONE',  ( 7.885106708985459500E-016, 0.0000000000000000000, 1.000000000000000000 ) ) ;
#2287 = EDGE_CURVE ( 'NONE', #7385, #98, #2223, .T. ) ;
#2288 = DIRECTION ( 'NONE',  ( -1.000000000000000000, 0.0000000000000000000, -1.577021341797104500E-015 ) ) ;
#2289 = LINE ( 'NONE', #2406, #578 ) ;
#2290 = MECHANICAL_DESIGN_GEOMETRIC_PRESENTATION_REPRESENTATION (  '', ( #6150 ), #2189 ) ;
#2291 = VECTOR ( 'NONE', #3724, 1000.000000000000000 ) ;
#2292 = COLOUR_RGB ( '',1.000000000000000000, 1.000000000000000000, 1.000000000000000000 ) ;
#2293 = CARTESIAN_POINT ( 'NONE',  ( 1.725000000000000300, 0.1999999999999999800, 0.4999999999999997800 ) ) ;
#2294 = VERTEX_POINT ( 'NONE', #6799 ) ;
#2295 = DIRECTION ( 'NONE',  ( -1.577021341797104500E-015, -0.0000000000000000000, -1.000000000000000000 ) ) ;
#2296 = DIRECTION ( 'NONE',  ( -1.577021341797104500E-015, 0.0000000000000000000, 1.000000000000000000 ) ) ;
#2297 = CARTESIAN_POINT ( 'NONE',  ( 2.000000000000000900, 0.0000000000000000000, 1.124999999999999800 ) ) ;
#2298 = SURFACE_STYLE_USAGE ( .BOTH. , #1190 ) ;
#2299 = AXIS2_PLACEMENT_3D ( 'NONE', #898, #4450, #1547 ) ;
#2300 = ADVANCED_FACE ( 'NONE', ( #3508 ), #2806, .F. ) ;
#2301 = LINE ( 'NONE', #4099, #3212 ) ;
#2302 = CARTESIAN_POINT ( 'NONE',  ( 1.124999999999997800, 0.05000000000000000300, -1.774149009521739100E-015 ) ) ;
#2303 = FACE_OUTER_BOUND ( 'NONE', #2453, .T. ) ;
#2304 = EDGE_CURVE ( 'NONE', #4869, #5797, #1779, .T. ) ;
#2305 = AXIS2_PLACEMENT_3D ( 'NONE', #2998, #649, #5316 ) ;
#2306 = DIRECTION ( 'NONE',  ( -0.0000000000000000000, -1.000000000000000000, -0.0000000000000000000 ) ) ;
#2307 = ORIENTED_EDGE ( 'NONE', *, *, #2045, .F. ) ;
#2308 = FACE_OUTER_BOUND ( 'NONE', #6914, .T. ) ;
#2309 = AXIS2_PLACEMENT_3D ( 'NONE', #1466, #2088, #3880 ) ;
#2310 = ORIENTED_EDGE ( 'NONE', *, *, #3217, .T. ) ;
#2311 = VECTOR ( 'NONE', #2767, 1000.000000000000000 ) ;
#2312 = ORIENTED_EDGE ( 'NONE', *, *, #4238, .F. ) ;
#2313 = DIRECTION ( 'NONE',  ( 0.0000000000000000000, 0.0000000000000000000, 1.000000000000000000 ) ) ;
#2314 = VECTOR ( 'NONE', #3897, 1000.000000000000000 ) ;
#2315 = DIRECTION ( 'NONE',  ( 0.0000000000000000000, 0.0000000000000000000, -1.000000000000000000 ) ) ;
#2316 = DIRECTION ( 'NONE',  ( 0.0000000000000000000, 1.000000000000000000, 0.0000000000000000000 ) ) ;
#2317 = ORIENTED_EDGE ( 'NONE', *, *, #5556, .F. ) ;
#2318 = FACE_OUTER_BOUND ( 'NONE', #1592, .T. ) ;
#2319 = CARTESIAN_POINT ( 'NONE',  ( 1.174999999999999800, 0.2000000000000000900, 1.300000000000000300 ) ) ;
#2320 = CLOSED_SHELL ( 'NONE', ( #6709, #147, #2415, #5045 ) ) ;
#2321 = DIRECTION ( 'NONE',  ( 3.469446951953614200E-015, -0.0000000000000000000, 1.000000000000000000 ) ) ;
#2322 = VECTOR ( 'NONE', #314, 1000.000000000000000 ) ;
#2323 = CARTESIAN_POINT ( 'NONE',  ( 0.3749999999999998900, 0.1999999999999999800, -1.999999999999999600 ) ) ;
#2324 = ORIENTED_EDGE ( 'NONE', *, *, #3431, .T. ) ;
#2325 = ORIENTED_EDGE ( 'NONE', *, *, #7016, .T. ) ;
#2326 = FACE_OUTER_BOUND ( 'NONE', #2167, .T. ) ;
#2327 = ORIENTED_EDGE ( 'NONE', *, *, #6526, .T. ) ;
#2328 = DIRECTION ( 'NONE',  ( 0.0000000000000000000, 0.0000000000000000000, -1.000000000000000000 ) ) ;
#2329 = CARTESIAN_POINT ( 'NONE',  ( -1.725000000000000800, 0.1999999999999999800, -0.8750000000000003300 ) ) ;
#2330 = LINE ( 'NONE', #4024, #5679 ) ;
#2331 = CARTESIAN_POINT ( 'NONE',  ( -1.299999999999999800, 0.2000000000000000900, -1.000000000000000200 ) ) ;
#2332 = DIRECTION ( 'NONE',  ( 0.0000000000000000000, -1.000000000000000000, 0.0000000000000000000 ) ) ;
#2333 = ORIENTED_EDGE ( 'NONE', *, *, #5312, .F. ) ;
#2334 = LINE ( 'NONE', #3336, #1603 ) ;
#2335 = ORIENTED_EDGE ( 'NONE', *, *, #6530, .F. ) ;
#2336 = ORIENTED_EDGE ( 'NONE', *, *, #4431, .F. ) ;
#2337 = EDGE_CURVE ( 'NONE', #6472, #4629, #233, .T. ) ;
#2338 = FACE_OUTER_BOUND ( 'NONE', #3778, .T. ) ;
#2339 = CARTESIAN_POINT ( 'NONE',  ( 1.125000000000000700, 0.2000000000000000100, -2.000000000000000000 ) ) ;
#2340 = EDGE_CURVE ( 'NONE', #1546, #3047, #6989, .T. ) ;
#2341 = VERTEX_POINT ( 'NONE', #2151 ) ;
#2342 = ORIENTED_EDGE ( 'NONE', *, *, #2251, .T. ) ;
#2343 = CARTESIAN_POINT ( 'NONE',  ( 0.8749999999999967800, 0.05000000000000000300, 1.379893674072461400E-015 ) ) ;
#2344 = AXIS2_PLACEMENT_3D ( 'NONE', #541, #5204, #1731 ) ;
#2345 = VERTEX_POINT ( 'NONE', #6175 ) ;
#2346 = DIRECTION ( 'NONE',  ( 1.577021341797106900E-015, -0.0000000000000000000, 1.000000000000000000 ) ) ;
#2347 = CARTESIAN_POINT ( 'NONE',  ( -1.725000000000000800, 0.1999999999999999800, -1.125000000000000700 ) ) ;
#2348 = FILL_AREA_STYLE ('',( #6405 ) ) ;
#2349 = EDGE_CURVE ( 'NONE', #5773, #1857, #7240, .T. ) ;
#2350 = ORIENTED_EDGE ( 'NONE', *, *, #936, .T. ) ;
#2351 = EDGE_LOOP ( 'NONE', ( #435, #6102, #4581, #6845 ) ) ;
#2352 = CARTESIAN_POINT ( 'NONE',  ( 0.6250000000000001100, 0.0000000000000000000, -1.725000000000001200 ) ) ;
#2353 = DIRECTION ( 'NONE',  ( -1.577021341797107100E-015, 0.0000000000000000000, -1.000000000000000000 ) ) ;
#2354 = CARTESIAN_POINT ( 'NONE',  ( -1.725000000000000300, 0.1999999999999999800, 0.4999999999999995600 ) ) ;
#2355 = EDGE_CURVE ( 'NONE', #5052, #7127, #2401, .T. ) ;
#2356 = CARTESIAN_POINT ( 'NONE',  ( -1.611480854806852200, 0.8000000000000000400, -1.611480854806850400 ) ) ;
#2357 = EDGE_CURVE ( 'NONE', #4935, #1610, #684, .T. ) ;
#2358 = DIRECTION ( 'NONE',  ( 0.0000000000000000000, 0.0000000000000000000, -1.000000000000000000 ) ) ;
#2359 = ORIENTED_EDGE ( 'NONE', *, *, #3618, .F. ) ;
#2360 = PRESENTATION_LAYER_ASSIGNMENT (  '', '', ( #707 ) ) ;
#2361 = AXIS2_PLACEMENT_3D ( 'NONE', #3848, #6172, #2069 ) ;
#2362 = ORIENTED_EDGE ( 'NONE', *, *, #6623, .F. ) ;
#2363 = PLANE ( 'NONE',  #1087 ) ;
#2364 = CARTESIAN_POINT ( 'NONE',  ( 1.125000000000000900, 0.1999999999999999800, 2.000000000000000000 ) ) ;
#2365 = COLOUR_RGB ( '',0.7921568627450980000, 0.8196078431372548800, 0.9333333333333333500 ) ;
#2366 =( LENGTH_UNIT ( ) NAMED_UNIT ( * ) SI_UNIT ( .MILLI., .METRE. ) );
#2367 = ORIENTED_EDGE ( 'NONE', *, *, #5460, .F. ) ;
#2368 = LINE ( 'NONE', #6931, #3922 ) ;
#2369 = VERTEX_POINT ( 'NONE', #2175 ) ;
#2370 = VECTOR ( 'NONE', #2904, 1000.000000000000000 ) ;
#2371 = DIRECTION ( 'NONE',  ( -1.000000000000000000, 0.0000000000000000000, 1.734723475976802600E-015 ) ) ;
#2372 = CARTESIAN_POINT ( 'NONE',  ( 0.0000000000000000000, 0.04999999999999999600, 1.600000000000000800 ) ) ;
#2373 = PLANE ( 'NONE',  #5284 ) ;
#2374 = CARTESIAN_POINT ( 'NONE',  ( 0.6250000000000001100, 0.6716990566028308000, -1.725000000000001200 ) ) ;
#2375 = CARTESIAN_POINT ( 'NONE',  ( 0.0000000000000000000, 0.2000000000000000100, 1.725000000000001000 ) ) ;
#2376 = ADVANCED_FACE ( 'NONE', ( #4401 ), #6823, .F. ) ;
#2377 = VECTOR ( 'NONE', #7341, 1000.000000000000000 ) ;
#2378 = EDGE_LOOP ( 'NONE', ( #576, #5300, #7477, #6713 ) ) ;
#2379 = VERTEX_POINT ( 'NONE', #3304 ) ;
#2380 = EDGE_CURVE ( 'NONE', #3404, #1970, #1494, .T. ) ;
#2381 = CARTESIAN_POINT ( 'NONE',  ( -0.8749999999999998900, 0.2000000000000000100, -1.725000000000001200 ) ) ;
#2382 = LINE ( 'NONE', #668, #3570 ) ;
#2383 = EDGE_LOOP ( 'NONE', ( #3197, #6120, #1156, #1066 ) ) ;
#2384 = CIRCLE ( 'NONE', #1037, 0.1250000000000001100 ) ;
#2385 = PLANE ( 'NONE',  #2796 ) ;
#2386 = CARTESIAN_POINT ( 'NONE',  ( -1.174999999999999400, 0.0000000000000000000, 1.174999999999999600 ) ) ;
#2387 = EDGE_CURVE ( 'NONE', #2664, #4784, #6624, .T. ) ;
#2388 = FACE_OUTER_BOUND ( 'NONE', #6407, .T. ) ;
#2389 = PLANE ( 'NONE',  #6321 ) ;
#2390 = EDGE_CURVE ( 'NONE', #1579, #5339, #866, .T. ) ;
#2391 = ORIENTED_EDGE ( 'NONE', *, *, #5547, .T. ) ;
#2392 =( GEOMETRIC_REPRESENTATION_CONTEXT ( 3 ) GLOBAL_UNCERTAINTY_ASSIGNED_CONTEXT ( ( #2900 ) ) GLOBAL_UNIT_ASSIGNED_CONTEXT ( ( #5951, #3739, #4886 ) ) REPRESENTATION_CONTEXT ( 'NONE', 'WORKASPACE' ) );
#2393 = FACE_OUTER_BOUND ( 'NONE', #3764, .T. ) ;
#2394 = CARTESIAN_POINT ( 'NONE',  ( -0.6250000000000001100, 0.6716990566028308000, -1.999999999999999600 ) ) ;
#2395 = PLANE ( 'NONE',  #937 ) ;
#2396 = EDGE_LOOP ( 'NONE', ( #594, #6944, #4763, #419 ) ) ;
#2397 = DIRECTION ( 'NONE',  ( -0.0000000000000000000, -1.000000000000000000, -0.0000000000000000000 ) ) ;
#2398 = ORIENTED_EDGE ( 'NONE', *, *, #2380, .T. ) ;
#2399 = DIRECTION ( 'NONE',  ( 1.734723475976802600E-015, 0.0000000000000000000, -1.000000000000000000 ) ) ;
#2400 = AXIS2_PLACEMENT_3D ( 'NONE', #3813, #2074, #2687 ) ;
#2401 = LINE ( 'NONE', #1594, #4685 ) ;
#2402 = VERTEX_POINT ( 'NONE', #7281 ) ;
#2403 = FACE_OUTER_BOUND ( 'NONE', #3517, .T. ) ;
#2404 = AXIS2_PLACEMENT_3D ( 'NONE', #6794, #2242, #1638 ) ;
#2405 = ORIENTED_EDGE ( 'NONE', *, *, #6434, .T. ) ;
#2406 = CARTESIAN_POINT ( 'NONE',  ( -1.125000000000000400, 0.2000000000000000100, -1.725000000000000800 ) ) ;
#2407 = PRESENTATION_LAYER_ASSIGNMENT (  '', '', ( #436 ) ) ;
#2408 = LINE ( 'NONE', #4409, #4317 ) ;
#2409 = DIRECTION ( 'NONE',  ( -0.0000000000000000000, -1.000000000000000000, -0.0000000000000000000 ) ) ;
#2410 = ORIENTED_EDGE ( 'NONE', *, *, #5784, .T. ) ;
#2411 = VECTOR ( 'NONE', #5696, 1000.000000000000000 ) ;
#2412 = ORIENTED_EDGE ( 'NONE', *, *, #7234, .T. ) ;
#2413 = CARTESIAN_POINT ( 'NONE',  ( 0.5000000000000000000, 0.2000000000000000100, 1.600000000000000800 ) ) ;
#2414 = CARTESIAN_POINT ( 'NONE',  ( 1.125000000000000700, 0.6716990566028308000, -2.000000000000000000 ) ) ;
#2415 = ADVANCED_FACE ( 'NONE', ( #4504 ), #2373, .F. ) ;
#2416 = VECTOR ( 'NONE', #4635, 1000.000000000000000 ) ;
#2417 = VERTEX_POINT ( 'NONE', #6661 ) ;
#2418 = ORIENTED_EDGE ( 'NONE', *, *, #5877, .F. ) ;
#2419 = LINE ( 'NONE', #4995, #3239 ) ;
#2420 = ORIENTED_EDGE ( 'NONE', *, *, #18, .F. ) ;
#2421 = FILL_AREA_STYLE_COLOUR ( '', #2292 ) ;
#2422 = ADVANCED_FACE ( 'NONE', ( #4856 ), #5792, .F. ) ;
#2423 = CARTESIAN_POINT ( 'NONE',  ( 1.725000000000000800, 0.6716990566028315800, -0.8750000000000003300 ) ) ;
#2424 = CARTESIAN_POINT ( 'NONE',  ( -2.000000000000001800, 0.6716990566028315800, -1.125000000000000400 ) ) ;
#2425 = DIRECTION ( 'NONE',  ( -1.000000000000000000, 0.0000000000000000000, 0.0000000000000000000 ) ) ;
#2426 = SURFACE_STYLE_FILL_AREA ( #162 ) ;
#2427 = ORIENTED_EDGE ( 'NONE', *, *, #690, .F. ) ;
#2428 = PLANE ( 'NONE',  #5914 ) ;
#2429 = EDGE_LOOP ( 'NONE', ( #2893, #3441, #4571, #4969 ) ) ;
#2430 = MANIFOLD_SOLID_BREP ( 'LPattern4[7]', #4324 ) ;
#2431 = CARTESIAN_POINT ( 'NONE',  ( 1.125000000000000700, 0.1999999999999999800, -2.000000000000000000 ) ) ;
#2432 = LINE ( 'NONE', #2094, #7187 ) ;
#2433 = CARTESIAN_POINT ( 'NONE',  ( -2.000000000000001800, 0.6716990566028315800, 0.3749999999999996700 ) ) ;
#2434 = ORIENTED_EDGE ( 'NONE', *, *, #6357, .F. ) ;
#2435 = ORIENTED_EDGE ( 'NONE', *, *, #1518, .F. ) ;
#2436 = EDGE_CURVE ( 'NONE', #6354, #4935, #2038, .T. ) ;
#2437 = CARTESIAN_POINT ( 'NONE',  ( 0.3749999999999998900, 0.2000000000000000100, 1.725000000000001200 ) ) ;
#2438 = EDGE_CURVE ( 'NONE', #5640, #453, #5844, .T. ) ;
#2439 = CARTESIAN_POINT ( 'NONE',  ( 2.000000000000000900, 0.0000000000000000000, 0.1249999999999996800 ) ) ;
#2440 = DIRECTION ( 'NONE',  ( 0.0000000000000000000, 0.0000000000000000000, 1.000000000000000000 ) ) ;
#2441 = AXIS2_PLACEMENT_3D ( 'NONE', #4445, #7293, #5624 ) ;
#2442 = VERTEX_POINT ( 'NONE', #2666 ) ;
#2443 = CARTESIAN_POINT ( 'NONE',  ( -1.725000000000000800, 0.6716990566028315800, 0.6249999999999996700 ) ) ;
#2444 = LINE ( 'NONE', #302, #7033 ) ;
#2445 = PLANE ( 'NONE',  #36 ) ;
#2446 = ORIENTED_EDGE ( 'NONE', *, *, #1356, .F. ) ;
#2447 = DIRECTION ( 'NONE',  ( 0.0000000000000000000, 1.000000000000000000, -0.0000000000000000000 ) ) ;
#2448 = EDGE_CURVE ( 'NONE', #4849, #75, #7338, .T. ) ;
#2449 = CARTESIAN_POINT ( 'NONE',  ( 0.1250000000000001100, 0.0000000000000000000, -1.725000000000001200 ) ) ;
#2450 = AXIS2_PLACEMENT_3D ( 'NONE', #6622, #6601, #1999 ) ;
#2451 = LINE ( 'NONE', #3345, #6499 ) ;
#2452 = AXIS2_PLACEMENT_3D ( 'NONE', #5562, #5615, #4036 ) ;
#2453 = EDGE_LOOP ( 'NONE', ( #3270, #3863, #935, #4714 ) ) ;
#2454 = DIRECTION ( 'NONE',  ( 0.0000000000000000000, -1.000000000000000000, 0.0000000000000000000 ) ) ;
#2455 = DIRECTION ( 'NONE',  ( -0.0000000000000000000, -1.000000000000000000, -0.0000000000000000000 ) ) ;
#2456 = LINE ( 'NONE', #6763, #3007 ) ;
#2457 = VECTOR ( 'NONE', #5906, 1000.000000000000000 ) ;
#2458 = ADVANCED_FACE ( 'NONE', ( #141 ), #324, .T. ) ;
#2459 = CARTESIAN_POINT ( 'NONE',  ( 1.999999999999999100, 0.8000000000000003800, 2.000000000000000900 ) ) ;
#2460 = CARTESIAN_POINT ( 'NONE',  ( -1.611480854806852200, 0.6999999999999999600, -1.443787968992235700 ) ) ;
#2461 = CARTESIAN_POINT ( 'NONE',  ( 2.000000000000000900, 0.0000000000000000000, -0.3750000000000003300 ) ) ;
#2462 = PLANE ( 'NONE',  #43 ) ;
#2463 = VECTOR ( 'NONE', #2397, 1000.000000000000000 ) ;
#2464 = CARTESIAN_POINT ( 'NONE',  ( 1.999999999999999100, 0.1999999999999996500, 0.3749999999999996700 ) ) ;
#2465 = ORIENTED_EDGE ( 'NONE', *, *, #5961, .T. ) ;
#2466 = LINE ( 'NONE', #1812, #476 ) ;
#2467 = LINE ( 'NONE', #5172, #922 ) ;
#2468 = VECTOR ( 'NONE', #5368, 1000.000000000000000 ) ;
#2469 = VERTEX_POINT ( 'NONE', #7332 ) ;
#2470 = CARTESIAN_POINT ( 'NONE',  ( 0.6250000000000010000, 0.6716990566028308000, 2.000000000000000000 ) ) ;
#2471 = LINE ( 'NONE', #736, #1292 ) ;
#2472 = PLANE ( 'NONE',  #366 ) ;
#2473 = VECTOR ( 'NONE', #5469, 1000.000000000000000 ) ;
#2474 = VECTOR ( 'NONE', #2910, 1000.000000000000000 ) ;
#2475 = EDGE_CURVE ( 'NONE', #6703, #4963, #57, .T. ) ;
#2476 = ORIENTED_EDGE ( 'NONE', *, *, #6207, .T. ) ;
#2477 = PLANE ( 'NONE',  #3815 ) ;
#2478 = DIRECTION ( 'NONE',  ( -1.577021341797107100E-015, 0.0000000000000000000, -1.000000000000000000 ) ) ;
#2479 = DIRECTION ( 'NONE',  ( 1.000000000000000000, 0.0000000000000000000, -1.734723475976802600E-015 ) ) ;
#2480 = LINE ( 'NONE', #5578, #4846 ) ;
#2481 = EDGE_CURVE ( 'NONE', #2795, #3342, #1304, .T. ) ;
#2482 = VECTOR ( 'NONE', #5978, 1000.000000000000000 ) ;
#2483 = DIRECTION ( 'NONE',  ( 0.0000000000000000000, -1.000000000000000000, 0.0000000000000000000 ) ) ;
#2484 = DIRECTION ( 'NONE',  ( -0.0000000000000000000, -1.000000000000000000, -0.0000000000000000000 ) ) ;
#2485 = DIRECTION ( 'NONE',  ( 0.0000000000000000000, -1.000000000000000000, 0.0000000000000000000 ) ) ;
#2486 = CARTESIAN_POINT ( 'NONE',  ( 0.1250000000000009700, 0.1999999999999996500, 2.000000000000000900 ) ) ;
#2487 = EDGE_CURVE ( 'NONE', #1532, #6802, #5666, .T. ) ;
#2488 = LINE ( 'NONE', #3153, #943 ) ;
#2489 = CARTESIAN_POINT ( 'NONE',  ( -2.000000000000001800, 0.04999999999999969700, -1.125000000000000400 ) ) ;
#2490 = VERTEX_POINT ( 'NONE', #4183 ) ;
#2491 = EDGE_CURVE ( 'NONE', #5328, #179, #3310, .T. ) ;
#2492 = VECTOR ( 'NONE', #2798, 1000.000000000000000 ) ;
#2493 = VERTEX_POINT ( 'NONE', #719 ) ;
#2494 = STYLED_ITEM ( 'NONE', ( #5451 ), #5583 ) ;
#2495 = CARTESIAN_POINT ( 'NONE',  ( -0.5000000000000000000, 0.2000000000000000100, -1.725000000000000100 ) ) ;
#2496 = ADVANCED_FACE ( 'NONE', ( #1682 ), #2757, .T. ) ;
#2497 = VECTOR ( 'NONE', #3351, 1000.000000000000000 ) ;
#2498 = DIRECTION ( 'NONE',  ( -1.000000000000000000, 0.0000000000000000000, 0.0000000000000000000 ) ) ;
#2499 = DIRECTION ( 'NONE',  ( -1.000000000000000000, 0.0000000000000000000, 1.577021341797104700E-015 ) ) ;
#2500 = AXIS2_PLACEMENT_3D ( 'NONE', #6646, #3137, #3167 ) ;
#2501 = VERTEX_POINT ( 'NONE', #5117 ) ;
#2502 = ORIENTED_EDGE ( 'NONE', *, *, #6494, .F. ) ;
#2503 = CARTESIAN_POINT ( 'NONE',  ( 1.125000000000000700, 0.04999999999999969700, -2.000000000000000000 ) ) ;
#2504 = VECTOR ( 'NONE', #7283, 1000.000000000000000 ) ;
#2505 = STYLED_ITEM ( 'NONE', ( #5221 ), #7349 ) ;
#2506 = EDGE_LOOP ( 'NONE', ( #1912, #5133, #2595, #3276 ) ) ;
#2507 = SURFACE_SIDE_STYLE ('',( #7420 ) ) ;
#2508 = DIRECTION ( 'NONE',  ( 0.0000000000000000000, 1.000000000000000000, 0.0000000000000000000 ) ) ;
#2509 = ORIENTED_EDGE ( 'NONE', *, *, #4549, .T. ) ;
#2510 = FACE_OUTER_BOUND ( 'NONE', #6119, .T. ) ;
#2511 = EDGE_LOOP ( 'NONE', ( #5349, #1161, #2324, #2391 ) ) ;
#2512 = AXIS2_PLACEMENT_3D ( 'NONE', #1126, #5755, #1012 ) ;
#2513 = VECTOR ( 'NONE', #1364, 1000.000000000000000 ) ;
#2514 = CARTESIAN_POINT ( 'NONE',  ( 0.0000000000000000000, 0.2000000000000000100, -1.725000000000000100 ) ) ;
#2515 = VERTEX_POINT ( 'NONE', #7314 ) ;
#2516 = ORIENTED_EDGE ( 'NONE', *, *, #1599, .F. ) ;
#2517 = CIRCLE ( 'NONE', #6830, 0.1676928858146148900 ) ;
#2518 = VERTEX_POINT ( 'NONE', #3909 ) ;
#2519 = VERTEX_POINT ( 'NONE', #3630 ) ;
#2520 = DIRECTION ( 'NONE',  ( -0.0000000000000000000, 0.0000000000000000000, -1.000000000000000000 ) ) ;
#2521 = VECTOR ( 'NONE', #3349, 1000.000000000000000 ) ;
#2522 = ORIENTED_EDGE ( 'NONE', *, *, #6679, .F. ) ;
#2523 = ORIENTED_EDGE ( 'NONE', *, *, #1664, .T. ) ;
#2524 = CARTESIAN_POINT ( 'NONE',  ( 1.999999999999999100, 0.05000000000000000300, -1.999999999999999100 ) ) ;
#2525 = ORIENTED_EDGE ( 'NONE', *, *, #2127, .T. ) ;
#2526 = MANIFOLD_SOLID_BREP ( 'LPattern3[6]', #2728 ) ;
#2527 = DIRECTION ( 'NONE',  ( 0.0000000000000000000, 1.000000000000000000, -0.0000000000000000000 ) ) ;
#2528 = EDGE_CURVE ( 'NONE', #5853, #7197, #6537, .T. ) ;
#2529 = DIRECTION ( 'NONE',  ( -0.0000000000000000000, -1.000000000000000000, -0.0000000000000000000 ) ) ;
#2530 = EDGE_LOOP ( 'NONE', ( #1173, #4298, #76, #3595 ) ) ;
#2531 = ORIENTED_EDGE ( 'NONE', *, *, #3309, .T. ) ;
#2532 = SURFACE_STYLE_USAGE ( .BOTH. , #7123 ) ;
#2533 = FILL_AREA_STYLE ('',( #7049 ) ) ;
#2534 = EDGE_CURVE ( 'NONE', #5025, #6472, #6706, .T. ) ;
#2535 = ADVANCED_FACE ( 'NONE', ( #4677 ), #93, .T. ) ;
#2536 = EDGE_LOOP ( 'NONE', ( #6925, #5529, #2121, #4494 ) ) ;
#2537 = DIRECTION ( 'NONE',  ( -7.885106708985459500E-016, 0.0000000000000000000, 1.000000000000000000 ) ) ;
#2538 = EDGE_CURVE ( 'NONE', #5781, #7433, #1581, .T. ) ;
#2539 = DIRECTION ( 'NONE',  ( 0.0000000000000000000, -1.000000000000000000, 0.0000000000000000000 ) ) ;
#2540 = DIRECTION ( 'NONE',  ( -1.577021341797104500E-015, -0.0000000000000000000, -1.000000000000000000 ) ) ;
#2541 = VECTOR ( 'NONE', #948, 1000.000000000000000 ) ;
#2542 = AXIS2_PLACEMENT_3D ( 'NONE', #4712, #1220, #5293 ) ;
#2543 = CARTESIAN_POINT ( 'NONE',  ( -0.6250000000000001100, 0.1999999999999999800, -1.999999999999999600 ) ) ;
#2544 = DIRECTION ( 'NONE',  ( 0.0000000000000000000, -1.000000000000000000, 0.0000000000000000000 ) ) ;
#2545 = EDGE_LOOP ( 'NONE', ( #184, #137, #1985, #1245, #3236 ) ) ;
#2546 = AXIS2_PLACEMENT_3D ( 'NONE', #4349, #2520, #7081 ) ;
#2547 = CARTESIAN_POINT ( 'NONE',  ( 0.1250000000000001100, 0.2000000000000000100, -1.725000000000001200 ) ) ;
#2548 = FACE_OUTER_BOUND ( 'NONE', #4529, .T. ) ;
#2549 = DIRECTION ( 'NONE',  ( 1.000000000000000000, 0.0000000000000000000, 0.0000000000000000000 ) ) ;
#2550 = EDGE_CURVE ( 'NONE', #2722, #2518, #499, .T. ) ;
#2551 = ORIENTED_EDGE ( 'NONE', *, *, #6491, .T. ) ;
#2552 = STYLED_ITEM ( 'NONE', ( #1329 ), #6662 ) ;
#2553 = CARTESIAN_POINT ( 'NONE',  ( 0.6250000000000005600, 0.2000000000000000100, -2.000000000000000000 ) ) ;
#2554 = VECTOR ( 'NONE', #2885, 1000.000000000000000 ) ;
#2555 = VERTEX_POINT ( 'NONE', #2464 ) ;
#2556 = AXIS2_PLACEMENT_3D ( 'NONE', #2331, #3462, #1734 ) ;
#2557 = VECTOR ( 'NONE', #5359, 1000.000000000000000 ) ;
#2558 = PRESENTATION_LAYER_ASSIGNMENT (  '', '', ( #178 ) ) ;
#2559 = CARTESIAN_POINT ( 'NONE',  ( -0.6250000000000003300, 0.1999999999999999800, -1.725000000000000800 ) ) ;
#2560 = CARTESIAN_POINT ( 'NONE',  ( 1.125000000000000200, 0.2000000000000000100, -1.725000000000001200 ) ) ;
#2561 = CARTESIAN_POINT ( 'NONE',  ( -0.1249999999999996800, 0.0000000000000000000, 1.999999999999999600 ) ) ;
#2562 = SURFACE_STYLE_USAGE ( .BOTH. , #6011 ) ;
#2563 = ORIENTED_EDGE ( 'NONE', *, *, #2528, .T. ) ;
#2564 = DIRECTION ( 'NONE',  ( -0.0000000000000000000, -0.0000000000000000000, 1.000000000000000000 ) ) ;
#2565 = ORIENTED_EDGE ( 'NONE', *, *, #616, .T. ) ;
#2566 = DIRECTION ( 'NONE',  ( -0.0000000000000000000, -1.000000000000000000, -0.0000000000000000000 ) ) ;
#2567 = DIRECTION ( 'NONE',  ( 0.0000000000000000000, 0.0000000000000000000, 1.000000000000000000 ) ) ;
#2568 = DIRECTION ( 'NONE',  ( 0.0000000000000000000, 0.0000000000000000000, 1.000000000000000000 ) ) ;
#2569 = LINE ( 'NONE', #3261, #6607 ) ;
#2570 = UNCERTAINTY_MEASURE_WITH_UNIT (LENGTH_MEASURE( 1.000000000000000100E-005 ), #2856, 'distance_accuracy_value', 'NONE');
#2571 = VECTOR ( 'NONE', #1414, 1000.000000000000000 ) ;
#2572 = CARTESIAN_POINT ( 'NONE',  ( -2.000000000000001800, 0.1999999999999999800, 0.3749999999999996700 ) ) ;
#2573 = VERTEX_POINT ( 'NONE', #6401 ) ;
#2574 = VECTOR ( 'NONE', #618, 1000.000000000000000 ) ;
#2575 = ADVANCED_FACE ( 'NONE', ( #3401 ), #2119, .T. ) ;
#2576 = LINE ( 'NONE', #6208, #44 ) ;
#2577 = DIRECTION ( 'NONE',  ( 0.0000000000000000000, 0.0000000000000000000, -1.000000000000000000 ) ) ;
#2578 =( NAMED_UNIT ( * ) SI_UNIT ( $, .STERADIAN. ) SOLID_ANGLE_UNIT ( ) );
#2579 = DIRECTION ( 'NONE',  ( 0.0000000000000000000, -0.0000000000000000000, 1.000000000000000000 ) ) ;
#2580 = EDGE_LOOP ( 'NONE', ( #1359, #2333, #252, #5019 ) ) ;
#2581 = VECTOR ( 'NONE', #3736, 1000.000000000000000 ) ;
#2582 = EDGE_CURVE ( 'NONE', #1154, #347, #3500, .T. ) ;
#2583 = VERTEX_POINT ( 'NONE', #5915 ) ;
#2584 = VERTEX_POINT ( 'NONE', #5894 ) ;
#2585 = CARTESIAN_POINT ( 'NONE',  ( -0.3749999999999990600, 0.1999999999999996500, 2.000000000000001300 ) ) ;
#2586 = EDGE_CURVE ( 'NONE', #879, #4875, #6447, .T. ) ;
#2587 = AXIS2_PLACEMENT_3D ( 'NONE', #3372, #7381, #4546 ) ;
#2588 = ORIENTED_EDGE ( 'NONE', *, *, #274, .F. ) ;
#2589 = VECTOR ( 'NONE', #657, 1000.000000000000000 ) ;
#2590 = ORIENTED_EDGE ( 'NONE', *, *, #4058, .T. ) ;
#2591 = DIRECTION ( 'NONE',  ( 0.0000000000000000000, 1.000000000000000000, 0.0000000000000000000 ) ) ;
#2592 = PLANE ( 'NONE',  #7465 ) ;
#2593 = LINE ( 'NONE', #1088, #775 ) ;
#2594 = EDGE_CURVE ( 'NONE', #5597, #7380, #5658, .T. ) ;
#2595 = ORIENTED_EDGE ( 'NONE', *, *, #1085, .T. ) ;
#2596 = LINE ( 'NONE', #3267, #1961 ) ;
#2597 = ORIENTED_EDGE ( 'NONE', *, *, #4725, .T. ) ;
#2598 = DIRECTION ( 'NONE',  ( 1.000000000000000000, -0.0000000000000000000, -0.0000000000000000000 ) ) ;
#2599 = CARTESIAN_POINT ( 'NONE',  ( 0.8749999999999998900, 0.6716990566028308000, -1.999999999999999600 ) ) ;
#2600 = LINE ( 'NONE', #6883, #2416 ) ;
#2601 = ORIENTED_EDGE ( 'NONE', *, *, #2357, .T. ) ;
#2602 = CARTESIAN_POINT ( 'NONE',  ( 0.0000000000000000000, 0.2000000000000000100, 1.600000000000000800 ) ) ;
#2603 = VERTEX_POINT ( 'NONE', #1254 ) ;
#2604 = CIRCLE ( 'NONE', #7302, 0.1250000000000003300 ) ;
#2605 = CARTESIAN_POINT ( 'NONE',  ( 0.8750000000000003300, 0.1999999999999999800, 1.999999999999999600 ) ) ;
#2606 = ORIENTED_EDGE ( 'NONE', *, *, #2819, .T. ) ;
#2607 = EDGE_LOOP ( 'NONE', ( #4521, #248, #1605, #7394 ) ) ;
#2608 = CARTESIAN_POINT ( 'NONE',  ( -2.000000000000000900, 0.6716990566028315800, 0.6249999999999996700 ) ) ;
#2609 = DIRECTION ( 'NONE',  ( -1.577021341797104500E-015, 0.0000000000000000000, 1.000000000000000000 ) ) ;
#2610 = CARTESIAN_POINT ( 'NONE',  ( 0.0000000000000000000, 0.05000000000000000300, 0.6249999999999996700 ) ) ;
#2611 = EDGE_LOOP ( 'NONE', ( #1375, #4135, #1685, #3326 ) ) ;
#2612 = CLOSED_SHELL ( 'NONE', ( #1, #218, #5616, #3331, #7350, #3182 ) ) ;
#2613 = ORIENTED_EDGE ( 'NONE', *, *, #7099, .T. ) ;
#2614 = ADVANCED_FACE ( 'NONE', ( #5481 ), #7059, .T. ) ;
#2615 = CARTESIAN_POINT ( 'NONE',  ( -2.000000000000000900, 0.05000000000000000300, 2.000000000000001300 ) ) ;
#2616 = VECTOR ( 'NONE', #2598, 1000.000000000000000 ) ;
#2617 = PLANE ( 'NONE',  #5890 ) ;
#2618 = ORIENTED_EDGE ( 'NONE', *, *, #6873, .F. ) ;
#2619 = DIRECTION ( 'NONE',  ( 1.000000000000000000, -0.0000000000000000000, 0.0000000000000000000 ) ) ;
#2620 = VERTEX_POINT ( 'NONE', #6469 ) ;
#2621 = ORIENTED_EDGE ( 'NONE', *, *, #2097, .T. ) ;
#2622 = DIRECTION ( 'NONE',  ( 0.0000000000000000000, -1.000000000000000000, 0.0000000000000000000 ) ) ;
#2623 = EDGE_CURVE ( 'NONE', #2490, #4253, #4042, .T. ) ;
#2624 = CARTESIAN_POINT ( 'NONE',  ( 1.125000000000000400, 0.6716990566028308000, 1.725000000000001200 ) ) ;
#2625 = VECTOR ( 'NONE', #4330, 1000.000000000000000 ) ;
#2626 = DIRECTION ( 'NONE',  ( 0.0000000000000000000, -0.0000000000000000000, -1.000000000000000000 ) ) ;
#2627 = AXIS2_PLACEMENT_3D ( 'NONE', #31, #2916, #588 ) ;
#2628 = ORIENTED_EDGE ( 'NONE', *, *, #1725, .F. ) ;
#2629 = CARTESIAN_POINT ( 'NONE',  ( -1.125000000000000200, 0.2000000000000000100, 1.725000000000001200 ) ) ;
#2630 = CARTESIAN_POINT ( 'NONE',  ( 1.725000000000000800, 0.0000000000000000000, 1.124999999999999800 ) ) ;
#2631 = FACE_OUTER_BOUND ( 'NONE', #452, .T. ) ;
#2632 = EDGE_CURVE ( 'NONE', #596, #2345, #318, .T. ) ;
#2633 = VERTEX_POINT ( 'NONE', #1222 ) ;
#2634 = EDGE_CURVE ( 'NONE', #5621, #190, #4496, .T. ) ;
#2635 = AXIS2_PLACEMENT_3D ( 'NONE', #1696, #1112, #6930 ) ;
#2636 = LINE ( 'NONE', #2107, #3822 ) ;
#2637 = CARTESIAN_POINT ( 'NONE',  ( -1.725000000000000800, 0.1999999999999999800, 0.1249999999999996800 ) ) ;
#2638 = CIRCLE ( 'NONE', #1634, 0.1250000000000001100 ) ;
#2639 = CARTESIAN_POINT ( 'NONE',  ( -1.174999999999999400, 3.876955262170047600, 1.300000000000000000 ) ) ;
#2640 = AXIS2_PLACEMENT_3D ( 'NONE', #2495, #7088, #3670 ) ;
#2641 = VECTOR ( 'NONE', #4738, 1000.000000000000000 ) ;
#2642 = ORIENTED_EDGE ( 'NONE', *, *, #5226, .T. ) ;
#2643 = ADVANCED_FACE ( 'NONE', ( #5227 ), #6894, .T. ) ;
#2644 = VECTOR ( 'NONE', #2792, 1000.000000000000000 ) ;
#2645 = AXIS2_PLACEMENT_3D ( 'NONE', #3594, #3619, #3552 ) ;
#2646 = CARTESIAN_POINT ( 'NONE',  ( -2.000000000000000900, 0.1999999999999999800, 1.124999999999999800 ) ) ;
#2647 = DIRECTION ( 'NONE',  ( 3.469446951953614200E-015, 0.0000000000000000000, -1.000000000000000000 ) ) ;
#2648 = VECTOR ( 'NONE', #5109, 1000.000000000000000 ) ;
#2649 = ORIENTED_EDGE ( 'NONE', *, *, #5969, .F. ) ;
#2650 = DIRECTION ( 'NONE',  ( -0.0000000000000000000, -1.000000000000000000, -0.0000000000000000000 ) ) ;
#2651 = DIRECTION ( 'NONE',  ( 0.0000000000000000000, 0.0000000000000000000, 1.000000000000000000 ) ) ;
#2652 = CARTESIAN_POINT ( 'NONE',  ( 0.3749999999999998900, 0.2000000000000000100, -1.999999999999999600 ) ) ;
#2653 = CARTESIAN_POINT ( 'NONE',  ( 1.300000000000000000, 0.0000000000000000000, 1.174999999999999800 ) ) ;
#2654 = CIRCLE ( 'NONE', #812, 0.1250000000000003300 ) ;
#2655 = VECTOR ( 'NONE', #2065, 1000.000000000000000 ) ;
#2656 = VECTOR ( 'NONE', #2321, 1000.000000000000000 ) ;
#2657 = EDGE_LOOP ( 'NONE', ( #4065, #7209, #6564, #3474 ) ) ;
#2658 = LINE ( 'NONE', #6319, #1125 ) ;
#2659 = LINE ( 'NONE', #1837, #1128 ) ;
#2660 = ORIENTED_EDGE ( 'NONE', *, *, #3269, .F. ) ;
#2661 = DIRECTION ( 'NONE',  ( -0.0000000000000000000, -1.000000000000000000, -0.0000000000000000000 ) ) ;
#2662 = VECTOR ( 'NONE', #4440, 1000.000000000000000 ) ;
#2663 = CARTESIAN_POINT ( 'NONE',  ( -2.000000000000001800, 0.6716990566028315800, -0.1250000000000003300 ) ) ;
#2664 = VERTEX_POINT ( 'NONE', #5947 ) ;
#2665 = CYLINDRICAL_SURFACE ( 'NONE', #2404, 0.1250000000000001100 ) ;
#2666 = CARTESIAN_POINT ( 'NONE',  ( 1.725000000000000800, 0.0000000000000000000, -0.6250000000000003300 ) ) ;
#2667 = EDGE_LOOP ( 'NONE', ( #7256, #1986, #49, #3419 ) ) ;
#2668 = EDGE_CURVE ( 'NONE', #7433, #5317, #7327, .T. ) ;
#2669 = VECTOR ( 'NONE', #6853, 1000.000000000000000 ) ;
#2670 =( LENGTH_UNIT ( ) NAMED_UNIT ( * ) SI_UNIT ( .MILLI., .METRE. ) );
#2671 = ORIENTED_EDGE ( 'NONE', *, *, #5912, .T. ) ;
#2672 = CARTESIAN_POINT ( 'NONE',  ( -2.000000000000000900, 0.6716990566028315800, 1.124999999999999800 ) ) ;
#2673 = EDGE_CURVE ( 'NONE', #6041, #262, #2488, .T. ) ;
#2674 = CYLINDRICAL_SURFACE ( 'NONE', #5246, 0.1250000000000003300 ) ;
#2675 = VERTEX_POINT ( 'NONE', #2486 ) ;
#2676 = PLANE ( 'NONE',  #2450 ) ;
#2677 = AXIS2_PLACEMENT_3D ( 'NONE', #7371, #3874, #2742 ) ;
#2678 = ADVANCED_FACE ( 'NONE', ( #2208 ), #1984, .F. ) ;
#2679 = DIRECTION ( 'NONE',  ( -1.577021341797104500E-015, 0.0000000000000000000, 1.000000000000000000 ) ) ;
#2680 = ADVANCED_FACE ( 'NONE', ( #6006 ), #6020, .F. ) ;
#2681 = LINE ( 'NONE', #1742, #7453 ) ;
#2682 = EDGE_LOOP ( 'NONE', ( #523, #2418, #3968, #5910 ) ) ;
#2683 = PRESENTATION_LAYER_ASSIGNMENT (  '', '', ( #6780 ) ) ;
#2684 = EDGE_LOOP ( 'NONE', ( #4420, #3353, #2179, #3984 ) ) ;
#2685 = FACE_OUTER_BOUND ( 'NONE', #1010, .T. ) ;
#2686 = ORIENTED_EDGE ( 'NONE', *, *, #7463, .T. ) ;
#2687 = DIRECTION ( 'NONE',  ( 1.577021341797104700E-015, 0.0000000000000000000, 1.000000000000000000 ) ) ;
#2688 = EDGE_CURVE ( 'NONE', #3301, #5119, #1939, .T. ) ;
#2689 = VECTOR ( 'NONE', #5990, 1000.000000000000000 ) ;
#2690 = STYLED_ITEM ( 'NONE', ( #335 ), #6895 ) ;
#2691 = CARTESIAN_POINT ( 'NONE',  ( -0.1250000000000001100, 0.2000000000000000100, 1.725000000000001200 ) ) ;
#2692 = ORIENTED_EDGE ( 'NONE', *, *, #5105, .T. ) ;
#2693 = LINE ( 'NONE', #4614, #620 ) ;
#2694 = ORIENTED_EDGE ( 'NONE', *, *, #371, .T. ) ;
#2695 = ORIENTED_EDGE ( 'NONE', *, *, #6769, .T. ) ;
#2696 = CARTESIAN_POINT ( 'NONE',  ( -1.125000000000000200, 0.04999999999999999600, 1.725000000000001200 ) ) ;
#2697 = AXIS2_PLACEMENT_3D ( 'NONE', #3496, #6841, #3418 ) ;
#2698 = STYLED_ITEM ( 'NONE', ( #4288 ), #4121 ) ;
#2699 = DIRECTION ( 'NONE',  ( 0.0000000000000000000, 1.000000000000000000, -0.0000000000000000000 ) ) ;
#2700 = DIRECTION ( 'NONE',  ( -1.000000000000000000, 0.0000000000000000000, -7.885106708985459500E-016 ) ) ;
#2701 = LINE ( 'NONE', #2781, #7378 ) ;
#2702 = CARTESIAN_POINT ( 'NONE',  ( 0.1250000000000003300, 0.1999999999999999800, 1.725000000000001200 ) ) ;
#2703 = ORIENTED_EDGE ( 'NONE', *, *, #5957, .T. ) ;
#2704 = ORIENTED_EDGE ( 'NONE', *, *, #4829, .T. ) ;
#2705 = VERTEX_POINT ( 'NONE', #3659 ) ;
#2706 = CARTESIAN_POINT ( 'NONE',  ( 0.3749999999999998900, 0.0000000000000000000, 1.725000000000001200 ) ) ;
#2707 = PLANE ( 'NONE',  #5704 ) ;
#2708 = ORIENTED_EDGE ( 'NONE', *, *, #1955, .T. ) ;
#2709 = DIRECTION ( 'NONE',  ( -0.0000000000000000000, -1.000000000000000000, -0.0000000000000000000 ) ) ;
#2710 = ORIENTED_EDGE ( 'NONE', *, *, #3008, .F. ) ;
#2711 = CARTESIAN_POINT ( 'NONE',  ( -1.725000000000000800, 0.0000000000000000000, -1.125000000000000700 ) ) ;
#2712 = VERTEX_POINT ( 'NONE', #269 ) ;
#2713 = CIRCLE ( 'NONE', #3026, 0.1250000000000003300 ) ;
#2714 = ADVANCED_FACE ( 'NONE', ( #5027 ), #1427, .T. ) ;
#2715 = ADVANCED_FACE ( 'NONE', ( #2308 ), #6510, .F. ) ;
#2716 = EDGE_CURVE ( 'NONE', #5008, #3612, #4311, .T. ) ;
#2717 = ORIENTED_EDGE ( 'NONE', *, *, #2349, .F. ) ;
#2718 = EDGE_CURVE ( 'NONE', #2967, #4981, #2948, .T. ) ;
#2719 = PRESENTATION_LAYER_ASSIGNMENT (  '', '', ( #1948 ) ) ;
#2720 = DIRECTION ( 'NONE',  ( -0.0000000000000000000, -1.000000000000000000, -0.0000000000000000000 ) ) ;
#2721 = DIRECTION ( 'NONE',  ( 0.0000000000000000000, -1.000000000000000000, 0.0000000000000000000 ) ) ;
#2722 = VERTEX_POINT ( 'NONE', #4825 ) ;
#2723 = CARTESIAN_POINT ( 'NONE',  ( 2.000000000000001800, 0.6716990566028315800, -0.6250000000000003300 ) ) ;
#2724 = CARTESIAN_POINT ( 'NONE',  ( -1.725000000000000300, 0.0000000000000000000, -4.336808689942017700E-016 ) ) ;
#2725 = LINE ( 'NONE', #5198, #3557 ) ;
#2726 = DIRECTION ( 'NONE',  ( 0.0000000000000000000, 0.0000000000000000000, -1.000000000000000000 ) ) ;
#2727 = EDGE_CURVE ( 'NONE', #6465, #2895, #2753, .T. ) ;
#2728 = CLOSED_SHELL ( 'NONE', ( #2575, #2071, #7161, #2300, #828, #1582, #413 ) ) ;
#2729 = CIRCLE ( 'NONE', #4613, 0.1250000000000001100 ) ;
#2730 = EDGE_CURVE ( 'NONE', #2519, #3410, #1027, .T. ) ;
#2731 = EDGE_CURVE ( 'NONE', #1597, #3827, #1216, .T. ) ;
#2732 = CARTESIAN_POINT ( 'NONE',  ( 0.1250000000000005600, 0.6716990566028308000, 1.725000000000001200 ) ) ;
#2733 = VECTOR ( 'NONE', #6848, 1000.000000000000000 ) ;
#2734 = VERTEX_POINT ( 'NONE', #1928 ) ;
#2735 = VERTEX_POINT ( 'NONE', #6536 ) ;
#2736 = FACE_OUTER_BOUND ( 'NONE', #6928, .T. ) ;
#2737 = DIRECTION ( 'NONE',  ( 0.0000000000000000000, -1.000000000000000000, 0.0000000000000000000 ) ) ;
#2738 = VECTOR ( 'NONE', #1998, 1000.000000000000000 ) ;
#2739 = VERTEX_POINT ( 'NONE', #7110 ) ;
#2740 = CARTESIAN_POINT ( 'NONE',  ( 0.5000000000000000000, 0.2000000000000000100, 1.725000000000001000 ) ) ;
#2741 = DIRECTION ( 'NONE',  ( 0.0000000000000000000, -0.0000000000000000000, 1.000000000000000000 ) ) ;
#2742 = DIRECTION ( 'NONE',  ( -1.577021341797106900E-015, 0.0000000000000000000, -1.000000000000000000 ) ) ;
#2743 = VECTOR ( 'NONE', #664, 1000.000000000000000 ) ;
#2744 = CIRCLE ( 'NONE', #4644, 0.1250000000000003300 ) ;
#2745 = DIRECTION ( 'NONE',  ( 0.0000000000000000000, -1.000000000000000000, 0.0000000000000000000 ) ) ;
#2746 = MANIFOLD_SOLID_BREP ( 'LPattern3[7]', #1195 ) ;
#2747 = CARTESIAN_POINT ( 'NONE',  ( 1.000000000000000000, 0.2000000000000000100, -1.725000000000000100 ) ) ;
#2748 = CARTESIAN_POINT ( 'NONE',  ( -2.000000000000001800, 0.6716990566028315800, -1.125000000000000400 ) ) ;
#2749 = DIRECTION ( 'NONE',  ( 1.577021341797104500E-015, 0.0000000000000000000, 1.000000000000000000 ) ) ;
#2750 = PLANE ( 'NONE',  #1909 ) ;
#2751 = VERTEX_POINT ( 'NONE', #1900 ) ;
#2752 = ADVANCED_FACE ( 'NONE', ( #2393 ), #6629, .F. ) ;
#2753 = CIRCLE ( 'NONE', #4882, 0.1250000000000003300 ) ;
#2754 = ADVANCED_FACE ( 'NONE', ( #6616 ), #3760, .T. ) ;
#2755 = ORIENTED_EDGE ( 'NONE', *, *, #3568, .F. ) ;
#2756 = ORIENTED_EDGE ( 'NONE', *, *, #170, .F. ) ;
#2757 = CYLINDRICAL_SURFACE ( 'NONE', #7160, 0.1250000000000003300 ) ;
#2758 = EDGE_CURVE ( 'NONE', #5453, #5579, #1771, .T. ) ;
#2759 = ORIENTED_EDGE ( 'NONE', *, *, #3850, .F. ) ;
#2760 = CYLINDRICAL_SURFACE ( 'NONE', #1339, 0.1250000000000001100 ) ;
#2761 = VERTEX_POINT ( 'NONE', #938 ) ;
#2762 = DIRECTION ( 'NONE',  ( 0.0000000000000000000, 1.000000000000000000, 0.0000000000000000000 ) ) ;
#2763 = EDGE_CURVE ( 'NONE', #1459, #3380, #3675, .T. ) ;
#2764 = LINE ( 'NONE', #2876, #6471 ) ;
#2765 = CARTESIAN_POINT ( 'NONE',  ( 1.125000000000000200, 0.6716990566028308000, -1.725000000000001200 ) ) ;
#2766 = VERTEX_POINT ( 'NONE', #2711 ) ;
#2767 = DIRECTION ( 'NONE',  ( 1.000000000000000000, -0.0000000000000000000, 1.734723475976802600E-015 ) ) ;
#2768 = FACE_OUTER_BOUND ( 'NONE', #5750, .T. ) ;
#2769 = ORIENTED_EDGE ( 'NONE', *, *, #960, .T. ) ;
#2770 = EDGE_CURVE ( 'NONE', #1873, #6306, #5823, .T. ) ;
#2771 = CARTESIAN_POINT ( 'NONE',  ( -2.000000000000000900, 0.04999999999999969700, 0.1249999999999996800 ) ) ;
#2772 = LINE ( 'NONE', #570, #6815 ) ;
#2773 = CARTESIAN_POINT ( 'NONE',  ( 0.0000000000000000000, 0.8000000000000000400, 0.0000000000000000000 ) ) ;
#2774 = EDGE_CURVE ( 'NONE', #6656, #2857, #2480, .T. ) ;
#2775 = CARTESIAN_POINT ( 'NONE',  ( -1.000000000000000000, 0.2000000000000000100, 1.725000000000001000 ) ) ;
#2776 = ORIENTED_EDGE ( 'NONE', *, *, #6666, .F. ) ;
#2777 = VERTEX_POINT ( 'NONE', #3297 ) ;
#2778 = VECTOR ( 'NONE', #4587, 1000.000000000000000 ) ;
#2779 = VERTEX_POINT ( 'NONE', #3225 ) ;
#2780 = ORIENTED_EDGE ( 'NONE', *, *, #5544, .F. ) ;
#2781 = CARTESIAN_POINT ( 'NONE',  ( -0.1250000000000003300, 0.2000000000000000100, -1.725000000000000800 ) ) ;
#2782 = DIRECTION ( 'NONE',  ( 1.577021341797104500E-015, 0.0000000000000000000, -1.000000000000000000 ) ) ;
#2783 = AXIS2_PLACEMENT_3D ( 'NONE', #1320, #6966, #3545 ) ;
#2784 = VECTOR ( 'NONE', #2661, 1000.000000000000000 ) ;
#2785 = ORIENTED_EDGE ( 'NONE', *, *, #153, .T. ) ;
#2786 = DIRECTION ( 'NONE',  ( 1.577021341797104700E-015, 0.0000000000000000000, -1.000000000000000000 ) ) ;
#2787 = ORIENTED_EDGE ( 'NONE', *, *, #3747, .T. ) ;
#2788 = ORIENTED_EDGE ( 'NONE', *, *, #4576, .T. ) ;
#2789 = AXIS2_PLACEMENT_3D ( 'NONE', #6243, #1018, #5087 ) ;
#2790 = FACE_OUTER_BOUND ( 'NONE', #2351, .T. ) ;
#2791 = ADVANCED_FACE ( 'NONE', ( #5387 ), #5552, .T. ) ;
#2792 = DIRECTION ( 'NONE',  ( 0.0000000000000000000, -1.000000000000000000, 0.0000000000000000000 ) ) ;
#2793 = UNCERTAINTY_MEASURE_WITH_UNIT (LENGTH_MEASURE( 1.000000000000000100E-005 ), #4993, 'distance_accuracy_value', 'NONE');
#2794 = ADVANCED_FACE ( 'NONE', ( #5217 ), #984, .F. ) ;
#2795 = VERTEX_POINT ( 'NONE', #7297 ) ;
#2796 = AXIS2_PLACEMENT_3D ( 'NONE', #2, #3521, #1251 ) ;
#2797 = DIRECTION ( 'NONE',  ( 0.0000000000000000000, 1.000000000000000000, 0.0000000000000000000 ) ) ;
#2798 = DIRECTION ( 'NONE',  ( -0.0000000000000000000, -1.000000000000000000, -0.0000000000000000000 ) ) ;
#2799 = CARTESIAN_POINT ( 'NONE',  ( -1.124999999999999800, 0.2000000000000000100, 1.999999999999999600 ) ) ;
#2800 = EDGE_LOOP ( 'NONE', ( #758, #5436, #7450, #6389 ) ) ;
#2801 = DIRECTION ( 'NONE',  ( 1.845450506358306100E-016, 0.0000000000000000000, -1.000000000000000000 ) ) ;
#2802 = CARTESIAN_POINT ( 'NONE',  ( -0.6250000000000001100, 0.04999999999999999600, 1.725000000000001200 ) ) ;
#2803 = CARTESIAN_POINT ( 'NONE',  ( 0.3750000000000003300, 0.6716990566028308000, 1.999999999999999600 ) ) ;
#2804 = PLANE ( 'NONE',  #5418 ) ;
#2805 = LINE ( 'NONE', #2423, #7199 ) ;
#2806 = PLANE ( 'NONE',  #131 ) ;
#2807 = CARTESIAN_POINT ( 'NONE',  ( -0.3749999999999990600, 0.2000000000000000100, 2.000000000000000000 ) ) ;
#2808 = DIRECTION ( 'NONE',  ( 1.000000000000000000, -0.0000000000000000000, 0.0000000000000000000 ) ) ;
#2809 = ORIENTED_EDGE ( 'NONE', *, *, #4684, .T. ) ;
#2810 = CARTESIAN_POINT ( 'NONE',  ( -0.5000000000000000000, 0.2000000000000000100, 1.600000000000000800 ) ) ;
#2811 = VECTOR ( 'NONE', #6133, 1000.000000000000000 ) ;
#2812 = CARTESIAN_POINT ( 'NONE',  ( -1.300000000000000000, -0.0000000000000000000, -0.8750000000000001100 ) ) ;
#2813 = ORIENTED_EDGE ( 'NONE', *, *, #5963, .F. ) ;
#2814 = VECTOR ( 'NONE', #1457, 1000.000000000000000 ) ;
#2815 = CARTESIAN_POINT ( 'NONE',  ( -1.725000000000000800, 0.1999999999999999800, 1.124999999999999800 ) ) ;
#2816 = VECTOR ( 'NONE', #2185, 1000.000000000000000 ) ;
#2817 = EDGE_CURVE ( 'NONE', #538, #5683, #7324, .T. ) ;
#2818 = CARTESIAN_POINT ( 'NONE',  ( -0.8749999999999996700, 0.1999999999999999800, 1.725000000000001200 ) ) ;
#2819 = EDGE_CURVE ( 'NONE', #2857, #6385, #586, .T. ) ;
#2820 = CARTESIAN_POINT ( 'NONE',  ( -1.000000000000000000, 0.2000000000000000100, 1.600000000000000800 ) ) ;
#2821 = DIRECTION ( 'NONE',  ( 0.0000000000000000000, -1.000000000000000000, 0.0000000000000000000 ) ) ;
#2822 = AXIS2_PLACEMENT_3D ( 'NONE', #6333, #2894, #4630 ) ;
#2823 = SURFACE_STYLE_FILL_AREA ( #6669 ) ;
#2824 = ORIENTED_EDGE ( 'NONE', *, *, #6250, .T. ) ;
#2825 = CIRCLE ( 'NONE', #4798, 0.1250000000000003300 ) ;
#2826 = CARTESIAN_POINT ( 'NONE',  ( 0.6250000000000003300, 0.2000000000000000100, 1.725000000000001200 ) ) ;
#2827 = DIRECTION ( 'NONE',  ( 0.0000000000000000000, -0.0000000000000000000, -1.000000000000000000 ) ) ;
#2828 = CARTESIAN_POINT ( 'NONE',  ( 0.3750000000000003300, 0.1999999999999999800, 1.999999999999999600 ) ) ;
#2829 = ADVANCED_FACE ( 'NONE', ( #3844 ), #1499, .T. ) ;
#2830 = FACE_OUTER_BOUND ( 'NONE', #4078, .T. ) ;
#2831 = CARTESIAN_POINT ( 'NONE',  ( -1.000000000000000000, 0.2000000000000000100, -1.725000000000000100 ) ) ;
#2832 = DIRECTION ( 'NONE',  ( 1.000000000000000000, 0.0000000000000000000, -3.469446951953614200E-015 ) ) ;
#2833 = ADVANCED_FACE ( 'NONE', ( #6170 ), #7275, .T. ) ;
#2834 = LINE ( 'NONE', #1891, #572 ) ;
#2835 = EDGE_LOOP ( 'NONE', ( #3486, #1079, #2405, #65 ) ) ;
#2836 = EDGE_CURVE ( 'NONE', #6088, #3612, #2115, .T. ) ;
#2837 =( NAMED_UNIT ( * ) PLANE_ANGLE_UNIT ( ) SI_UNIT ( $, .RADIAN. ) );
#2838 = AXIS2_PLACEMENT_3D ( 'NONE', #1519, #3195, #5533 ) ;
#2839 = DIRECTION ( 'NONE',  ( 0.0000000000000000000, 0.0000000000000000000, -1.000000000000000000 ) ) ;
#2840 = VECTOR ( 'NONE', #3580, 1000.000000000000000 ) ;
#2841 = CIRCLE ( 'NONE', #1522, 0.1250000000000001100 ) ;
#2842 = LINE ( 'NONE', #2855, #5384 ) ;
#2843 = AXIS2_PLACEMENT_3D ( 'NONE', #6080, #3194, #1446 ) ;
#2844 = DIRECTION ( 'NONE',  ( 0.0000000000000000000, 0.0000000000000000000, -1.000000000000000000 ) ) ;
#2845 = ORIENTED_EDGE ( 'NONE', *, *, #4691, .T. ) ;
#2846 = LINE ( 'NONE', #3556, #1299 ) ;
#2847 = DIRECTION ( 'NONE',  ( 0.0000000000000000000, 0.0000000000000000000, -1.000000000000000000 ) ) ;
#2848 = SURFACE_STYLE_FILL_AREA ( #1702 ) ;
#2849 = PRESENTATION_STYLE_ASSIGNMENT (( #2267 ) ) ;
#2850 = DIRECTION ( 'NONE',  ( 0.0000000000000000000, -1.000000000000000000, 0.0000000000000000000 ) ) ;
#2851 = VERTEX_POINT ( 'NONE', #4503 ) ;
#2852 = PLANE ( 'NONE',  #1729 ) ;
#2853 = CARTESIAN_POINT ( 'NONE',  ( -1.611480854806852200, 0.8000000000000000400, -1.779173740621465400 ) ) ;
#2854 = CARTESIAN_POINT ( 'NONE',  ( -1.725000000000000300, 0.6716990566028315800, -4.336808689942017700E-016 ) ) ;
#2855 = CARTESIAN_POINT ( 'NONE',  ( 0.8750000000000003300, 0.1999999999999999800, 1.999999999999999600 ) ) ;
#2856 =( LENGTH_UNIT ( ) NAMED_UNIT ( * ) SI_UNIT ( .MILLI., .METRE. ) );
#2857 = VERTEX_POINT ( 'NONE', #2637 ) ;
#2858 = DIRECTION ( 'NONE',  ( -1.577021341797104500E-015, -0.0000000000000000000, -1.000000000000000000 ) ) ;
#2859 = FACE_OUTER_BOUND ( 'NONE', #1052, .T. ) ;
#2860 = ORIENTED_EDGE ( 'NONE', *, *, #6530, .T. ) ;
#2861 = CARTESIAN_POINT ( 'NONE',  ( 0.3750000000000003300, 0.2000000000000000100, 1.999999999999999600 ) ) ;
#2862 = VERTEX_POINT ( 'NONE', #5702 ) ;
#2863 = CARTESIAN_POINT ( 'NONE',  ( 1.725000000000000800, 0.1999999999999999800, 0.6249999999999996700 ) ) ;
#2864 = LINE ( 'NONE', #3087, #5759 ) ;
#2865 = VERTEX_POINT ( 'NONE', #3378 ) ;
#2866 = CARTESIAN_POINT ( 'NONE',  ( -2.000000000000001800, 0.1999999999999999800, -0.6250000000000003300 ) ) ;
#2867 = EDGE_CURVE ( 'NONE', #6674, #3781, #7064, .T. ) ;
#2868 = LINE ( 'NONE', #2112, #7082 ) ;
#2869 = ORIENTED_EDGE ( 'NONE', *, *, #2623, .F. ) ;
#2870 = CARTESIAN_POINT ( 'NONE',  ( -2.000000000000000900, 7.256854249492380200, 2.000000000000001300 ) ) ;
#2871 = EDGE_LOOP ( 'NONE', ( #5725, #3157, #6391, #2502 ) ) ;
#2872 = LINE ( 'NONE', #160, #5413 ) ;
#2873 = ORIENTED_EDGE ( 'NONE', *, *, #920, .T. ) ;
#2874 = ADVANCED_FACE ( 'NONE', ( #6980 ), #1096, .F. ) ;
#2875 = EDGE_CURVE ( 'NONE', #526, #5326, #4302, .T. ) ;
#2876 = CARTESIAN_POINT ( 'NONE',  ( -2.000000000000001800, 0.0000000000000000000, -0.1250000000000003300 ) ) ;
#2877 = CARTESIAN_POINT ( 'NONE',  ( -0.6250000000000001100, 0.2000000000000000100, -1.999999999999999600 ) ) ;
#2878 = CIRCLE ( 'NONE', #4702, 0.1250000000000003300 ) ;
#2879 = APPLICATION_CONTEXT ( 'automotive_design' ) ;
#2880 = ORIENTED_EDGE ( 'NONE', *, *, #1725, .T. ) ;
#2881 = VECTOR ( 'NONE', #4052, 1000.000000000000000 ) ;
#2882 = ORIENTED_EDGE ( 'NONE', *, *, #704, .T. ) ;
#2883 = ORIENTED_EDGE ( 'NONE', *, *, #2886, .T. ) ;
#2884 = EDGE_CURVE ( 'NONE', #5816, #3453, #3494, .T. ) ;
#2885 = DIRECTION ( 'NONE',  ( 3.469446951953614200E-015, 0.0000000000000000000, -1.000000000000000000 ) ) ;
#2886 = EDGE_CURVE ( 'NONE', #2851, #6400, #1392, .T. ) ;
#2887 = SURFACE_SIDE_STYLE ('',( #6804 ) ) ;
#2888 = DIRECTION ( 'NONE',  ( 0.0000000000000000000, 1.000000000000000000, 0.0000000000000000000 ) ) ;
#2889 = EDGE_CURVE ( 'NONE', #5692, #6486, #3298, .T. ) ;
#2890 = FACE_OUTER_BOUND ( 'NONE', #6839, .T. ) ;
#2891 = AXIS2_PLACEMENT_3D ( 'NONE', #5113, #1644, #3265 ) ;
#2892 = VERTEX_POINT ( 'NONE', #6782 ) ;
#2893 = ORIENTED_EDGE ( 'NONE', *, *, #2387, .T. ) ;
#2894 = DIRECTION ( 'NONE',  ( 1.000000000000000000, 0.0000000000000000000, -3.469446951953614200E-015 ) ) ;
#2895 = VERTEX_POINT ( 'NONE', #6289 ) ;
#2896 = AXIS2_PLACEMENT_3D ( 'NONE', #951, #6814, #4516 ) ;
#2897 = CARTESIAN_POINT ( 'NONE',  ( -2.000000000000001800, 0.6716990566028315800, 0.3749999999999996700 ) ) ;
#2898 = DIRECTION ( 'NONE',  ( 0.0000000000000000000, 0.0000000000000000000, 1.000000000000000000 ) ) ;
#2899 = ORIENTED_EDGE ( 'NONE', *, *, #110, .T. ) ;
#2900 = UNCERTAINTY_MEASURE_WITH_UNIT (LENGTH_MEASURE( 1.000000000000000100E-005 ), #5951, 'distance_accuracy_value', 'NONE');
#2901 = EDGE_LOOP ( 'NONE', ( #2880, #6399, #320, #2882 ) ) ;
#2902 = SURFACE_STYLE_USAGE ( .BOTH. , #1880 ) ;
#2903 = PRESENTATION_LAYER_ASSIGNMENT (  '', '', ( #2505 ) ) ;
#2904 = DIRECTION ( 'NONE',  ( -1.000000000000000000, 0.0000000000000000000, -1.734723475976802600E-015 ) ) ;
#2905 = AXIS2_PLACEMENT_3D ( 'NONE', #6861, #548, #2847 ) ;
#2906 = ORIENTED_EDGE ( 'NONE', *, *, #5059, .T. ) ;
#2907 = PLANE ( 'NONE',  #4831 ) ;
#2908 =( NAMED_UNIT ( * ) SI_UNIT ( $, .STERADIAN. ) SOLID_ANGLE_UNIT ( ) );
#2909 = CARTESIAN_POINT ( 'NONE',  ( 1.725000000000000300, 0.1999999999999999800, 0.9999999999999997800 ) ) ;
#2910 = DIRECTION ( 'NONE',  ( -0.0000000000000000000, -1.000000000000000000, -0.0000000000000000000 ) ) ;
#2911 = ORIENTED_EDGE ( 'NONE', *, *, #4017, .T. ) ;
#2912 = DIRECTION ( 'NONE',  ( 0.0000000000000000000, 0.0000000000000000000, -1.000000000000000000 ) ) ;
#2913 = DIRECTION ( 'NONE',  ( 1.000000000000000000, 0.0000000000000000000, -7.885106708985459500E-016 ) ) ;
#2914 = CYLINDRICAL_SURFACE ( 'NONE', #4987, 0.1676928858146148900 ) ;
#2915 = DIRECTION ( 'NONE',  ( 0.0000000000000000000, 0.0000000000000000000, 1.000000000000000000 ) ) ;
#2916 = DIRECTION ( 'NONE',  ( -0.0000000000000000000, -1.000000000000000000, -0.0000000000000000000 ) ) ;
#2917 = EDGE_CURVE ( 'NONE', #3448, #6584, #1763, .T. ) ;
#2918 = ORIENTED_EDGE ( 'NONE', *, *, #3963, .T. ) ;
#2919 = DIRECTION ( 'NONE',  ( 0.0000000000000000000, 0.0000000000000000000, -1.000000000000000000 ) ) ;
#2920 = VECTOR ( 'NONE', #2913, 1000.000000000000000 ) ;
#2921 = ORIENTED_EDGE ( 'NONE', *, *, #5819, .F. ) ;
#2922 = LINE ( 'NONE', #1927, #1748 ) ;
#2923 = DIRECTION ( 'NONE',  ( -1.000000000000000000, 0.0000000000000000000, -7.885106708985459500E-016 ) ) ;
#2924 = VECTOR ( 'NONE', #2049, 1000.000000000000000 ) ;
#2925 = EDGE_CURVE ( 'NONE', #539, #4742, #6886, .T. ) ;
#2926 = ORIENTED_EDGE ( 'NONE', *, *, #554, .F. ) ;
#2927 = CARTESIAN_POINT ( 'NONE',  ( 0.0000000000000000000, 0.1999999999999999800, -1.725000000000000100 ) ) ;
#2928 = CLOSED_SHELL ( 'NONE', ( #7024, #3028, #5939, #378, #6527, #6787 ) ) ;
#2929 = PLANE ( 'NONE',  #128 ) ;
#2930 = EDGE_CURVE ( 'NONE', #6214, #2766, #404, .T. ) ;
#2931 = CARTESIAN_POINT ( 'NONE',  ( -0.8749999999999994400, 0.0000000000000000000, -2.000000000000000000 ) ) ;
#2932 = FACE_OUTER_BOUND ( 'NONE', #799, .T. ) ;
#2933 = FACE_OUTER_BOUND ( 'NONE', #86, .T. ) ;
#2934 = LINE ( 'NONE', #2984, #39 ) ;
#2935 = DIRECTION ( 'NONE',  ( -0.0000000000000000000, -1.000000000000000000, -0.0000000000000000000 ) ) ;
#2936 = ORIENTED_EDGE ( 'NONE', *, *, #923, .F. ) ;
#2937 = DIRECTION ( 'NONE',  ( 0.0000000000000000000, 1.000000000000000000, -0.0000000000000000000 ) ) ;
#2938 = CARTESIAN_POINT ( 'NONE',  ( 2.956915015869532100E-016, 0.05000000000000000300, 0.3749999999999981100 ) ) ;
#2939 = DIRECTION ( 'NONE',  ( -7.885106708985459500E-016, 0.0000000000000000000, 1.000000000000000000 ) ) ;
#2940 =( GEOMETRIC_REPRESENTATION_CONTEXT ( 3 ) GLOBAL_UNCERTAINTY_ASSIGNED_CONTEXT ( ( #1452 ) ) GLOBAL_UNIT_ASSIGNED_CONTEXT ( ( #2366, #1850, #4781 ) ) REPRESENTATION_CONTEXT ( 'NONE', 'WORKASPACE' ) );
#2941 = VECTOR ( 'NONE', #7358, 1000.000000000000000 ) ;
#2942 = CARTESIAN_POINT ( 'NONE',  ( -0.6249999999999996700, 0.0000000000000000000, 1.999999999999999600 ) ) ;
#2943 = EDGE_CURVE ( 'NONE', #6985, #7365, #3027, .T. ) ;
#2944 = CARTESIAN_POINT ( 'NONE',  ( -2.000000000000000900, 0.1999999999999999800, -0.3750000000000003300 ) ) ;
#2945 = AXIS2_PLACEMENT_3D ( 'NONE', #4441, #7215, #6106 ) ;
#2946 = CARTESIAN_POINT ( 'NONE',  ( -0.8749999999999990000, 0.2000000000000000100, 2.000000000000000000 ) ) ;
#2947 = ORIENTED_EDGE ( 'NONE', *, *, #5270, .F. ) ;
#2948 = LINE ( 'NONE', #4248, #414 ) ;
#2949 = EDGE_LOOP ( 'NONE', ( #4391, #1026, #542, #1442 ) ) ;
#2950 = ORIENTED_EDGE ( 'NONE', *, *, #5644, .F. ) ;
#2951 = CARTESIAN_POINT ( 'NONE',  ( -1.725000000000000800, 0.1999999999999999800, -0.1250000000000005600 ) ) ;
#2952 = ADVANCED_FACE ( 'NONE', ( #4038 ), #5568, .T. ) ;
#2953 = CARTESIAN_POINT ( 'NONE',  ( 0.0000000000000000000, 0.05000000000000000300, -0.3750000000000003300 ) ) ;
#2954 = ORIENTED_EDGE ( 'NONE', *, *, #1711, .T. ) ;
#2955 = APPLICATION_PROTOCOL_DEFINITION ( 'draft international standard', 'automotive_design', 1998, #4688 ) ;
#2956 = LINE ( 'NONE', #4013, #5669 ) ;
#2957 = ORIENTED_EDGE ( 'NONE', *, *, #6339, .F. ) ;
#2958 = VECTOR ( 'NONE', #3199, 1000.000000000000000 ) ;
#2959 = CARTESIAN_POINT ( 'NONE',  ( -1.725000000000000800, 0.0000000000000000000, 1.124999999999999800 ) ) ;
#2960 = DIRECTION ( 'NONE',  ( 0.0000000000000000000, -0.0000000000000000000, 1.000000000000000000 ) ) ;
#2961 = CARTESIAN_POINT ( 'NONE',  ( 2.000000000000000900, 0.1999999999999999800, -0.8750000000000003300 ) ) ;
#2962 = VERTEX_POINT ( 'NONE', #1574 ) ;
#2963 = VECTOR ( 'NONE', #864, 1000.000000000000000 ) ;
#2964 = VERTEX_POINT ( 'NONE', #5626 ) ;
#2965 = CARTESIAN_POINT ( 'NONE',  ( -1.000000000000000000, 0.2000000000000000100, 1.725000000000001000 ) ) ;
#2966 = FACE_OUTER_BOUND ( 'NONE', #832, .T. ) ;
#2967 = VERTEX_POINT ( 'NONE', #1681 ) ;
#2968 = DIRECTION ( 'NONE',  ( -1.577021341797104700E-015, 0.0000000000000000000, 1.000000000000000000 ) ) ;
#2969 = VERTEX_POINT ( 'NONE', #6854 ) ;
#2970 = EDGE_LOOP ( 'NONE', ( #3399, #1737, #4091, #4397 ) ) ;
#2971 = ORIENTED_EDGE ( 'NONE', *, *, #7016, .F. ) ;
#2972 = EDGE_CURVE ( 'NONE', #3827, #4784, #6359, .T. ) ;
#2973 = FACE_OUTER_BOUND ( 'NONE', #4690, .T. ) ;
#2974 = EDGE_CURVE ( 'NONE', #1883, #2469, #5742, .T. ) ;
#2975 = ORIENTED_EDGE ( 'NONE', *, *, #4285, .T. ) ;
#2976 = VERTEX_POINT ( 'NONE', #6941 ) ;
#2977 = CARTESIAN_POINT ( 'NONE',  ( 2.000000000000001800, 0.1999999999999999800, -0.1250000000000003300 ) ) ;
#2978 = ORIENTED_EDGE ( 'NONE', *, *, #1765, .F. ) ;
#2979 = AXIS2_PLACEMENT_3D ( 'NONE', #2831, #5699, #7429 ) ;
#2980 = VERTEX_POINT ( 'NONE', #6880 ) ;
#2981 = CARTESIAN_POINT ( 'NONE',  ( 0.5000000000000000000, 0.6716990566028308000, 1.725000000000001000 ) ) ;
#2982 = ORIENTED_EDGE ( 'NONE', *, *, #4299, .F. ) ;
#2983 = ORIENTED_EDGE ( 'NONE', *, *, #6940, .T. ) ;
#2984 = CARTESIAN_POINT ( 'NONE',  ( 1.999999999999999100, 7.256854249492380200, -1.999999999999999100 ) ) ;
#2985 = DIRECTION ( 'NONE',  ( 0.0000000000000000000, -0.0000000000000000000, 1.000000000000000000 ) ) ;
#2986 = PLANE ( 'NONE',  #3624 ) ;
#2987 = EDGE_CURVE ( 'NONE', #1676, #1549, #2301, .T. ) ;
#2988 = CARTESIAN_POINT ( 'NONE',  ( -0.3749999999999994400, 0.2000000000000000100, -2.000000000000000000 ) ) ;
#2989 = AXIS2_PLACEMENT_3D ( 'NONE', #1637, #1075, #1536 ) ;
#2990 = DIRECTION ( 'NONE',  ( -1.000000000000000000, 0.0000000000000000000, -7.885106708985461400E-016 ) ) ;
#2991 = ORIENTED_EDGE ( 'NONE', *, *, #929, .F. ) ;
#2992 = LINE ( 'NONE', #249, #5878 ) ;
#2993 = ORIENTED_EDGE ( 'NONE', *, *, #3258, .F. ) ;
#2994 = CARTESIAN_POINT ( 'NONE',  ( 1.725000000000000800, 0.1999999999999999800, 1.124999999999999800 ) ) ;
#2995 = DIRECTION ( 'NONE',  ( 1.000000000000000000, 0.0000000000000000000, -1.084202172485504700E-016 ) ) ;
#2996 = LINE ( 'NONE', #8, #5712 ) ;
#2997 = DIRECTION ( 'NONE',  ( 0.0000000000000000000, 0.0000000000000000000, -1.000000000000000000 ) ) ;
#2998 = CARTESIAN_POINT ( 'NONE',  ( 1.000000000000000000, 0.0000000000000000000, 1.725000000000001000 ) ) ;
#2999 = ORIENTED_EDGE ( 'NONE', *, *, #2730, .F. ) ;
#3000 = VECTOR ( 'NONE', #3303, 1000.000000000000000 ) ;
#3001 = CARTESIAN_POINT ( 'NONE',  ( -2.000000000000001800, 0.6716990566028315800, -0.6250000000000003300 ) ) ;
#3002 = CARTESIAN_POINT ( 'NONE',  ( 1.174999999999999800, 0.2000000000000000900, -1.174999999999999800 ) ) ;
#3003 = PLANE ( 'NONE',  #6786 ) ;
#3004 = CARTESIAN_POINT ( 'NONE',  ( 2.000000000000000900, 0.6716990566028315800, 0.6249999999999996700 ) ) ;
#3005 = VECTOR ( 'NONE', #863, 1000.000000000000000 ) ;
#3006 = ORIENTED_EDGE ( 'NONE', *, *, #168, .T. ) ;
#3007 = VECTOR ( 'NONE', #6707, 1000.000000000000000 ) ;
#3008 = EDGE_CURVE ( 'NONE', #7097, #3263, #7428, .T. ) ;
#3009 = CARTESIAN_POINT ( 'NONE',  ( -1.300000000000000000, 0.2000000000000000900, -1.175000000000000000 ) ) ;
#3010 = LINE ( 'NONE', #995, #5553 ) ;
#3011 = EDGE_CURVE ( 'NONE', #1454, #6967, #1488, .T. ) ;
#3012 = CYLINDRICAL_SURFACE ( 'NONE', #7248, 0.1250000000000003300 ) ;
#3013 = ORIENTED_EDGE ( 'NONE', *, *, #6857, .T. ) ;
#3014 = CARTESIAN_POINT ( 'NONE',  ( 0.5000000000000000000, 0.6716990566028308000, 1.725000000000001000 ) ) ;
#3015 = CARTESIAN_POINT ( 'NONE',  ( -1.174999999999999400, 0.05000000000000012800, -1.175000000000000000 ) ) ;
#3016 = PLANE ( 'NONE',  #3711 ) ;
#3017 = LINE ( 'NONE', #6100, #37 ) ;
#3018 = DIRECTION ( 'NONE',  ( -1.000000000000000000, 0.0000000000000000000, -7.885106708985459500E-016 ) ) ;
#3019 = DIRECTION ( 'NONE',  ( -0.0000000000000000000, -1.000000000000000000, 0.0000000000000000000 ) ) ;
#3020 = EDGE_CURVE ( 'NONE', #179, #947, #3115, .T. ) ;
#3021 = VECTOR ( 'NONE', #2371, 1000.000000000000000 ) ;
#3022 = CARTESIAN_POINT ( 'NONE',  ( 0.3749999999999998900, 0.1999999999999999800, -1.999999999999999600 ) ) ;
#3023 = VERTEX_POINT ( 'NONE', #5849 ) ;
#3024 = EDGE_CURVE ( 'NONE', #4588, #596, #763, .T. ) ;
#3025 = EDGE_CURVE ( 'NONE', #1215, #312, #4578, .T. ) ;
#3026 = AXIS2_PLACEMENT_3D ( 'NONE', #4158, #4177, #5834 ) ;
#3027 = CIRCLE ( 'NONE', #216, 0.1250000000000003300 ) ;
#3028 = ADVANCED_FACE ( 'NONE', ( #217 ), #135, .T. ) ;
#3029 = LINE ( 'NONE', #1752, #5744 ) ;
#3030 = DIRECTION ( 'NONE',  ( -5.204170427930416600E-015, 0.0000000000000000000, -1.000000000000000000 ) ) ;
#3031 = ORIENTED_EDGE ( 'NONE', *, *, #5867, .T. ) ;
#3032 = CARTESIAN_POINT ( 'NONE',  ( 1.125000000000000200, 0.1999999999999999800, -1.725000000000001200 ) ) ;
#3033 = AXIS2_PLACEMENT_3D ( 'NONE', #4256, #5388, #122 ) ;
#3034 = VECTOR ( 'NONE', #4525, 1000.000000000000000 ) ;
#3035 = VERTEX_POINT ( 'NONE', #6335 ) ;
#3036 = SURFACE_STYLE_FILL_AREA ( #2016 ) ;
#3037 = AXIS2_PLACEMENT_3D ( 'NONE', #7395, #3900, #5710 ) ;
#3038 = ORIENTED_EDGE ( 'NONE', *, *, #2287, .T. ) ;
#3039 = DIRECTION ( 'NONE',  ( 1.000000000000000000, 0.0000000000000000000, -1.577021341797107100E-015 ) ) ;
#3040 = CARTESIAN_POINT ( 'NONE',  ( 0.3749999999999998900, 0.2000000000000000100, 1.725000000000001200 ) ) ;
#3041 = CARTESIAN_POINT ( 'NONE',  ( -2.000000000000000900, 0.1999999999999999800, 0.1249999999999996800 ) ) ;
#3042 = AXIS2_PLACEMENT_3D ( 'NONE', #7048, #2455, #6484 ) ;
#3043 = LINE ( 'NONE', #4179, #3858 ) ;
#3044 = DIRECTION ( 'NONE',  ( 0.0000000000000000000, 0.0000000000000000000, -1.000000000000000000 ) ) ;
#3045 = ORIENTED_EDGE ( 'NONE', *, *, #1083, .F. ) ;
#3046 = CYLINDRICAL_SURFACE ( 'NONE', #1680, 0.1250000000000003300 ) ;
#3047 = VERTEX_POINT ( 'NONE', #1118 ) ;
#3048 = DIRECTION ( 'NONE',  ( -1.000000000000000000, 0.0000000000000000000, -1.845450506358306100E-016 ) ) ;
#3049 = CARTESIAN_POINT ( 'NONE',  ( -1.125000000000000200, 0.6716990566028308000, -1.999999999999999600 ) ) ;
#3050 = CARTESIAN_POINT ( 'NONE',  ( 1.999999999999999100, 0.05000000000000000300, -1.999999999999999100 ) ) ;
#3051 = CARTESIAN_POINT ( 'NONE',  ( 1.999999999999999100, 0.05000000000000000300, 2.000000000000000900 ) ) ;
#3052 = LINE ( 'NONE', #3335, #1508 ) ;
#3053 = ORIENTED_EDGE ( 'NONE', *, *, #3020, .T. ) ;
#3054 = ORIENTED_EDGE ( 'NONE', *, *, #6145, .F. ) ;
#3055 = LINE ( 'NONE', #4850, #5682 ) ;
#3056 = ORIENTED_EDGE ( 'NONE', *, *, #3074, .F. ) ;
#3057 = CARTESIAN_POINT ( 'NONE',  ( 0.5000000000000000000, 0.1999999999999999800, -1.725000000000000100 ) ) ;
#3058 = CARTESIAN_POINT ( 'NONE',  ( 0.0000000000000000000, 0.05000000000000000300, -0.8750000000000003300 ) ) ;
#3059 = DIRECTION ( 'NONE',  ( 1.577021341797104700E-015, 0.0000000000000000000, -1.000000000000000000 ) ) ;
#3060 = VECTOR ( 'NONE', #7087, 1000.000000000000000 ) ;
#3061 = ORIENTED_EDGE ( 'NONE', *, *, #3567, .T. ) ;
#3062 = CIRCLE ( 'NONE', #5657, 0.1250000000000001100 ) ;
#3063 = CARTESIAN_POINT ( 'NONE',  ( -0.8749999999999998900, 0.04999999999999999600, -1.725000000000001200 ) ) ;
#3064 = ORIENTED_EDGE ( 'NONE', *, *, #616, .F. ) ;
#3065 = ORIENTED_EDGE ( 'NONE', *, *, #3896, .T. ) ;
#3066 = DIRECTION ( 'NONE',  ( 0.0000000000000000000, 0.0000000000000000000, -1.000000000000000000 ) ) ;
#3067 = CYLINDRICAL_SURFACE ( 'NONE', #2441, 0.1250000000000001100 ) ;
#3068 = PLANE ( 'NONE',  #3979 ) ;
#3069 =( NAMED_UNIT ( * ) SI_UNIT ( $, .STERADIAN. ) SOLID_ANGLE_UNIT ( ) );
#3070 =( NAMED_UNIT ( * ) SI_UNIT ( $, .STERADIAN. ) SOLID_ANGLE_UNIT ( ) );
#3071 = ORIENTED_EDGE ( 'NONE', *, *, #2534, .T. ) ;
#3072 = ORIENTED_EDGE ( 'NONE', *, *, #5449, .F. ) ;
#3073 = ORIENTED_EDGE ( 'NONE', *, *, #168, .F. ) ;
#3074 = EDGE_CURVE ( 'NONE', #3727, #4719, #1211, .T. ) ;
#3075 = ADVANCED_FACE ( 'NONE', ( #5998 ), #591, .T. ) ;
#3076 = EDGE_CURVE ( 'NONE', #3889, #1709, #4210, .T. ) ;
#3077 = DIRECTION ( 'NONE',  ( 1.577021341797104700E-015, 0.0000000000000000000, -1.000000000000000000 ) ) ;
#3078 = AXIS2_PLACEMENT_3D ( 'NONE', #1132, #2288, #2212 ) ;
#3079 = CARTESIAN_POINT ( 'NONE',  ( -2.000000000000001800, 0.6716990566028315800, 0.8749999999999996700 ) ) ;
#3080 = ORIENTED_EDGE ( 'NONE', *, *, #1617, .F. ) ;
#3081 = AXIS2_PLACEMENT_3D ( 'NONE', #3178, #872, #3689 ) ;
#3082 = CARTESIAN_POINT ( 'NONE',  ( -1.725000000000000800, 0.1999999999999999800, 0.6249999999999996700 ) ) ;
#3083 = PLANE ( 'NONE',  #3033 ) ;
#3084 = VERTEX_POINT ( 'NONE', #2946 ) ;
#3085 = PLANE ( 'NONE',  #3492 ) ;
#3086 = EDGE_CURVE ( 'NONE', #1643, #7035, #1020, .T. ) ;
#3087 = CARTESIAN_POINT ( 'NONE',  ( -1.300000000000000000, 3.876955262170047600, -1.125000000000000400 ) ) ;
#3088 = AXIS2_PLACEMENT_3D ( 'NONE', #4006, #5709, #530 ) ;
#3089 = VECTOR ( 'NONE', #3237, 1000.000000000000000 ) ;
#3090 = CARTESIAN_POINT ( 'NONE',  ( -1.611480854806852200, 0.6999999999999999600, -1.611480854806850400 ) ) ;
#3091 = AXIS2_PLACEMENT_3D ( 'NONE', #6241, #4051, #4582 ) ;
#3092 = ORIENTED_EDGE ( 'NONE', *, *, #3217, .F. ) ;
#3093 = CARTESIAN_POINT ( 'NONE',  ( -2.000000000000001800, 0.1999999999999999800, 0.3749999999999996700 ) ) ;
#3094 = PLANE ( 'NONE',  #6837 ) ;
#3095 = SURFACE_STYLE_FILL_AREA ( #5984 ) ;
#3096 = DIRECTION ( 'NONE',  ( -0.0000000000000000000, -1.000000000000000000, -0.0000000000000000000 ) ) ;
#3097 = CARTESIAN_POINT ( 'NONE',  ( 0.8749999999999998900, 0.04999999999999969700, -1.999999999999999600 ) ) ;
#3098 = VECTOR ( 'NONE', #2858, 1000.000000000000000 ) ;
#3099 = CARTESIAN_POINT ( 'NONE',  ( -1.725000000000000800, 0.1999999999999999800, -0.3750000000000003300 ) ) ;
#3100 = VERTEX_POINT ( 'NONE', #1758 ) ;
#3101 = DIRECTION ( 'NONE',  ( -0.0000000000000000000, -1.000000000000000000, -0.0000000000000000000 ) ) ;
#3102 = DIRECTION ( 'NONE',  ( 0.0000000000000000000, -0.0000000000000000000, -1.000000000000000000 ) ) ;
#3103 = LINE ( 'NONE', #5012, #5814 ) ;
#3104 = ORIENTED_EDGE ( 'NONE', *, *, #5870, .F. ) ;
#3105 = ADVANCED_FACE ( 'NONE', ( #6701 ), #6086, .T. ) ;
#3106 = ORIENTED_EDGE ( 'NONE', *, *, #2144, .T. ) ;
#3107 = FACE_OUTER_BOUND ( 'NONE', #3311, .T. ) ;
#3108 = DIRECTION ( 'NONE',  ( 0.0000000000000000000, 0.0000000000000000000, 1.000000000000000000 ) ) ;
#3109 = LINE ( 'NONE', #6643, #2028 ) ;
#3110 = FACE_OUTER_BOUND ( 'NONE', #797, .T. ) ;
#3111 = EDGE_CURVE ( 'NONE', #5670, #5779, #5655, .T. ) ;
#3112 = ORIENTED_EDGE ( 'NONE', *, *, #5022, .F. ) ;
#3113 = PLANE ( 'NONE',  #133 ) ;
#3114 = EDGE_CURVE ( 'NONE', #686, #3035, #2846, .T. ) ;
#3115 = LINE ( 'NONE', #3438, #1575 ) ;
#3116 = MECHANICAL_DESIGN_GEOMETRIC_PRESENTATION_REPRESENTATION (  '', ( #1948 ), #3902 ) ;
#3117 = VECTOR ( 'NONE', #469, 1000.000000000000000 ) ;
#3118 = DIRECTION ( 'NONE',  ( 1.577021341797104500E-015, 0.0000000000000000000, 1.000000000000000000 ) ) ;
#3119 = ORIENTED_EDGE ( 'NONE', *, *, #6963, .T. ) ;
#3120 = CARTESIAN_POINT ( 'NONE',  ( 1.999999999999999100, 0.05000000000000000300, 2.000000000000000900 ) ) ;
#3121 = EDGE_CURVE ( 'NONE', #312, #539, #7233, .T. ) ;
#3122 = COLOUR_RGB ( '',0.7921568627450980000, 0.8196078431372548800, 0.9333333333333333500 ) ;
#3123 = CARTESIAN_POINT ( 'NONE',  ( 1.725000000000000800, 0.0000000000000000000, 1.124999999999999800 ) ) ;
#3124 = ORIENTED_EDGE ( 'NONE', *, *, #4734, .F. ) ;
#3125 = EDGE_CURVE ( 'NONE', #4534, #7438, #2658, .T. ) ;
#3126 = ORIENTED_EDGE ( 'NONE', *, *, #5503, .F. ) ;
#3127 = EDGE_CURVE ( 'NONE', #3656, #5414, #3658, .T. ) ;
#3128 = AXIS2_PLACEMENT_3D ( 'NONE', #6191, #7284, #6142 ) ;
#3129 = CARTESIAN_POINT ( 'NONE',  ( -0.8749999999999998900, 0.1999999999999999800, -1.725000000000001200 ) ) ;
#3130 = STYLED_ITEM ( 'NONE', ( #1975 ), #1404 ) ;
#3131 = DIRECTION ( 'NONE',  ( 1.734723475976805500E-015, 0.0000000000000000000, 1.000000000000000000 ) ) ;
#3132 = VERTEX_POINT ( 'NONE', #5932 ) ;
#3133 = VECTOR ( 'NONE', #585, 1000.000000000000000 ) ;
#3134 = ORIENTED_EDGE ( 'NONE', *, *, #2528, .F. ) ;
#3135 = DIRECTION ( 'NONE',  ( -0.0000000000000000000, -1.000000000000000000, -0.0000000000000000000 ) ) ;
#3136 = LINE ( 'NONE', #2005, #2131 ) ;
#3137 = DIRECTION ( 'NONE',  ( 0.0000000000000000000, -1.000000000000000000, 0.0000000000000000000 ) ) ;
#3138 = DIRECTION ( 'NONE',  ( 0.0000000000000000000, 0.0000000000000000000, -1.000000000000000000 ) ) ;
#3139 = ORIENTED_EDGE ( 'NONE', *, *, #7447, .T. ) ;
#3140 = PLANE ( 'NONE',  #4404 ) ;
#3141 = LINE ( 'NONE', #2145, #1416 ) ;
#3142 = ORIENTED_EDGE ( 'NONE', *, *, #3646, .T. ) ;
#3143 = DIRECTION ( 'NONE',  ( -1.000000000000000000, 0.0000000000000000000, 7.885106708985459500E-016 ) ) ;
#3144 = ADVANCED_FACE ( 'NONE', ( #669 ), #2477, .F. ) ;
#3145 = FACE_OUTER_BOUND ( 'NONE', #321, .T. ) ;
#3146 = DIRECTION ( 'NONE',  ( -0.0000000000000000000, -1.000000000000000000, -0.0000000000000000000 ) ) ;
#3147 = ORIENTED_EDGE ( 'NONE', *, *, #3949, .F. ) ;
#3148 = CARTESIAN_POINT ( 'NONE',  ( -2.000000000000001800, 0.04999999999999969700, 0.8749999999999996700 ) ) ;
#3149 = ORIENTED_EDGE ( 'NONE', *, *, #2000, .T. ) ;
#3150 = LINE ( 'NONE', #700, #4708 ) ;
#3151 = ORIENTED_EDGE ( 'NONE', *, *, #5784, .F. ) ;
#3152 = VERTEX_POINT ( 'NONE', #2431 ) ;
#3153 = CARTESIAN_POINT ( 'NONE',  ( -0.6249999999999996700, 0.0000000000000000000, 1.999999999999999600 ) ) ;
#3154 = DIRECTION ( 'NONE',  ( 1.000000000000000000, -0.0000000000000000000, 1.734723475976802600E-015 ) ) ;
#3155 = VECTOR ( 'NONE', #4372, 1000.000000000000000 ) ;
#3156 = ORIENTED_EDGE ( 'NONE', *, *, #364, .T. ) ;
#3157 = ORIENTED_EDGE ( 'NONE', *, *, #5488, .F. ) ;
#3158 = EDGE_LOOP ( 'NONE', ( #7113, #6364, #55, #271 ) ) ;
#3159 = ORIENTED_EDGE ( 'NONE', *, *, #2534, .F. ) ;
#3160 = DIRECTION ( 'NONE',  ( 0.0000000000000000000, 0.0000000000000000000, -1.000000000000000000 ) ) ;
#3161 = DIRECTION ( 'NONE',  ( -1.000000000000000000, 0.0000000000000000000, 1.734723475976802600E-015 ) ) ;
#3162 = EDGE_CURVE ( 'NONE', #7197, #917, #6696, .T. ) ;
#3163 = CARTESIAN_POINT ( 'NONE',  ( -0.3749999999999996700, 0.0000000000000000000, 1.725000000000001200 ) ) ;
#3164 = ORIENTED_EDGE ( 'NONE', *, *, #549, .T. ) ;
#3165 = EDGE_CURVE ( 'NONE', #6117, #3526, #2103, .T. ) ;
#3166 = VERTEX_POINT ( 'NONE', #7073 ) ;
#3167 = DIRECTION ( 'NONE',  ( 0.0000000000000000000, -0.0000000000000000000, -1.000000000000000000 ) ) ;
#3168 = CARTESIAN_POINT ( 'NONE',  ( 1.000000000000000000, 0.6716990566028308000, 1.725000000000001000 ) ) ;
#3169 = CARTESIAN_POINT ( 'NONE',  ( -0.6250000000000001100, 0.6716990566028308000, -1.999999999999999600 ) ) ;
#3170 = DIRECTION ( 'NONE',  ( 0.0000000000000000000, -1.000000000000000000, 0.0000000000000000000 ) ) ;
#3171 = EDGE_CURVE ( 'NONE', #4885, #2417, #2471, .T. ) ;
#3172 = VERTEX_POINT ( 'NONE', #3647 ) ;
#3173 = EDGE_CURVE ( 'NONE', #5779, #6798, #208, .T. ) ;
#3174 = CARTESIAN_POINT ( 'NONE',  ( -1.125000000000002900, 0.05000000000000000300, 1.774149009521750300E-015 ) ) ;
#3175 = DIRECTION ( 'NONE',  ( -0.0000000000000000000, -1.000000000000000000, -0.0000000000000000000 ) ) ;
#3176 = VECTOR ( 'NONE', #6897, 1000.000000000000000 ) ;
#3177 = AXIS2_PLACEMENT_3D ( 'NONE', #7412, #1121, #5727 ) ;
#3178 = CARTESIAN_POINT ( 'NONE',  ( -1.000000000000000000, 0.0000000000000000000, -1.725000000000000100 ) ) ;
#3179 = DIRECTION ( 'NONE',  ( 0.0000000000000000000, 1.000000000000000000, 0.0000000000000000000 ) ) ;
#3180 = VERTEX_POINT ( 'NONE', #4232 ) ;
#3181 = LINE ( 'NONE', #7192, #7205 ) ;
#3182 = ADVANCED_FACE ( 'NONE', ( #3489 ), #4166, .T. ) ;
#3183 = CARTESIAN_POINT ( 'NONE',  ( 1.725000000000000800, 0.1999999999999999800, 1.124999999999999800 ) ) ;
#3184 = CARTESIAN_POINT ( 'NONE',  ( -2.000000000000000900, 0.1999999999999996500, 0.1249999999999996800 ) ) ;
#3185 = ORIENTED_EDGE ( 'NONE', *, *, #20, .T. ) ;
#3186 = MECHANICAL_DESIGN_GEOMETRIC_PRESENTATION_REPRESENTATION (  '', ( #3820 ), #4358 ) ;
#3187 = CARTESIAN_POINT ( 'NONE',  ( -2.000000000000000900, 0.05000000000000000300, 2.000000000000001300 ) ) ;
#3188 = DIRECTION ( 'NONE',  ( 0.0000000000000000000, 0.0000000000000000000, -1.000000000000000000 ) ) ;
#3189 = VECTOR ( 'NONE', #4835, 1000.000000000000000 ) ;
#3190 = CIRCLE ( 'NONE', #477, 0.1250000000000003300 ) ;
#3191 = AXIS2_PLACEMENT_3D ( 'NONE', #4770, #760, #4283 ) ;
#3192 = PLANE ( 'NONE',  #1578 ) ;
#3193 = DIRECTION ( 'NONE',  ( -1.577021341797104700E-015, 0.0000000000000000000, 1.000000000000000000 ) ) ;
#3194 = DIRECTION ( 'NONE',  ( -7.885106708985459500E-016, 0.0000000000000000000, 1.000000000000000000 ) ) ;
#3195 = DIRECTION ( 'NONE',  ( 0.0000000000000000000, 1.000000000000000000, 0.0000000000000000000 ) ) ;
#3196 = LINE ( 'NONE', #363, #4741 ) ;
#3197 = ORIENTED_EDGE ( 'NONE', *, *, #6614, .F. ) ;
#3198 = CYLINDRICAL_SURFACE ( 'NONE', #4023, 0.1250000000000001100 ) ;
#3199 = DIRECTION ( 'NONE',  ( -1.577021341797107100E-015, 0.0000000000000000000, -1.000000000000000000 ) ) ;
#3200 = DIRECTION ( 'NONE',  ( -0.0000000000000000000, 1.000000000000000000, -0.0000000000000000000 ) ) ;
#3201 = CARTESIAN_POINT ( 'NONE',  ( -0.3749999999999994400, 0.2000000000000000100, 1.725000000000001200 ) ) ;
#3202 = FACE_OUTER_BOUND ( 'NONE', #5393, .T. ) ;
#3203 = FACE_OUTER_BOUND ( 'NONE', #1755, .T. ) ;
#3204 = CARTESIAN_POINT ( 'NONE',  ( 1.725000000000000800, 0.1999999999999999800, -0.3750000000000003300 ) ) ;
#3205 = ORIENTED_EDGE ( 'NONE', *, *, #1189, .F. ) ;
#3206 = DIRECTION ( 'NONE',  ( 1.000000000000000000, 0.0000000000000000000, 0.0000000000000000000 ) ) ;
#3207 = FACE_OUTER_BOUND ( 'NONE', #4607, .T. ) ;
#3208 = DIRECTION ( 'NONE',  ( 1.000000000000000000, -0.0000000000000000000, 0.0000000000000000000 ) ) ;
#3209 = FACE_OUTER_BOUND ( 'NONE', #7446, .T. ) ;
#3210 = ORIENTED_EDGE ( 'NONE', *, *, #4493, .F. ) ;
#3211 = PLANE ( 'NONE',  #647 ) ;
#3212 = VECTOR ( 'NONE', #1807, 1000.000000000000000 ) ;
#3213 = EDGE_CURVE ( 'NONE', #2469, #539, #2289, .T. ) ;
#3214 = EDGE_LOOP ( 'NONE', ( #6004, #3589, #456, #6090 ) ) ;
#3215 = VERTEX_POINT ( 'NONE', #1842 ) ;
#3216 = DIRECTION ( 'NONE',  ( 0.0000000000000000000, 1.000000000000000000, 0.0000000000000000000 ) ) ;
#3217 = EDGE_CURVE ( 'NONE', #5491, #5707, #1665, .T. ) ;
#3218 = CARTESIAN_POINT ( 'NONE',  ( -0.8749999999999994400, 0.6716990566028308000, -2.000000000000000000 ) ) ;
#3219 = ADVANCED_FACE ( 'NONE', ( #5304 ), #1340, .T. ) ;
#3220 = VECTOR ( 'NONE', #1480, 1000.000000000000000 ) ;
#3221 = MANIFOLD_SOLID_BREP ( 'LPattern3[4]', #3893 ) ;
#3222 = EDGE_LOOP ( 'NONE', ( #5931, #2260, #5662, #2717 ) ) ;
#3223 = FACE_OUTER_BOUND ( 'NONE', #4279, .T. ) ;
#3224 = ORIENTED_EDGE ( 'NONE', *, *, #2867, .F. ) ;
#3225 = CARTESIAN_POINT ( 'NONE',  ( -1.725000000000000800, 0.05000000000000002400, 0.6249999999999996700 ) ) ;
#3226 = CARTESIAN_POINT ( 'NONE',  ( 0.8749999999999996700, 0.2000000000000000100, -1.725000000000000800 ) ) ;
#3227 = VECTOR ( 'NONE', #5208, 1000.000000000000000 ) ;
#3228 = EDGE_CURVE ( 'NONE', #3885, #2851, #129, .T. ) ;
#3229 = ORIENTED_EDGE ( 'NONE', *, *, #5216, .F. ) ;
#3230 = VECTOR ( 'NONE', #5502, 1000.000000000000000 ) ;
#3231 = VERTEX_POINT ( 'NONE', #6523 ) ;
#3232 = DIRECTION ( 'NONE',  ( 0.0000000000000000000, 0.0000000000000000000, 1.000000000000000000 ) ) ;
#3233 =( GEOMETRIC_REPRESENTATION_CONTEXT ( 3 ) GLOBAL_UNCERTAINTY_ASSIGNED_CONTEXT ( ( #4939 ) ) GLOBAL_UNIT_ASSIGNED_CONTEXT ( ( #3487, #2837, #4098 ) ) REPRESENTATION_CONTEXT ( 'NONE', 'WORKASPACE' ) );
#3234 = CARTESIAN_POINT ( 'NONE',  ( -2.000000000000000900, 0.1999999999999999800, 1.124999999999999800 ) ) ;
#3235 = VECTOR ( 'NONE', #3565, 1000.000000000000000 ) ;
#3236 = ORIENTED_EDGE ( 'NONE', *, *, #3485, .F. ) ;
#3237 = DIRECTION ( 'NONE',  ( 1.000000000000000000, 0.0000000000000000000, 0.0000000000000000000 ) ) ;
#3238 = VERTEX_POINT ( 'NONE', #5868 ) ;
#3239 = VECTOR ( 'NONE', #7247, 1000.000000000000000 ) ;
#3240 = DIRECTION ( 'NONE',  ( -0.0000000000000000000, -1.000000000000000000, -0.0000000000000000000 ) ) ;
#3241 = ORIENTED_EDGE ( 'NONE', *, *, #4120, .T. ) ;
#3242 = VECTOR ( 'NONE', #4637, 1000.000000000000000 ) ;
#3243 = DIRECTION ( 'NONE',  ( 0.0000000000000000000, 0.0000000000000000000, 1.000000000000000000 ) ) ;
#3244 = DIRECTION ( 'NONE',  ( -3.469446951953614200E-015, 0.0000000000000000000, 1.000000000000000000 ) ) ;
#3245 = ORIENTED_EDGE ( 'NONE', *, *, #5639, .T. ) ;
#3246 = LINE ( 'NONE', #294, #1707 ) ;
#3247 = VERTEX_POINT ( 'NONE', #199 ) ;
#3248 = ORIENTED_EDGE ( 'NONE', *, *, #3696, .T. ) ;
#3249 = CYLINDRICAL_SURFACE ( 'NONE', #1666, 0.1250000000000001100 ) ;
#3250 = ORIENTED_EDGE ( 'NONE', *, *, #16, .F. ) ;
#3251 = ORIENTED_EDGE ( 'NONE', *, *, #7242, .F. ) ;
#3252 = DIRECTION ( 'NONE',  ( -1.577021341797104500E-015, -0.0000000000000000000, -1.000000000000000000 ) ) ;
#3253 = ORIENTED_EDGE ( 'NONE', *, *, #6710, .F. ) ;
#3254 =( LENGTH_UNIT ( ) NAMED_UNIT ( * ) SI_UNIT ( .MILLI., .METRE. ) );
#3255 = ADVANCED_FACE ( 'NONE', ( #7057 ), #1926, .F. ) ;
#3256 = ORIENTED_EDGE ( 'NONE', *, *, #170, .T. ) ;
#3257 = ADVANCED_FACE ( 'NONE', ( #755 ), #5887, .F. ) ;
#3258 = EDGE_CURVE ( 'NONE', #5773, #6517, #2654, .T. ) ;
#3259 = CARTESIAN_POINT ( 'NONE',  ( 2.000000000000001800, 0.1999999999999999800, -0.6250000000000003300 ) ) ;
#3260 = EDGE_CURVE ( 'NONE', #6699, #7374, #395, .T. ) ;
#3261 = CARTESIAN_POINT ( 'NONE',  ( 1.125000000000000900, 0.6716990566028308000, 2.000000000000000000 ) ) ;
#3262 = AXIS2_PLACEMENT_3D ( 'NONE', #448, #4497, #5648 ) ;
#3263 = VERTEX_POINT ( 'NONE', #5496 ) ;
#3264 = CARTESIAN_POINT ( 'NONE',  ( -2.000000000000001800, 0.1999999999999999800, -1.125000000000000400 ) ) ;
#3265 = DIRECTION ( 'NONE',  ( 0.0000000000000000000, 0.0000000000000000000, -1.000000000000000000 ) ) ;
#3266 = DIRECTION ( 'NONE',  ( -0.0000000000000000000, -1.000000000000000000, -0.0000000000000000000 ) ) ;
#3267 = CARTESIAN_POINT ( 'NONE',  ( -1.300000000000000000, 0.05000000000000000300, 0.0000000000000000000 ) ) ;
#3268 = LINE ( 'NONE', #6059, #4991 ) ;
#3269 = EDGE_CURVE ( 'NONE', #2493, #2042, #6519, .T. ) ;
#3270 = ORIENTED_EDGE ( 'NONE', *, *, #2162, .F. ) ;
#3271 = EDGE_CURVE ( 'NONE', #98, #5621, #2384, .T. ) ;
#3272 = LINE ( 'NONE', #2433, #1192 ) ;
#3273 = STYLED_ITEM ( 'NONE', ( #398 ), #3784 ) ;
#3274 = DIRECTION ( 'NONE',  ( 0.0000000000000000000, 1.000000000000000000, 0.0000000000000000000 ) ) ;
#3275 = FACE_OUTER_BOUND ( 'NONE', #349, .T. ) ;
#3276 = ORIENTED_EDGE ( 'NONE', *, *, #3127, .F. ) ;
#3277 = DIRECTION ( 'NONE',  ( 0.0000000000000000000, 0.0000000000000000000, 1.000000000000000000 ) ) ;
#3278 = FILL_AREA_STYLE ('',( #6708 ) ) ;
#3279 = CARTESIAN_POINT ( 'NONE',  ( -4.928191693115927800E-016, 0.05000000000000000300, -0.6250000000000020000 ) ) ;
#3280 = CARTESIAN_POINT ( 'NONE',  ( 0.6250000000000001100, 0.2000000000000000100, -1.725000000000001200 ) ) ;
#3281 =( LENGTH_UNIT ( ) NAMED_UNIT ( * ) SI_UNIT ( .MILLI., .METRE. ) );
#3282 = VECTOR ( 'NONE', #3346, 1000.000000000000000 ) ;
#3283 = AXIS2_PLACEMENT_3D ( 'NONE', #6987, #5872, #645 ) ;
#3284 = ORIENTED_EDGE ( 'NONE', *, *, #3805, .T. ) ;
#3285 = ORIENTED_EDGE ( 'NONE', *, *, #6977, .F. ) ;
#3286 = CARTESIAN_POINT ( 'NONE',  ( 1.725000000000000800, 0.6716990566028315800, -0.8750000000000003300 ) ) ;
#3287 = DIRECTION ( 'NONE',  ( -1.577021341797104500E-015, -0.0000000000000000000, -1.000000000000000000 ) ) ;
#3288 = DIRECTION ( 'NONE',  ( 3.469446951953614200E-015, -0.0000000000000000000, 1.000000000000000000 ) ) ;
#3289 = VECTOR ( 'NONE', #229, 1000.000000000000000 ) ;
#3290 = DIRECTION ( 'NONE',  ( -0.0000000000000000000, -1.000000000000000000, -0.0000000000000000000 ) ) ;
#3291 = ADVANCED_FACE ( 'NONE', ( #5558 ), #3943, .T. ) ;
#3292 = LINE ( 'NONE', #3597, #7060 ) ;
#3293 = ADVANCED_FACE ( 'NONE', ( #2027 ), #2023, .F. ) ;
#3294 = LINE ( 'NONE', #507, #6882 ) ;
#3295 = ORIENTED_EDGE ( 'NONE', *, *, #5506, .T. ) ;
#3296 = DIRECTION ( 'NONE',  ( -0.0000000000000000000, -1.000000000000000000, -0.0000000000000000000 ) ) ;
#3297 = CARTESIAN_POINT ( 'NONE',  ( 1.725000000000000800, 0.0000000000000000000, 0.1249999999999996800 ) ) ;
#3298 = LINE ( 'NONE', #543, #6525 ) ;
#3299 = VECTOR ( 'NONE', #1262, 1000.000000000000000 ) ;
#3300 = EDGE_CURVE ( 'NONE', #4331, #6570, #5015, .T. ) ;
#3301 = VERTEX_POINT ( 'NONE', #2559 ) ;
#3302 = CARTESIAN_POINT ( 'NONE',  ( 2.000000000000000900, 0.1999999999999999800, 1.124999999999999800 ) ) ;
#3303 = DIRECTION ( 'NONE',  ( -1.577021341797104700E-015, 0.0000000000000000000, 1.000000000000000000 ) ) ;
#3304 = CARTESIAN_POINT ( 'NONE',  ( -1.725000000000000800, 0.1999999999999999800, -0.8750000000000003300 ) ) ;
#3305 = ORIENTED_EDGE ( 'NONE', *, *, #3811, .F. ) ;
#3306 = LINE ( 'NONE', #5142, #6901 ) ;
#3307 = EDGE_LOOP ( 'NONE', ( #5815, #1583, #4959, #1282 ) ) ;
#3308 = CARTESIAN_POINT ( 'NONE',  ( -2.000000000000000900, 0.0000000000000000000, 0.6249999999999996700 ) ) ;
#3309 = EDGE_CURVE ( 'NONE', #7267, #3520, #5209, .T. ) ;
#3310 = LINE ( 'NONE', #2297, #6371 ) ;
#3311 = EDGE_LOOP ( 'NONE', ( #4687, #6337, #6511, #4255 ) ) ;
#3312 = EDGE_CURVE ( 'NONE', #1529, #4535, #6162, .T. ) ;
#3313 = FACE_OUTER_BOUND ( 'NONE', #1239, .T. ) ;
#3314 = ORIENTED_EDGE ( 'NONE', *, *, #6145, .T. ) ;
#3315 = DIRECTION ( 'NONE',  ( 0.0000000000000000000, -0.0000000000000000000, -1.000000000000000000 ) ) ;
#3316 = DIRECTION ( 'NONE',  ( -1.000000000000000000, 0.0000000000000000000, -7.885106708985459500E-016 ) ) ;
#3317 = DIRECTION ( 'NONE',  ( 0.0000000000000000000, 0.0000000000000000000, -1.000000000000000000 ) ) ;
#3318 = LINE ( 'NONE', #45, #4782 ) ;
#3319 = ORIENTED_EDGE ( 'NONE', *, *, #5110, .F. ) ;
#3320 = AXIS2_PLACEMENT_3D ( 'NONE', #7200, #2031, #6655 ) ;
#3321 = ORIENTED_EDGE ( 'NONE', *, *, #3650, .T. ) ;
#3322 = LINE ( 'NONE', #7076, #4698 ) ;
#3323 = EDGE_LOOP ( 'NONE', ( #5807, #6479, #5164, #3139 ) ) ;
#3324 = EDGE_CURVE ( 'NONE', #6992, #2675, #4927, .T. ) ;
#3325 = FACE_OUTER_BOUND ( 'NONE', #4954, .T. ) ;
#3326 = ORIENTED_EDGE ( 'NONE', *, *, #7442, .T. ) ;
#3327 = VERTEX_POINT ( 'NONE', #6600 ) ;
#3328 = FACE_OUTER_BOUND ( 'NONE', #4661, .T. ) ;
#3329 = ORIENTED_EDGE ( 'NONE', *, *, #1377, .F. ) ;
#3330 = EDGE_LOOP ( 'NONE', ( #6215, #862, #1422, #7112, #426 ) ) ;
#3331 = ADVANCED_FACE ( 'NONE', ( #4838 ), #3776, .F. ) ;
#3332 = DIRECTION ( 'NONE',  ( 0.0000000000000000000, 0.0000000000000000000, -1.000000000000000000 ) ) ;
#3333 = ADVANCED_FACE ( 'NONE', ( #6438 ), #3192, .F. ) ;
#3334 = AXIS2_PLACEMENT_3D ( 'NONE', #1082, #6222, #3427 ) ;
#3335 = CARTESIAN_POINT ( 'NONE',  ( 1.999999999999999100, 0.05000000000000000300, 2.000000000000000900 ) ) ;
#3336 = CARTESIAN_POINT ( 'NONE',  ( 2.399085658265797500E-016, 0.05000000000000000300, -1.300000000000000000 ) ) ;
#3337 = CIRCLE ( 'NONE', #317, 0.1250000000000003300 ) ;
#3338 = PLANE ( 'NONE',  #3443 ) ;
#3339 = CARTESIAN_POINT ( 'NONE',  ( -0.3750000000000026100, 0.05000000000000000300, -5.913830031739183600E-016 ) ) ;
#3340 = ORIENTED_EDGE ( 'NONE', *, *, #7346, .T. ) ;
#3341 = ORIENTED_EDGE ( 'NONE', *, *, #3518, .F. ) ;
#3342 = VERTEX_POINT ( 'NONE', #1360 ) ;
#3343 = EDGE_LOOP ( 'NONE', ( #771, #3664, #4941, #1922 ) ) ;
#3344 = DIRECTION ( 'NONE',  ( -1.000000000000000000, 0.0000000000000000000, 0.0000000000000000000 ) ) ;
#3345 = CARTESIAN_POINT ( 'NONE',  ( -0.6250000000000032200, 0.05000000000000000300, -9.856383386231956200E-016 ) ) ;
#3346 = DIRECTION ( 'NONE',  ( -1.577021341797106900E-015, 0.0000000000000000000, -1.000000000000000000 ) ) ;
#3347 = DIRECTION ( 'NONE',  ( 0.0000000000000000000, 1.000000000000000000, 0.0000000000000000000 ) ) ;
#3348 = ORIENTED_EDGE ( 'NONE', *, *, #4917, .F. ) ;
#3349 = DIRECTION ( 'NONE',  ( 1.577021341797106900E-015, -0.0000000000000000000, 1.000000000000000000 ) ) ;
#3350 = VERTEX_POINT ( 'NONE', #6009 ) ;
#3351 = DIRECTION ( 'NONE',  ( 3.469446951953614200E-015, 0.0000000000000000000, -1.000000000000000000 ) ) ;
#3352 = CARTESIAN_POINT ( 'NONE',  ( -1.725000000000000800, 0.6716990566028315800, -1.125000000000000700 ) ) ;
#3353 = ORIENTED_EDGE ( 'NONE', *, *, #1810, .T. ) ;
#3354 = CYLINDRICAL_SURFACE ( 'NONE', #4976, 0.1250000000000003300 ) ;
#3355 = PLANE ( 'NONE',  #950 ) ;
#3356 = UNCERTAINTY_MEASURE_WITH_UNIT (LENGTH_MEASURE( 1.000000000000000100E-005 ), #1917, 'distance_accuracy_value', 'NONE');
#3357 = EDGE_CURVE ( 'NONE', #2265, #6650, #308, .T. ) ;
#3358 = ORIENTED_EDGE ( 'NONE', *, *, #2079, .T. ) ;
#3359 = CARTESIAN_POINT ( 'NONE',  ( 0.8749999999999998900, 0.2000000000000000100, -1.999999999999999600 ) ) ;
#3360 = CARTESIAN_POINT ( 'NONE',  ( 1.000000000000000000, 0.2000000000000000100, 1.725000000000001000 ) ) ;
#3361 = EDGE_CURVE ( 'NONE', #5866, #3172, #1836, .T. ) ;
#3362 = CIRCLE ( 'NONE', #2891, 0.1250000000000001100 ) ;
#3363 = AXIS2_PLACEMENT_3D ( 'NONE', #6665, #330, #907 ) ;
#3364 = CARTESIAN_POINT ( 'NONE',  ( 0.0000000000000000000, 0.2000000000000000100, -1.725000000000000100 ) ) ;
#3365 = ORIENTED_EDGE ( 'NONE', *, *, #1851, .T. ) ;
#3366 =( NAMED_UNIT ( * ) PLANE_ANGLE_UNIT ( ) SI_UNIT ( $, .RADIAN. ) );
#3367 = DIRECTION ( 'NONE',  ( 1.000000000000000000, 0.0000000000000000000, -7.885106708985459500E-016 ) ) ;
#3368 = LINE ( 'NONE', #125, #3826 ) ;
#3369 = DIRECTION ( 'NONE',  ( 0.0000000000000000000, 0.0000000000000000000, 1.000000000000000000 ) ) ;
#3370 = ADVANCED_FACE ( 'NONE', ( #3391 ), #838, .F. ) ;
#3371 = VECTOR ( 'NONE', #6887, 1000.000000000000000 ) ;
#3372 = CARTESIAN_POINT ( 'NONE',  ( 1.725000000000000800, 0.6716990566028315800, 0.6249999999999996700 ) ) ;
#3373 = CARTESIAN_POINT ( 'NONE',  ( 1.999999999999999100, 0.05000000000000000300, 2.000000000000000900 ) ) ;
#3374 = ADVANCED_FACE ( 'NONE', ( #3576 ), #1382, .F. ) ;
#3375 = EDGE_CURVE ( 'NONE', #4413, #4601, #6081, .T. ) ;
#3376 = DIRECTION ( 'NONE',  ( 1.000000000000000000, 0.0000000000000000000, 1.577021341797104700E-015 ) ) ;
#3377 = AXIS2_PLACEMENT_3D ( 'NONE', #1460, #1486, #5003 ) ;
#3378 = CARTESIAN_POINT ( 'NONE',  ( 1.999999999999999100, 0.8000000000000020400, -1.999999999999999100 ) ) ;
#3379 = VECTOR ( 'NONE', #6694, 1000.000000000000000 ) ;
#3380 = VERTEX_POINT ( 'NONE', #2140 ) ;
#3381 = AXIS2_PLACEMENT_3D ( 'NONE', #4572, #6879, #1095 ) ;
#3382 = VECTOR ( 'NONE', #7328, 1000.000000000000000 ) ;
#3383 = AXIS2_PLACEMENT_3D ( 'NONE', #3476, #2801, #4564 ) ;
#3384 = VECTOR ( 'NONE', #1720, 1000.000000000000000 ) ;
#3385 = VECTOR ( 'NONE', #5475, 1000.000000000000000 ) ;
#3386 = ORIENTED_EDGE ( 'NONE', *, *, #4493, .T. ) ;
#3387 = PLANE ( 'NONE',  #225 ) ;
#3388 = DIRECTION ( 'NONE',  ( -0.0000000000000000000, -0.0000000000000000000, -1.000000000000000000 ) ) ;
#3389 = PLANE ( 'NONE',  #4080 ) ;
#3390 = PLANE ( 'NONE',  #3078 ) ;
#3391 = FACE_OUTER_BOUND ( 'NONE', #5690, .T. ) ;
#3392 = FACE_OUTER_BOUND ( 'NONE', #3583, .T. ) ;
#3393 = VECTOR ( 'NONE', #4132, 1000.000000000000000 ) ;
#3394 = CARTESIAN_POINT ( 'NONE',  ( 1.000000000000000000, 0.6716990566028308000, 1.600000000000000800 ) ) ;
#3395 = EDGE_LOOP ( 'NONE', ( #4836, #2642, #5241, #2053 ) ) ;
#3396 = CARTESIAN_POINT ( 'NONE',  ( -1.174999999999999400, 0.2000000000000000900, -1.175000000000000000 ) ) ;
#3397 =( NAMED_UNIT ( * ) SI_UNIT ( $, .STERADIAN. ) SOLID_ANGLE_UNIT ( ) );
#3398 =( NAMED_UNIT ( * ) SI_UNIT ( $, .STERADIAN. ) SOLID_ANGLE_UNIT ( ) );
#3399 = ORIENTED_EDGE ( 'NONE', *, *, #5416, .F. ) ;
#3400 = DIRECTION ( 'NONE',  ( -1.000000000000000000, 0.0000000000000000000, 0.0000000000000000000 ) ) ;
#3401 = FACE_OUTER_BOUND ( 'NONE', #1160, .T. ) ;
#3402 = CARTESIAN_POINT ( 'NONE',  ( -1.000000000000000000, 0.2000000000000000100, -1.725000000000000100 ) ) ;
#3403 = VERTEX_POINT ( 'NONE', #5010 ) ;
#3404 = VERTEX_POINT ( 'NONE', #5545 ) ;
#3405 = CARTESIAN_POINT ( 'NONE',  ( -2.000000000000000900, 0.0000000000000000000, -0.8750000000000003300 ) ) ;
#3406 = CARTESIAN_POINT ( 'NONE',  ( 1.125000000000000900, 0.0000000000000000000, 2.000000000000000000 ) ) ;
#3407 = PRESENTATION_STYLE_ASSIGNMENT (( #2902 ) ) ;
#3409 = EDGE_CURVE ( 'NONE', #2620, #61, #3017, .T. ) ;
#3408 = CARTESIAN_POINT ( 'NONE',  ( -1.000000000000000000, 0.2000000000000000100, -1.725000000000000100 ) ) ;
#3410 = VERTEX_POINT ( 'NONE', #4490 ) ;
#3411 = SURFACE_STYLE_FILL_AREA ( #6922 ) ;
#3412 = ORIENTED_EDGE ( 'NONE', *, *, #259, .F. ) ;
#3413 = DIRECTION ( 'NONE',  ( 0.0000000000000000000, 0.0000000000000000000, -1.000000000000000000 ) ) ;
#3414 = ADVANCED_FACE ( 'NONE', ( #2932 ), #7317, .F. ) ;
#3415 = ADVANCED_FACE ( 'NONE', ( #3107 ), #4239, .T. ) ;
#3416 = EDGE_CURVE ( 'NONE', #453, #3989, #4476, .T. ) ;
#3417 = CIRCLE ( 'NONE', #3381, 0.1250000000000003300 ) ;
#3418 = DIRECTION ( 'NONE',  ( 0.0000000000000000000, -0.0000000000000000000, 1.000000000000000000 ) ) ;
#3419 = ORIENTED_EDGE ( 'NONE', *, *, #420, .F. ) ;
#3420 = COLOUR_RGB ( '',0.7921568627450980000, 0.8196078431372548800, 0.9333333333333333500 ) ;
#3421 = DIRECTION ( 'NONE',  ( 0.0000000000000000000, 0.0000000000000000000, -1.000000000000000000 ) ) ;
#3422 = ORIENTED_EDGE ( 'NONE', *, *, #2758, .T. ) ;
#3423 = EDGE_CURVE ( 'NONE', #6552, #3301, #3868, .T. ) ;
#3424 = DIRECTION ( 'NONE',  ( -0.0000000000000000000, 1.000000000000000000, -0.0000000000000000000 ) ) ;
#3425 = FACE_OUTER_BOUND ( 'NONE', #4632, .T. ) ;
#3426 = PLANE ( 'NONE',  #4699 ) ;
#3427 = DIRECTION ( 'NONE',  ( -1.000000000000000000, 0.0000000000000000000, -0.0000000000000000000 ) ) ;
#3428 = EDGE_CURVE ( 'NONE', #5078, #3047, #4773, .T. ) ;
#3429 = CARTESIAN_POINT ( 'NONE',  ( 1.174999999999999800, 0.05000000000000000300, 1.300000000000000300 ) ) ;
#3430 = EDGE_LOOP ( 'NONE', ( #7274, #5771, #2918, #1252 ) ) ;
#3431 = EDGE_CURVE ( 'NONE', #3998, #5804, #675, .T. ) ;
#3432 = ORIENTED_EDGE ( 'NONE', *, *, #5270, .T. ) ;
#3433 = CIRCLE ( 'NONE', #5557, 0.1250000000000001100 ) ;
#3434 = VERTEX_POINT ( 'NONE', #2706 ) ;
#3435 = CARTESIAN_POINT ( 'NONE',  ( -0.6249999999999996700, 0.6716990566028308000, 1.999999999999999600 ) ) ;
#3436 = AXIS2_PLACEMENT_3D ( 'NONE', #3749, #3728, #1444 ) ;
#3437 = CARTESIAN_POINT ( 'NONE',  ( -1.299999999999999800, 0.2000000000000000900, -1.125000000000000400 ) ) ;
#3438 = CARTESIAN_POINT ( 'NONE',  ( 2.000000000000001800, 0.0000000000000000000, 0.8749999999999996700 ) ) ;
#3439 = ORIENTED_EDGE ( 'NONE', *, *, #1892, .T. ) ;
#3440 = LINE ( 'NONE', #6297, #1159 ) ;
#3441 = ORIENTED_EDGE ( 'NONE', *, *, #2972, .F. ) ;
#3442 = CARTESIAN_POINT ( 'NONE',  ( 0.6250000000000005600, 0.0000000000000000000, -2.000000000000000000 ) ) ;
#3443 = AXIS2_PLACEMENT_3D ( 'NONE', #994, #5062, #1588 ) ;
#3444 = LINE ( 'NONE', #2073, #7271 ) ;
#3445 = ORIENTED_EDGE ( 'NONE', *, *, #2004, .F. ) ;
#3446 = ORIENTED_EDGE ( 'NONE', *, *, #4475, .F. ) ;
#3447 = CARTESIAN_POINT ( 'NONE',  ( -0.1249999999999996800, 0.2000000000000000100, 1.999999999999999600 ) ) ;
#3448 = VERTEX_POINT ( 'NONE', #6146 ) ;
#3449 = AXIS2_PLACEMENT_3D ( 'NONE', #1825, #92, #2313 ) ;
#3450 = DIRECTION ( 'NONE',  ( 0.0000000000000000000, 0.0000000000000000000, 1.000000000000000000 ) ) ;
#3451 = CARTESIAN_POINT ( 'NONE',  ( -1.725000000000000300, 0.0000000000000000000, 0.9999999999999995600 ) ) ;
#3452 = CARTESIAN_POINT ( 'NONE',  ( 1.000000000000000000, 0.1999999999999999800, 1.600000000000000800 ) ) ;
#3453 = VERTEX_POINT ( 'NONE', #2086 ) ;
#3454 = DIRECTION ( 'NONE',  ( -1.577021341797106900E-015, 0.0000000000000000000, -1.000000000000000000 ) ) ;
#3455 = DIRECTION ( 'NONE',  ( 1.000000000000000000, 0.0000000000000000000, 7.885106708985459500E-016 ) ) ;
#3456 = DIRECTION ( 'NONE',  ( 0.0000000000000000000, 0.0000000000000000000, -1.000000000000000000 ) ) ;
#3457 = PLANE ( 'NONE',  #858 ) ;
#3458 = ADVANCED_FACE ( 'NONE', ( #7148 ), #6198, .T. ) ;
#3459 = DIRECTION ( 'NONE',  ( 0.0000000000000000000, 0.0000000000000000000, -1.000000000000000000 ) ) ;
#3460 = DIRECTION ( 'NONE',  ( 0.0000000000000000000, 0.0000000000000000000, -1.000000000000000000 ) ) ;
#3461 = ORIENTED_EDGE ( 'NONE', *, *, #4913, .T. ) ;
#3462 = DIRECTION ( 'NONE',  ( -0.0000000000000000000, -1.000000000000000000, 0.0000000000000000000 ) ) ;
#3463 = VECTOR ( 'NONE', #4543, 1000.000000000000000 ) ;
#3464 = ORIENTED_EDGE ( 'NONE', *, *, #6716, .F. ) ;
#3465 = CARTESIAN_POINT ( 'NONE',  ( -1.124999999999999800, 0.1999999999999999800, 1.999999999999999600 ) ) ;
#3466 = CARTESIAN_POINT ( 'NONE',  ( -1.000000000000000000, 0.2000000000000000100, -1.725000000000000100 ) ) ;
#3467 = VECTOR ( 'NONE', #5959, 1000.000000000000000 ) ;
#3468 = EDGE_CURVE ( 'NONE', #1174, #709, #1565, .T. ) ;
#3469 = DIRECTION ( 'NONE',  ( 0.0000000000000000000, 1.000000000000000000, 0.0000000000000000000 ) ) ;
#3470 = EDGE_CURVE ( 'NONE', #1454, #5491, #2408, .T. ) ;
#3471 = SURFACE_SIDE_STYLE ('',( #3411 ) ) ;
#3472 = CARTESIAN_POINT ( 'NONE',  ( 1.000000000000000000, 0.0000000000000000000, 1.725000000000001000 ) ) ;
#3473 = LINE ( 'NONE', #5791, #2554 ) ;
#3474 = ORIENTED_EDGE ( 'NONE', *, *, #1131, .F. ) ;
#3475 = VECTOR ( 'NONE', #2540, 1000.000000000000000 ) ;
#3476 = CARTESIAN_POINT ( 'NONE',  ( 1.175000000000000000, 3.876955262170047600, -1.299999999999999800 ) ) ;
#3477 = DIRECTION ( 'NONE',  ( 0.0000000000000000000, 1.000000000000000000, -0.0000000000000000000 ) ) ;
#3478 = CARTESIAN_POINT ( 'NONE',  ( 1.725000000000000300, 0.6716990566028315800, -2.168404344971008900E-016 ) ) ;
#3479 =( LENGTH_UNIT ( ) NAMED_UNIT ( * ) SI_UNIT ( .MILLI., .METRE. ) );
#3480 = STYLED_ITEM ( 'NONE', ( #224 ), #2746 ) ;
#3481 = CYLINDRICAL_SURFACE ( 'NONE', #1273, 0.1250000000000003300 ) ;
#3482 = DIRECTION ( 'NONE',  ( -0.0000000000000000000, -1.000000000000000000, -0.0000000000000000000 ) ) ;
#3483 = LINE ( 'NONE', #6249, #1921 ) ;
#3484 = ORIENTED_EDGE ( 'NONE', *, *, #2716, .T. ) ;
#3485 = EDGE_CURVE ( 'NONE', #3656, #1579, #4573, .T. ) ;
#3486 = ORIENTED_EDGE ( 'NONE', *, *, #206, .T. ) ;
#3487 =( LENGTH_UNIT ( ) NAMED_UNIT ( * ) SI_UNIT ( .MILLI., .METRE. ) );
#3488 = DIRECTION ( 'NONE',  ( -1.577021341797104500E-015, 0.0000000000000000000, 1.000000000000000000 ) ) ;
#3489 = FACE_OUTER_BOUND ( 'NONE', #4437, .T. ) ;
#3490 = AXIS2_PLACEMENT_3D ( 'NONE', #1016, #2132, #4484 ) ;
#3491 = CYLINDRICAL_SURFACE ( 'NONE', #5746, 0.1250000000000003300 ) ;
#3492 = AXIS2_PLACEMENT_3D ( 'NONE', #5882, #5302, #751 ) ;
#3493 = ORIENTED_EDGE ( 'NONE', *, *, #18, .T. ) ;
#3494 = CIRCLE ( 'NONE', #3965, 0.1250000000000003300 ) ;
#3495 = FACE_OUTER_BOUND ( 'NONE', #4139, .T. ) ;
#3496 = CARTESIAN_POINT ( 'NONE',  ( -1.000000000000000000, 0.2000000000000000100, -1.725000000000000100 ) ) ;
#3497 = DIRECTION ( 'NONE',  ( 0.0000000000000000000, -0.0000000000000000000, 1.000000000000000000 ) ) ;
#3498 = DIRECTION ( 'NONE',  ( 0.0000000000000000000, 1.000000000000000000, 0.0000000000000000000 ) ) ;
#3499 = EDGE_LOOP ( 'NONE', ( #694, #791, #5462, #4228 ) ) ;
#3500 = LINE ( 'NONE', #3050, #50 ) ;
#3501 = CARTESIAN_POINT ( 'NONE',  ( 1.174999999999999800, 0.2000000000000000900, 1.300000000000000300 ) ) ;
#3502 =( NAMED_UNIT ( * ) SI_UNIT ( $, .STERADIAN. ) SOLID_ANGLE_UNIT ( ) );
#3503 = ORIENTED_EDGE ( 'NONE', *, *, #2930, .T. ) ;
#3504 = PLANE ( 'NONE',  #5329 ) ;
#3505 = ORIENTED_EDGE ( 'NONE', *, *, #5118, .F. ) ;
#3506 = DIRECTION ( 'NONE',  ( 0.0000000000000000000, 1.000000000000000000, 0.0000000000000000000 ) ) ;
#3507 = CARTESIAN_POINT ( 'NONE',  ( 1.300000000000000000, 0.2000000000000000900, -1.174999999999999800 ) ) ;
#3508 = FACE_OUTER_BOUND ( 'NONE', #903, .T. ) ;
#3509 = ORIENTED_EDGE ( 'NONE', *, *, #2287, .F. ) ;
#3510 = DIRECTION ( 'NONE',  ( 0.0000000000000000000, -1.000000000000000000, 0.0000000000000000000 ) ) ;
#3511 = SURFACE_STYLE_FILL_AREA ( #6356 ) ;
#3512 = CLOSED_SHELL ( 'NONE', ( #2422, #4526, #1353, #3864, #3866, #3414 ) ) ;
#3513 = CARTESIAN_POINT ( 'NONE',  ( 1.300000000000000000, 3.876955262170047600, 1.174999999999999800 ) ) ;
#3514 = EDGE_CURVE ( 'NONE', #272, #2712, #2032, .T. ) ;
#3515 = VECTOR ( 'NONE', #1872, 1000.000000000000000 ) ;
#3516 = VERTEX_POINT ( 'NONE', #406 ) ;
#3517 = EDGE_LOOP ( 'NONE', ( #4112, #7021, #3541, #444 ) ) ;
#3518 = EDGE_CURVE ( 'NONE', #1713, #5100, #4060, .T. ) ;
#3519 = VECTOR ( 'NONE', #307, 1000.000000000000000 ) ;
#3520 = VERTEX_POINT ( 'NONE', #2771 ) ;
#3521 = DIRECTION ( 'NONE',  ( -1.000000000000000000, 0.0000000000000000000, -1.577021341797104700E-015 ) ) ;
#3522 = EDGE_CURVE ( 'NONE', #4742, #4161, #311, .T. ) ;
#3523 = DIRECTION ( 'NONE',  ( 7.885106708985459500E-016, 0.0000000000000000000, 1.000000000000000000 ) ) ;
#3524 =( NAMED_UNIT ( * ) PLANE_ANGLE_UNIT ( ) SI_UNIT ( $, .RADIAN. ) );
#3525 = DIRECTION ( 'NONE',  ( -1.000000000000000000, 0.0000000000000000000, -7.885106708985459500E-016 ) ) ;
#3526 = VERTEX_POINT ( 'NONE', #2193 ) ;
#3527 = LINE ( 'NONE', #3280, #4244 ) ;
#3528 = EDGE_LOOP ( 'NONE', ( #6993, #6293, #5820, #498 ) ) ;
#3529 = ORIENTED_EDGE ( 'NONE', *, *, #6917, .T. ) ;
#3530 = EDGE_CURVE ( 'NONE', #911, #2584, #6166, .T. ) ;
#3531 = SURFACE_STYLE_USAGE ( .BOTH. , #607 ) ;
#3532 = DIRECTION ( 'NONE',  ( 0.0000000000000000000, -0.0000000000000000000, 1.000000000000000000 ) ) ;
#3533 = EDGE_CURVE ( 'NONE', #7433, #6213, #2109, .T. ) ;
#3534 = CARTESIAN_POINT ( 'NONE',  ( 0.8749999999999998900, 0.0000000000000000000, -1.999999999999999600 ) ) ;
#3535 = EDGE_CURVE ( 'NONE', #1635, #3152, #934, .T. ) ;
#3536 = VECTOR ( 'NONE', #5335, 1000.000000000000000 ) ;
#3537 = ORIENTED_EDGE ( 'NONE', *, *, #6012, .F. ) ;
#3538 = ORIENTED_EDGE ( 'NONE', *, *, #2623, .T. ) ;
#3539 = DIRECTION ( 'NONE',  ( 3.469446951953614200E-015, 0.0000000000000000000, -1.000000000000000000 ) ) ;
#3540 = ADVANCED_FACE ( 'NONE', ( #6443 ), #4841, .F. ) ;
#3541 = ORIENTED_EDGE ( 'NONE', *, *, #6873, .T. ) ;
#3542 = AXIS2_PLACEMENT_3D ( 'NONE', #1642, #4586, #6846 ) ;
#3543 = ORIENTED_EDGE ( 'NONE', *, *, #1617, .T. ) ;
#3544 = ORIENTED_EDGE ( 'NONE', *, *, #738, .T. ) ;
#3545 = DIRECTION ( 'NONE',  ( 1.577021341797104700E-015, 0.0000000000000000000, -1.000000000000000000 ) ) ;
#3546 = VERTEX_POINT ( 'NONE', #1022 ) ;
#3547 = DIRECTION ( 'NONE',  ( 0.0000000000000000000, -1.000000000000000000, 0.0000000000000000000 ) ) ;
#3548 = CARTESIAN_POINT ( 'NONE',  ( 2.000000000000000900, 0.6716990566028315800, 0.1249999999999996800 ) ) ;
#3549 = ORIENTED_EDGE ( 'NONE', *, *, #6357, .T. ) ;
#3550 = DIRECTION ( 'NONE',  ( 0.0000000000000000000, 1.000000000000000000, 0.0000000000000000000 ) ) ;
#3551 = CARTESIAN_POINT ( 'NONE',  ( 1.125000000000000700, 0.2000000000000000100, 1.725000000000001200 ) ) ;
#3552 = DIRECTION ( 'NONE',  ( 0.0000000000000000000, 0.0000000000000000000, 1.000000000000000000 ) ) ;
#3553 = DIRECTION ( 'NONE',  ( 1.000000000000000000, 0.0000000000000000000, -1.577021341797106900E-015 ) ) ;
#3554 = EDGE_CURVE ( 'NONE', #1970, #190, #7322, .T. ) ;
#3555 = ORIENTED_EDGE ( 'NONE', *, *, #5365, .F. ) ;
#3556 = CARTESIAN_POINT ( 'NONE',  ( -1.300000000000000000, 0.2000000000000000900, -0.8750000000000001100 ) ) ;
#3557 = VECTOR ( 'NONE', #6899, 1000.000000000000000 ) ;
#3558 = VECTOR ( 'NONE', #2923, 1000.000000000000000 ) ;
#3559 = AXIS2_PLACEMENT_3D ( 'NONE', #6801, #6315, #2273 ) ;
#3560 = VECTOR ( 'NONE', #7376, 1000.000000000000000 ) ;
#3561 = CARTESIAN_POINT ( 'NONE',  ( -1.725000000000000300, 0.6716990566028315800, -0.5000000000000004400 ) ) ;
#3562 = EDGE_CURVE ( 'NONE', #5414, #7393, #3294, .T. ) ;
#3563 = ORIENTED_EDGE ( 'NONE', *, *, #7203, .F. ) ;
#3564 = VECTOR ( 'NONE', #4612, 1000.000000000000000 ) ;
#3565 = DIRECTION ( 'NONE',  ( -0.0000000000000000000, -1.000000000000000000, -0.0000000000000000000 ) ) ;
#3566 = PLANE ( 'NONE',  #1380 ) ;
#3567 = EDGE_CURVE ( 'NONE', #6915, #4849, #6698, .T. ) ;
#3568 = EDGE_CURVE ( 'NONE', #6345, #4792, #7061, .T. ) ;
#3569 = AXIS2_PLACEMENT_3D ( 'NONE', #30, #4651, #2915 ) ;
#3570 = VECTOR ( 'NONE', #2409, 1000.000000000000000 ) ;
#3571 = LINE ( 'NONE', #4284, #2738 ) ;
#3572 = PLANE ( 'NONE',  #4837 ) ;
#3573 = ORIENTED_EDGE ( 'NONE', *, *, #3121, .F. ) ;
#3574 = CARTESIAN_POINT ( 'NONE',  ( 2.000000000000001800, 0.1999999999999999800, 0.3749999999999996700 ) ) ;
#3575 = CARTESIAN_POINT ( 'NONE',  ( 2.000000000000000900, 0.0000000000000000000, -0.8750000000000003300 ) ) ;
#3576 = FACE_OUTER_BOUND ( 'NONE', #1350, .T. ) ;
#3577 = CARTESIAN_POINT ( 'NONE',  ( 2.000000000000000900, 0.6716990566028315800, -0.8750000000000003300 ) ) ;
#3578 = VECTOR ( 'NONE', #2564, 1000.000000000000000 ) ;
#3579 = VECTOR ( 'NONE', #1133, 1000.000000000000000 ) ;
#3580 = DIRECTION ( 'NONE',  ( 1.577021341797104500E-015, 0.0000000000000000000, -1.000000000000000000 ) ) ;
#3581 = VECTOR ( 'NONE', #6718, 1000.000000000000000 ) ;
#3582 = VERTEX_POINT ( 'NONE', #1723 ) ;
#3583 = EDGE_LOOP ( 'NONE', ( #6287, #5788, #4070, #502 ) ) ;
#3584 = CARTESIAN_POINT ( 'NONE',  ( -0.6250000000000001100, 0.1999999999999999800, -1.999999999999999600 ) ) ;
#3585 = DIRECTION ( 'NONE',  ( 0.0000000000000000000, 0.0000000000000000000, 1.000000000000000000 ) ) ;
#3586 = CARTESIAN_POINT ( 'NONE',  ( 0.3749999999999998900, 0.6716990566028308000, -1.999999999999999600 ) ) ;
#3587 = EDGE_LOOP ( 'NONE', ( #4147, #1803 ) ) ;
#3588 = LINE ( 'NONE', #7419, #2311 ) ;
#3589 = ORIENTED_EDGE ( 'NONE', *, *, #6209, .F. ) ;
#3590 = UNCERTAINTY_MEASURE_WITH_UNIT (LENGTH_MEASURE( 1.000000000000000100E-005 ), #3657, 'distance_accuracy_value', 'NONE');
#3591 = PRESENTATION_STYLE_ASSIGNMENT (( #7434 ) ) ;
#3592 = CARTESIAN_POINT ( 'NONE',  ( 1.300000000000000000, 0.05000000000000012800, -1.174999999999999800 ) ) ;
#3593 = DIRECTION ( 'NONE',  ( -1.000000000000000000, 0.0000000000000000000, -1.577021341797104500E-015 ) ) ;
#3594 = CARTESIAN_POINT ( 'NONE',  ( 1.000000000000000000, 0.04999999999999999600, -1.725000000000000100 ) ) ;
#3595 = ORIENTED_EDGE ( 'NONE', *, *, #4287, .T. ) ;
#3596 = VERTEX_POINT ( 'NONE', #6247 ) ;
#3597 = CARTESIAN_POINT ( 'NONE',  ( -1.725000000000000800, 0.6716990566028315800, 0.6249999999999996700 ) ) ;
#3598 = ORIENTED_EDGE ( 'NONE', *, *, #2097, .F. ) ;
#3599 = CARTESIAN_POINT ( 'NONE',  ( -0.6250000000000003300, 0.2000000000000000100, -1.725000000000000800 ) ) ;
#3600 = ORIENTED_EDGE ( 'NONE', *, *, #6868, .F. ) ;
#3601 = LINE ( 'NONE', #4351, #3975 ) ;
#3602 = ORIENTED_EDGE ( 'NONE', *, *, #1940, .F. ) ;
#3603 = EDGE_CURVE ( 'NONE', #416, #5781, #2842, .T. ) ;
#3604 = ADVANCED_FACE ( 'NONE', ( #3110 ), #6896, .F. ) ;
#3605 = VECTOR ( 'NONE', #4453, 1000.000000000000000 ) ;
#3606 = DIRECTION ( 'NONE',  ( 1.577021341797104500E-015, 0.0000000000000000000, 1.000000000000000000 ) ) ;
#3607 = EDGE_CURVE ( 'NONE', #5857, #6095, #4932, .T. ) ;
#3608 = CARTESIAN_POINT ( 'NONE',  ( 1.725000000000000800, 0.0000000000000000000, 0.6249999999999996700 ) ) ;
#3609 = CARTESIAN_POINT ( 'NONE',  ( -1.174999999999999400, -0.0000000000000000000, -1.175000000000000000 ) ) ;
#3610 = ORIENTED_EDGE ( 'NONE', *, *, #4639, .F. ) ;
#3611 = LINE ( 'NONE', #630, #6739 ) ;
#3612 = VERTEX_POINT ( 'NONE', #3985 ) ;
#3613 = ORIENTED_EDGE ( 'NONE', *, *, #3562, .F. ) ;
#3614 = ORIENTED_EDGE ( 'NONE', *, *, #2481, .T. ) ;
#3615 = EDGE_LOOP ( 'NONE', ( #6042, #4583, #7007, #1425 ) ) ;
#3616 = CARTESIAN_POINT ( 'NONE',  ( 1.999999999999999100, 0.05000000000000000300, 2.000000000000000900 ) ) ;
#3617 = CARTESIAN_POINT ( 'NONE',  ( -2.000000000000001800, 0.1999999999999999800, -1.125000000000000400 ) ) ;
#3618 = EDGE_CURVE ( 'NONE', #964, #5467, #213, .T. ) ;
#3619 = DIRECTION ( 'NONE',  ( -0.0000000000000000000, -1.000000000000000000, -0.0000000000000000000 ) ) ;
#3620 = AXIS2_PLACEMENT_3D ( 'NONE', #762, #1312, #6504 ) ;
#3621 = DIRECTION ( 'NONE',  ( 0.0000000000000000000, 1.000000000000000000, 0.0000000000000000000 ) ) ;
#3622 = ORIENTED_EDGE ( 'NONE', *, *, #1078, .T. ) ;
#3623 = AXIS2_PLACEMENT_3D ( 'NONE', #895, #821, #4874 ) ;
#3624 = AXIS2_PLACEMENT_3D ( 'NONE', #3671, #7206, #6593 ) ;
#3625 = DIRECTION ( 'NONE',  ( 0.0000000000000000000, 1.000000000000000000, 0.0000000000000000000 ) ) ;
#3626 = CARTESIAN_POINT ( 'NONE',  ( 2.000000000000000900, 0.0000000000000000000, 1.124999999999999800 ) ) ;
#3627 = VECTOR ( 'NONE', #4407, 1000.000000000000000 ) ;
#3628 =( NAMED_UNIT ( * ) PLANE_ANGLE_UNIT ( ) SI_UNIT ( $, .RADIAN. ) );
#3629 = ORIENTED_EDGE ( 'NONE', *, *, #3763, .T. ) ;
#3630 = CARTESIAN_POINT ( 'NONE',  ( -2.000000000000000900, 0.04999999999999969700, -0.8750000000000003300 ) ) ;
#3631 = DIRECTION ( 'NONE',  ( 0.0000000000000000000, 1.000000000000000000, 0.0000000000000000000 ) ) ;
#3632 = DIRECTION ( 'NONE',  ( 0.0000000000000000000, 0.0000000000000000000, 1.000000000000000000 ) ) ;
#3633 = CARTESIAN_POINT ( 'NONE',  ( -0.6249999999999996700, 0.2000000000000000100, 1.999999999999999600 ) ) ;
#3634 = CIRCLE ( 'NONE', #5139, 0.1250000000000001100 ) ;
#3635 = DIRECTION ( 'NONE',  ( 1.000000000000000000, 0.0000000000000000000, 1.845450506358306100E-016 ) ) ;
#3636 = CARTESIAN_POINT ( 'NONE',  ( -1.725000000000000800, 0.6716990566028315800, -0.3750000000000003300 ) ) ;
#3637 = ORIENTED_EDGE ( 'NONE', *, *, #4776, .T. ) ;
#3638 = CYLINDRICAL_SURFACE ( 'NONE', #7169, 0.1250000000000001100 ) ;
#3639 = PRESENTATION_STYLE_ASSIGNMENT (( #2532 ) ) ;
#3640 = ADVANCED_FACE ( 'NONE', ( #3209 ), #7422, .F. ) ;
#3641 = CARTESIAN_POINT ( 'NONE',  ( -1.174999999999999400, 0.2000000000000000900, 1.300000000000000000 ) ) ;
#3642 = DIRECTION ( 'NONE',  ( -1.000000000000000000, 0.0000000000000000000, -3.469446951953614200E-015 ) ) ;
#3643 = VECTOR ( 'NONE', #2296, 1000.000000000000000 ) ;
#3644 = ORIENTED_EDGE ( 'NONE', *, *, #274, .T. ) ;
#3645 = FACE_OUTER_BOUND ( 'NONE', #6373, .T. ) ;
#3646 = EDGE_CURVE ( 'NONE', #1317, #2851, #580, .T. ) ;
#3647 = CARTESIAN_POINT ( 'NONE',  ( 2.000000000000001800, 0.04999999999999969700, -0.6250000000000003300 ) ) ;
#3648 = CARTESIAN_POINT ( 'NONE',  ( 2.000000000000001800, 0.6716990566028315800, 0.8749999999999996700 ) ) ;
#3649 = CARTESIAN_POINT ( 'NONE',  ( -2.000000000000000900, 0.05000000000000000300, 2.000000000000001300 ) ) ;
#3650 = EDGE_CURVE ( 'NONE', #6822, #6656, #6521, .T. ) ;
#3651 = CARTESIAN_POINT ( 'NONE',  ( -2.000000000000001800, 0.1999999999999999800, -0.6250000000000003300 ) ) ;
#3652 = LINE ( 'NONE', #5036, #6075 ) ;
#3653 = EDGE_CURVE ( 'NONE', #7144, #2192, #1120, .T. ) ;
#3654 = LINE ( 'NONE', #2561, #2571 ) ;
#3655 = EDGE_LOOP ( 'NONE', ( #3412, #4020, #3340, #5234 ) ) ;
#3656 = VERTEX_POINT ( 'NONE', #2826 ) ;
#3657 =( LENGTH_UNIT ( ) NAMED_UNIT ( * ) SI_UNIT ( .MILLI., .METRE. ) );
#3658 = LINE ( 'NONE', #1148, #4387 ) ;
#3659 = CARTESIAN_POINT ( 'NONE',  ( -0.6250000000000003300, 0.04999999999999999600, -1.725000000000000800 ) ) ;
#3660 = EDGE_CURVE ( 'NONE', #3166, #2341, #4574, .T. ) ;
#3661 = LINE ( 'NONE', #2615, #3578 ) ;
#3662 = VECTOR ( 'NONE', #1080, 1000.000000000000000 ) ;
#3663 = CARTESIAN_POINT ( 'NONE',  ( 2.000000000000000900, 0.6716990566028315800, -0.3750000000000003300 ) ) ;
#3664 = ORIENTED_EDGE ( 'NONE', *, *, #960, .F. ) ;
#3665 = EDGE_CURVE ( 'NONE', #2865, #1154, #2934, .T. ) ;
#3666 = EDGE_CURVE ( 'NONE', #3301, #2633, #5018, .T. ) ;
#3667 =( GEOMETRIC_REPRESENTATION_CONTEXT ( 3 ) GLOBAL_UNCERTAINTY_ASSIGNED_CONTEXT ( ( #109 ) ) GLOBAL_UNIT_ASSIGNED_CONTEXT ( ( #2670, #3366, #1615 ) ) REPRESENTATION_CONTEXT ( 'NONE', 'WORKASPACE' ) );
#3668 = VECTOR ( 'NONE', #4392, 1000.000000000000000 ) ;
#3669 = SURFACE_SIDE_STYLE ('',( #722 ) ) ;
#3670 = DIRECTION ( 'NONE',  ( 0.0000000000000000000, 0.0000000000000000000, 1.000000000000000000 ) ) ;
#3671 = CARTESIAN_POINT ( 'NONE',  ( -0.3749999999999994400, 0.6716990566028308000, -2.000000000000000000 ) ) ;
#3672 = DIRECTION ( 'NONE',  ( -1.000000000000000000, 0.0000000000000000000, -7.885106708985459500E-016 ) ) ;
#3673 = AXIS2_PLACEMENT_3D ( 'NONE', #998, #2650, #5038 ) ;
#3674 = ORIENTED_EDGE ( 'NONE', *, *, #3416, .F. ) ;
#3675 = LINE ( 'NONE', #368, #593 ) ;
#3676 = FACE_OUTER_BOUND ( 'NONE', #4900, .T. ) ;
#3677 = CYLINDRICAL_SURFACE ( 'NONE', #1485, 0.1250000000000001100 ) ;
#3678 = PRODUCT_DEFINITION ( 'UNKNOWN', '', #4457, #5138 ) ;
#3679 = ORIENTED_EDGE ( 'NONE', *, *, #3423, .T. ) ;
#3680 = DIRECTION ( 'NONE',  ( 1.577021341797104700E-015, 0.0000000000000000000, -1.000000000000000000 ) ) ;
#3681 = DIRECTION ( 'NONE',  ( 0.0000000000000000000, -1.000000000000000000, 0.0000000000000000000 ) ) ;
#3682 = DIRECTION ( 'NONE',  ( 1.577021341797104500E-015, 0.0000000000000000000, -1.000000000000000000 ) ) ;
#3683 = DIRECTION ( 'NONE',  ( 0.0000000000000000000, 0.0000000000000000000, -1.000000000000000000 ) ) ;
#3684 = ADVANCED_FACE ( 'NONE', ( #6083 ), #3572, .F. ) ;
#3685 = FACE_OUTER_BOUND ( 'NONE', #2657, .T. ) ;
#3686 = ORIENTED_EDGE ( 'NONE', *, *, #2634, .F. ) ;
#3687 = LINE ( 'NONE', #6453, #2217 ) ;
#3688 = ORIENTED_EDGE ( 'NONE', *, *, #3171, .F. ) ;
#3689 = DIRECTION ( 'NONE',  ( 0.0000000000000000000, -0.0000000000000000000, 1.000000000000000000 ) ) ;
#3690 = LINE ( 'NONE', #5828, #1695 ) ;
#3691 = ORIENTED_EDGE ( 'NONE', *, *, #2282, .F. ) ;
#3692 = VERTEX_POINT ( 'NONE', #77 ) ;
#3693 = LINE ( 'NONE', #1593, #2136 ) ;
#3694 = VERTEX_POINT ( 'NONE', #4059 ) ;
#3695 = CARTESIAN_POINT ( 'NONE',  ( 2.000000000000001800, 0.1999999999999999800, 0.3749999999999996700 ) ) ;
#3696 = EDGE_CURVE ( 'NONE', #3380, #5126, #4754, .T. ) ;
#3697 = ORIENTED_EDGE ( 'NONE', *, *, #3162, .F. ) ;
#3698 = VECTOR ( 'NONE', #119, 1000.000000000000000 ) ;
#3699 = ORIENTED_EDGE ( 'NONE', *, *, #929, .T. ) ;
#3700 = VERTEX_POINT ( 'NONE', #5299 ) ;
#3701 = CIRCLE ( 'NONE', #5513, 0.1250000000000001100 ) ;
#3702 =( NAMED_UNIT ( * ) SI_UNIT ( $, .STERADIAN. ) SOLID_ANGLE_UNIT ( ) );
#3703 = ORIENTED_EDGE ( 'NONE', *, *, #6581, .T. ) ;
#3704 = ORIENTED_EDGE ( 'NONE', *, *, #738, .F. ) ;
#3705 = ORIENTED_EDGE ( 'NONE', *, *, #1940, .T. ) ;
#3706 = EDGE_CURVE ( 'NONE', #4875, #1805, #6263, .T. ) ;
#3707 = DIRECTION ( 'NONE',  ( -0.0000000000000000000, -1.000000000000000000, -0.0000000000000000000 ) ) ;
#3708 = CARTESIAN_POINT ( 'NONE',  ( -1.725000000000000800, 0.1999999999999999800, 0.1249999999999996800 ) ) ;
#3709 = EDGE_CURVE ( 'NONE', #5119, #5675, #132, .T. ) ;
#3710 = SURFACE_SIDE_STYLE ('',( #3878 ) ) ;
#3711 = AXIS2_PLACEMENT_3D ( 'NONE', #5434, #4750, #7108 ) ;
#3712 = DIRECTION ( 'NONE',  ( 1.000000000000000000, 0.0000000000000000000, -7.885106708985459500E-016 ) ) ;
#3713 = ORIENTED_EDGE ( 'NONE', *, *, #7140, .T. ) ;
#3714 = ORIENTED_EDGE ( 'NONE', *, *, #7231, .F. ) ;
#3715 = CARTESIAN_POINT ( 'NONE',  ( 0.6250000000000010000, 0.0000000000000000000, 2.000000000000000000 ) ) ;
#3716 = AXIS2_PLACEMENT_3D ( 'NONE', #6676, #7220, #3831 ) ;
#3717 = ADVANCED_FACE ( 'NONE', ( #1667 ), #3491, .T. ) ;
#3718 = ORIENTED_EDGE ( 'NONE', *, *, #1365, .F. ) ;
#3719 = CARTESIAN_POINT ( 'NONE',  ( 1.725000000000000300, 0.6716990566028315800, 0.9999999999999997800 ) ) ;
#3720 = EDGE_CURVE ( 'NONE', #6570, #2751, #1483, .T. ) ;
#3721 = CARTESIAN_POINT ( 'NONE',  ( -2.000000000000001800, 0.0000000000000000000, 0.3749999999999996700 ) ) ;
#3722 = DIRECTION ( 'NONE',  ( 1.000000000000000000, 0.0000000000000000000, 1.577021341797104700E-015 ) ) ;
#3723 = VECTOR ( 'NONE', #6574, 1000.000000000000000 ) ;
#3724 = DIRECTION ( 'NONE',  ( -1.000000000000000000, 0.0000000000000000000, 7.885106708985459500E-016 ) ) ;
#3725 = AXIS2_PLACEMENT_3D ( 'NONE', #6561, #237, #1270 ) ;
#3726 = AXIS2_PLACEMENT_3D ( 'NONE', #2773, #6797, #483 ) ;
#3727 = VERTEX_POINT ( 'NONE', #6425 ) ;
#3728 = DIRECTION ( 'NONE',  ( -0.0000000000000000000, -1.000000000000000000, -0.0000000000000000000 ) ) ;
#3729 = CARTESIAN_POINT ( 'NONE',  ( 1.125000000000000900, 0.2000000000000000100, 2.000000000000000000 ) ) ;
#3730 = CARTESIAN_POINT ( 'NONE',  ( 1.175000000000000000, 3.876955262170047600, -1.299999999999999800 ) ) ;
#3731 =( LENGTH_UNIT ( ) NAMED_UNIT ( * ) SI_UNIT ( .MILLI., .METRE. ) );
#3732 = LINE ( 'NONE', #2748, #2811 ) ;
#3733 = ORIENTED_EDGE ( 'NONE', *, *, #313, .F. ) ;
#3734 = DIRECTION ( 'NONE',  ( 1.000000000000000000, 0.0000000000000000000, -7.885106708985459500E-016 ) ) ;
#3735 = VECTOR ( 'NONE', #9, 1000.000000000000000 ) ;
#3736 = DIRECTION ( 'NONE',  ( 1.000000000000000000, 0.0000000000000000000, 0.0000000000000000000 ) ) ;
#3737 = LINE ( 'NONE', #796, #1200 ) ;
#3738 = CARTESIAN_POINT ( 'NONE',  ( 1.125000000000000700, 0.6716990566028308000, -2.000000000000000000 ) ) ;
#3739 =( NAMED_UNIT ( * ) PLANE_ANGLE_UNIT ( ) SI_UNIT ( $, .RADIAN. ) );
#3740 = LINE ( 'NONE', #5595, #6965 ) ;
#3741 = EDGE_LOOP ( 'NONE', ( #3852, #4192, #2310, #6577 ) ) ;
#3742 = CARTESIAN_POINT ( 'NONE',  ( 0.1250000000000005600, 0.2000000000000000100, 1.725000000000001200 ) ) ;
#3743 = ORIENTED_EDGE ( 'NONE', *, *, #739, .F. ) ;
#3744 = DIRECTION ( 'NONE',  ( -1.577021341797106900E-015, 0.0000000000000000000, -1.000000000000000000 ) ) ;
#3745 = CARTESIAN_POINT ( 'NONE',  ( -1.174999999999999400, 3.876955262170047600, -1.175000000000000000 ) ) ;
#3746 = FACE_OUTER_BOUND ( 'NONE', #5988, .T. ) ;
#3747 = EDGE_CURVE ( 'NONE', #7121, #5577, #5904, .T. ) ;
#3748 = ORIENTED_EDGE ( 'NONE', *, *, #2582, .F. ) ;
#3749 = CARTESIAN_POINT ( 'NONE',  ( -1.725000000000000300, 0.6716990566028315800, -1.000000000000000400 ) ) ;
#3750 = DIRECTION ( 'NONE',  ( 0.0000000000000000000, 0.0000000000000000000, 1.000000000000000000 ) ) ;
#3751 = EDGE_CURVE ( 'NONE', #2892, #917, #3841, .T. ) ;
#3752 = VECTOR ( 'NONE', #4336, 1000.000000000000000 ) ;
#3753 = AXIS2_PLACEMENT_3D ( 'NONE', #7285, #5004, #6127 ) ;
#3754 = ADVANCED_FACE ( 'NONE', ( #1296 ), #6951, .F. ) ;
#3755 = VECTOR ( 'NONE', #3940, 1000.000000000000000 ) ;
#3756 = CARTESIAN_POINT ( 'NONE',  ( -1.300000000000000000, 0.2000000000000000900, -0.8750000000000001100 ) ) ;
#3757 = ORIENTED_EDGE ( 'NONE', *, *, #6343, .T. ) ;
#3758 = DIRECTION ( 'NONE',  ( 0.0000000000000000000, -0.0000000000000000000, 1.000000000000000000 ) ) ;
#3759 = DIRECTION ( 'NONE',  ( -0.0000000000000000000, -0.0000000000000000000, 1.000000000000000000 ) ) ;
#3760 = CYLINDRICAL_SURFACE ( 'NONE', #2299, 0.1250000000000003300 ) ;
#3761 = CARTESIAN_POINT ( 'NONE',  ( -1.725000000000000800, 0.1999999999999999800, -0.1250000000000005600 ) ) ;
#3762 = ORIENTED_EDGE ( 'NONE', *, *, #3618, .T. ) ;
#3763 = EDGE_CURVE ( 'NONE', #2265, #4172, #5996, .T. ) ;
#3764 = EDGE_LOOP ( 'NONE', ( #2052, #1893, #5073, #1943 ) ) ;
#3765 = AXIS2_PLACEMENT_3D ( 'NONE', #6325, #1743, #3497 ) ;
#3766 = CARTESIAN_POINT ( 'NONE',  ( 0.6250000000000005600, 0.1999999999999999800, -2.000000000000000000 ) ) ;
#3767 = VECTOR ( 'NONE', #5044, 1000.000000000000000 ) ;
#3768 = CARTESIAN_POINT ( 'NONE',  ( -1.000000000000000000, 0.2000000000000000100, -1.725000000000000100 ) ) ;
#3769 = DIRECTION ( 'NONE',  ( -0.0000000000000000000, -1.000000000000000000, -0.0000000000000000000 ) ) ;
#3770 = AXIS2_PLACEMENT_3D ( 'NONE', #5289, #2306, #2898 ) ;
#3771 = ORIENTED_EDGE ( 'NONE', *, *, #6252, .T. ) ;
#3772 = LINE ( 'NONE', #5303, #5134 ) ;
#3773 = EDGE_LOOP ( 'NONE', ( #2216, #6947, #7343, #2253 ) ) ;
#3774 = CARTESIAN_POINT ( 'NONE',  ( 1.725000000000000800, 0.6716990566028315800, -0.3750000000000003300 ) ) ;
#3775 = VECTOR ( 'NONE', #3886, 1000.000000000000000 ) ;
#3776 = PLANE ( 'NONE',  #4308 ) ;
#3777 = DIRECTION ( 'NONE',  ( -0.0000000000000000000, -1.000000000000000000, 0.0000000000000000000 ) ) ;
#3778 = EDGE_LOOP ( 'NONE', ( #4621, #3503, #4122, #3446 ) ) ;
#3779 = PLANE ( 'NONE',  #5705 ) ;
#3780 = VECTOR ( 'NONE', #4944, 1000.000000000000000 ) ;
#3781 = VERTEX_POINT ( 'NONE', #4737 ) ;
#3782 = DIRECTION ( 'NONE',  ( 3.469446951953611000E-015, 0.0000000000000000000, 1.000000000000000000 ) ) ;
#3783 = CARTESIAN_POINT ( 'NONE',  ( 0.0000000000000000000, 0.6716990566028308000, 1.725000000000001000 ) ) ;
#3784 = MANIFOLD_SOLID_BREP ( 'Boss-Extrude5', #2320 ) ;
#3785 = FACE_OUTER_BOUND ( 'NONE', #2003, .T. ) ;
#3786 = CARTESIAN_POINT ( 'NONE',  ( -0.6250000000000001100, 0.2000000000000000100, 1.725000000000001200 ) ) ;
#3787 = VERTEX_POINT ( 'NONE', #4114 ) ;
#3788 = VERTEX_POINT ( 'NONE', #5833 ) ;
#3789 = VECTOR ( 'NONE', #803, 1000.000000000000000 ) ;
#3790 = ORIENTED_EDGE ( 'NONE', *, *, #1085, .F. ) ;
#3791 = ORIENTED_EDGE ( 'NONE', *, *, #3809, .F. ) ;
#3792 = DIRECTION ( 'NONE',  ( -1.000000000000000000, 0.0000000000000000000, 7.885106708985459500E-016 ) ) ;
#3793 = COLOUR_RGB ( '',0.7921568627450980000, 0.8196078431372548800, 0.9333333333333333500 ) ;
#3794 = CARTESIAN_POINT ( 'NONE',  ( -1.725000000000000800, 0.6716990566028315800, -0.3750000000000003300 ) ) ;
#3795 = ORIENTED_EDGE ( 'NONE', *, *, #4590, .F. ) ;
#3796 = CIRCLE ( 'NONE', #1034, 0.1250000000000001100 ) ;
#3797 = EDGE_LOOP ( 'NONE', ( #1326, #6114, #519, #2978, #2307, #7244, #2950, #3124, #470, #2138 ) ) ;
#3798 = ADVANCED_FACE ( 'NONE', ( #5818 ), #4223, .T. ) ;
#3799 = CARTESIAN_POINT ( 'NONE',  ( 0.1249999999999974000, 0.05000000000000000300, 1.971276677246340000E-016 ) ) ;
#3800 = DIRECTION ( 'NONE',  ( 3.469446951953614200E-015, -0.0000000000000000000, 1.000000000000000000 ) ) ;
#3801 = EDGE_CURVE ( 'NONE', #7399, #4766, #3833, .T. ) ;
#3802 = CARTESIAN_POINT ( 'NONE',  ( 1.999999999999999100, 0.1999999999999996500, -0.6250000000000001100 ) ) ;
#3803 = DIRECTION ( 'NONE',  ( 1.577021341797104700E-015, 0.0000000000000000000, 1.000000000000000000 ) ) ;
#3804 = ORIENTED_EDGE ( 'NONE', *, *, #4871, .T. ) ;
#3805 = EDGE_CURVE ( 'NONE', #602, #4885, #5554, .T. ) ;
#3806 = ORIENTED_EDGE ( 'NONE', *, *, #6107, .T. ) ;
#3807 = CARTESIAN_POINT ( 'NONE',  ( -0.5000000000000000000, 0.6716990566028308000, -1.725000000000000100 ) ) ;
#3808 = DIRECTION ( 'NONE',  ( 0.0000000000000000000, 1.000000000000000000, 0.0000000000000000000 ) ) ;
#3809 = EDGE_CURVE ( 'NONE', #2862, #861, #5650, .T. ) ;
#3810 = ORIENTED_EDGE ( 'NONE', *, *, #2475, .T. ) ;
#3811 = EDGE_CURVE ( 'NONE', #6204, #5731, #747, .T. ) ;
#3812 = LINE ( 'NONE', #7257, #5177 ) ;
#3813 = CARTESIAN_POINT ( 'NONE',  ( 0.6250000000000005600, 0.2000000000000000100, 1.725000000000001200 ) ) ;
#3814 = ORIENTED_EDGE ( 'NONE', *, *, #6727, .T. ) ;
#3815 = AXIS2_PLACEMENT_3D ( 'NONE', #1916, #3066, #6432 ) ;
#3816 = CARTESIAN_POINT ( 'NONE',  ( -1.300000000000000000, 3.876955262170047600, 1.174999999999999600 ) ) ;
#3817 = FACE_OUTER_BOUND ( 'NONE', #619, .T. ) ;
#3818 = DIRECTION ( 'NONE',  ( 0.0000000000000000000, -1.000000000000000000, 0.0000000000000000000 ) ) ;
#3819 = ORIENTED_EDGE ( 'NONE', *, *, #2817, .F. ) ;
#3820 = STYLED_ITEM ( 'NONE', ( #2849 ), #7452 ) ;
#3821 = CARTESIAN_POINT ( 'NONE',  ( 0.3750000000000003300, 0.2000000000000000100, 1.999999999999999600 ) ) ;
#3822 = VECTOR ( 'NONE', #4982, 1000.000000000000000 ) ;
#3823 = CARTESIAN_POINT ( 'NONE',  ( 1.124999999999997300, 0.05000000000000000300, 1.774149009521738700E-015 ) ) ;
#3824 = DIRECTION ( 'NONE',  ( -1.577021341797104500E-015, 0.0000000000000000000, 1.000000000000000000 ) ) ;
#3825 = CARTESIAN_POINT ( 'NONE',  ( 0.5000000000000000000, 0.0000000000000000000, 1.600000000000000800 ) ) ;
#3826 = VECTOR ( 'NONE', #4788, 1000.000000000000000 ) ;
#3827 = VERTEX_POINT ( 'NONE', #146 ) ;
#3828 = ADVANCED_FACE ( 'NONE', ( #1013 ), #3083, .F. ) ;
#3829 = LINE ( 'NONE', #1954, #3475 ) ;
#3830 = ADVANCED_FACE ( 'NONE', ( #6973 ), #2445, .F. ) ;
#3831 = DIRECTION ( 'NONE',  ( 0.0000000000000000000, 0.0000000000000000000, 1.000000000000000000 ) ) ;
#3832 = FACE_OUTER_BOUND ( 'NONE', #1247, .T. ) ;
#3833 = CIRCLE ( 'NONE', #2257, 0.1250000000000003300 ) ;
#3834 = CARTESIAN_POINT ( 'NONE',  ( -0.8749999999999996700, 0.04999999999999999600, 1.725000000000001200 ) ) ;
#3835 = ORIENTED_EDGE ( 'NONE', *, *, #6578, .F. ) ;
#3836 = ORIENTED_EDGE ( 'NONE', *, *, #1365, .T. ) ;
#3837 = VECTOR ( 'NONE', #3680, 1000.000000000000000 ) ;
#3838 =( NAMED_UNIT ( * ) SI_UNIT ( $, .STERADIAN. ) SOLID_ANGLE_UNIT ( ) );
#3839 = CYLINDRICAL_SURFACE ( 'NONE', #4388, 0.1250000000000003300 ) ;
#3840 = DIRECTION ( 'NONE',  ( 0.0000000000000000000, 0.0000000000000000000, 1.000000000000000000 ) ) ;
#3841 = LINE ( 'NONE', #4092, #1760 ) ;
#3842 = ORIENTED_EDGE ( 'NONE', *, *, #1854, .F. ) ;
#3843 = CARTESIAN_POINT ( 'NONE',  ( 1.725000000000000800, 0.6716990566028315800, 0.6249999999999996700 ) ) ;
#3844 = FACE_OUTER_BOUND ( 'NONE', #6058, .T. ) ;
#3845 = EDGE_CURVE ( 'NONE', #7416, #6117, #924, .T. ) ;
#3846 = CIRCLE ( 'NONE', #1716, 0.1250000000000003300 ) ;
#3847 = LINE ( 'NONE', #2931, #6528 ) ;
#3848 = CARTESIAN_POINT ( 'NONE',  ( -0.5000000000000000000, 0.1999999999999999800, -1.725000000000000100 ) ) ;
#3849 = CARTESIAN_POINT ( 'NONE',  ( 1.725000000000000800, 0.1999999999999999800, 0.8749999999999996700 ) ) ;
#3850 = EDGE_CURVE ( 'NONE', #3180, #7273, #4570, .T. ) ;
#3851 = CARTESIAN_POINT ( 'NONE',  ( -2.000000000000001800, 0.1999999999999999800, -1.125000000000000400 ) ) ;
#3852 = ORIENTED_EDGE ( 'NONE', *, *, #3011, .F. ) ;
#3853 = AXIS2_PLACEMENT_3D ( 'NONE', #1745, #5224, #3421 ) ;
#3854 = ORIENTED_EDGE ( 'NONE', *, *, #6434, .F. ) ;
#3855 = ORIENTED_EDGE ( 'NONE', *, *, #2925, .T. ) ;
#3856 = AXIS2_PLACEMENT_3D ( 'NONE', #391, #6832, #5096 ) ;
#3857 = CARTESIAN_POINT ( 'NONE',  ( -1.000000000000000000, 0.2000000000000000100, -1.725000000000000100 ) ) ;
#3858 = VECTOR ( 'NONE', #6979, 1000.000000000000000 ) ;
#3859 = EDGE_CURVE ( 'NONE', #3516, #6798, #4746, .T. ) ;
#3860 = ORIENTED_EDGE ( 'NONE', *, *, #4691, .F. ) ;
#3861 = VECTOR ( 'NONE', #5176, 1000.000000000000000 ) ;
#3862 = AXIS2_PLACEMENT_3D ( 'NONE', #1297, #5363, #6493 ) ;
#3863 = ORIENTED_EDGE ( 'NONE', *, *, #1069, .T. ) ;
#3864 = ADVANCED_FACE ( 'NONE', ( #7222 ), #3012, .T. ) ;
#3865 = CARTESIAN_POINT ( 'NONE',  ( 0.0000000000000000000, 0.04999999999999999600, -1.725000000000000100 ) ) ;
#3866 = ADVANCED_FACE ( 'NONE', ( #2281 ), #4235, .F. ) ;
#3867 = AXIS2_PLACEMENT_3D ( 'NONE', #1724, #6954, #3532 ) ;
#3868 = CIRCLE ( 'NONE', #2361, 0.1250000000000003300 ) ;
#3869 = DIRECTION ( 'NONE',  ( 0.0000000000000000000, -1.000000000000000000, 0.0000000000000000000 ) ) ;
#3870 = ORIENTED_EDGE ( 'NONE', *, *, #1458, .F. ) ;
#3871 = PLANE ( 'NONE',  #3128 ) ;
#3872 = ORIENTED_EDGE ( 'NONE', *, *, #6015, .T. ) ;
#3873 = VECTOR ( 'NONE', #1287, 1000.000000000000000 ) ;
#3874 = DIRECTION ( 'NONE',  ( 1.000000000000000000, 0.0000000000000000000, -1.577021341797106900E-015 ) ) ;
#3875 = ORIENTED_EDGE ( 'NONE', *, *, #4830, .F. ) ;
#3876 = MANIFOLD_SOLID_BREP ( 'Boss-Extrude4', #6446 ) ;
#3877 = DIRECTION ( 'NONE',  ( 0.0000000000000000000, -1.000000000000000000, 0.0000000000000000000 ) ) ;
#3878 = SURFACE_STYLE_FILL_AREA ( #1925 ) ;
#3879 = DIRECTION ( 'NONE',  ( -1.577021341797107100E-015, 0.0000000000000000000, -1.000000000000000000 ) ) ;
#3880 = DIRECTION ( 'NONE',  ( 0.0000000000000000000, 0.0000000000000000000, -1.000000000000000000 ) ) ;
#3881 = ORIENTED_EDGE ( 'NONE', *, *, #1514, .T. ) ;
#3882 = ORIENTED_EDGE ( 'NONE', *, *, #4642, .T. ) ;
#3883 = VECTOR ( 'NONE', #6444, 1000.000000000000000 ) ;
#3884 = ORIENTED_EDGE ( 'NONE', *, *, #4975, .T. ) ;
#3885 = VERTEX_POINT ( 'NONE', #5448 ) ;
#3886 = DIRECTION ( 'NONE',  ( 0.0000000000000000000, -1.000000000000000000, 0.0000000000000000000 ) ) ;
#3887 = LINE ( 'NONE', #5215, #806 ) ;
#3888 = ORIENTED_EDGE ( 'NONE', *, *, #259, .T. ) ;
#3889 = VERTEX_POINT ( 'NONE', #7147 ) ;
#3890 = FILL_AREA_STYLE ('',( #6085 ) ) ;
#3891 = ORIENTED_EDGE ( 'NONE', *, *, #4913, .F. ) ;
#3892 = DIRECTION ( 'NONE',  ( 1.577021341797104500E-015, 0.0000000000000000000, -1.000000000000000000 ) ) ;
#3893 = CLOSED_SHELL ( 'NONE', ( #1006, #5684, #4400, #266, #865, #2220, #6268 ) ) ;
#3894 = DIRECTION ( 'NONE',  ( -3.469446951953614200E-015, 0.0000000000000000000, -1.000000000000000000 ) ) ;
#3895 = EDGE_LOOP ( 'NONE', ( #6999, #4865, #2954, #1799 ) ) ;
#3896 = EDGE_CURVE ( 'NONE', #1093, #4963, #5106, .T. ) ;
#3897 = DIRECTION ( 'NONE',  ( -1.577021341797104500E-015, 0.0000000000000000000, 1.000000000000000000 ) ) ;
#3898 = CARTESIAN_POINT ( 'NONE',  ( -8.870745047608657000E-016, 0.05000000000000000300, -1.125000000000001800 ) ) ;
#3899 = EDGE_CURVE ( 'NONE', #3692, #650, #1476, .T. ) ;
#3900 = DIRECTION ( 'NONE',  ( 0.0000000000000000000, -1.000000000000000000, 0.0000000000000000000 ) ) ;
#3901 = CARTESIAN_POINT ( 'NONE',  ( 2.000000000000001800, 0.0000000000000000000, -0.6250000000000003300 ) ) ;
#3902 =( GEOMETRIC_REPRESENTATION_CONTEXT ( 3 ) GLOBAL_UNCERTAINTY_ASSIGNED_CONTEXT ( ( #6123 ) ) GLOBAL_UNIT_ASSIGNED_CONTEXT ( ( #4547, #4569, #4598 ) ) REPRESENTATION_CONTEXT ( 'NONE', 'WORKASPACE' ) );
#3903 = ORIENTED_EDGE ( 'NONE', *, *, #3607, .F. ) ;
#3904 = PLANE ( 'NONE',  #5029 ) ;
#3905 = CARTESIAN_POINT ( 'NONE',  ( -0.5000000000000000000, 0.04999999999999999600, 1.725000000000001000 ) ) ;
#3906 = CARTESIAN_POINT ( 'NONE',  ( 0.5000000000000000000, 0.2000000000000000100, 1.725000000000001000 ) ) ;
#3907 = DIRECTION ( 'NONE',  ( -0.0000000000000000000, -1.000000000000000000, -0.0000000000000000000 ) ) ;
#3908 = VECTOR ( 'NONE', #2700, 1000.000000000000000 ) ;
#3909 = CARTESIAN_POINT ( 'NONE',  ( -1.300000000000000000, 0.0000000000000000000, 1.174999999999999600 ) ) ;
#3910 = EDGE_CURVE ( 'NONE', #1857, #4877, #3654, .T. ) ;
#3911 = ADVANCED_FACE ( 'NONE', ( #3203 ), #3113, .F. ) ;
#3912 = CARTESIAN_POINT ( 'NONE',  ( -1.000000000000000000, 0.04999999999999999600, 1.725000000000001000 ) ) ;
#3913 = ADVANCED_FACE ( 'NONE', ( #6876 ), #3140, .T. ) ;
#3914 = ORIENTED_EDGE ( 'NONE', *, *, #6148, .F. ) ;
#3915 = EDGE_CURVE ( 'NONE', #262, #3132, #5898, .T. ) ;
#3916 = EDGE_CURVE ( 'NONE', #3520, #3700, #6433, .T. ) ;
#3917 = CARTESIAN_POINT ( 'NONE',  ( -1.125000000000003300, 0.05000000000000000300, -1.774149009521748000E-015 ) ) ;
#3918 = CYLINDRICAL_SURFACE ( 'NONE', #1489, 0.1250000000000003300 ) ;
#3919 = AXIS2_PLACEMENT_3D ( 'NONE', #1123, #5189, #4711 ) ;
#3920 = STYLED_ITEM ( 'NONE', ( #6610 ), #3221 ) ;
#3921 = EDGE_LOOP ( 'NONE', ( #7353, #1496, #6595, #6259 ) ) ;
#3922 = VECTOR ( 'NONE', #7455, 1000.000000000000000 ) ;
#3923 = ORIENTED_EDGE ( 'NONE', *, *, #2688, .T. ) ;
#3924 = CARTESIAN_POINT ( 'NONE',  ( 2.000000000000001800, 0.1999999999999999800, 0.8749999999999996700 ) ) ;
#3925 = LINE ( 'NONE', #4102, #5374 ) ;
#3926 = UNCERTAINTY_MEASURE_WITH_UNIT (LENGTH_MEASURE( 1.000000000000000100E-005 ), #631, 'distance_accuracy_value', 'NONE');
#3927 = PLANE ( 'NONE',  #4931 ) ;
#3928 = DIRECTION ( 'NONE',  ( -1.000000000000000000, 0.0000000000000000000, -1.845450506358306100E-016 ) ) ;
#3929 = CARTESIAN_POINT ( 'NONE',  ( 2.000000000000001800, 0.6716990566028315800, 0.8749999999999996700 ) ) ;
#3930 = DIRECTION ( 'NONE',  ( 0.0000000000000000000, 0.0000000000000000000, -1.000000000000000000 ) ) ;
#3931 = LINE ( 'NONE', #386, #2924 ) ;
#3932 = VERTEX_POINT ( 'NONE', #231 ) ;
#3933 = VERTEX_POINT ( 'NONE', #7124 ) ;
#3934 = DIRECTION ( 'NONE',  ( 0.0000000000000000000, -0.0000000000000000000, -1.000000000000000000 ) ) ;
#3935 = CARTESIAN_POINT ( 'NONE',  ( 2.000000000000001800, 0.6716990566028315800, 0.3749999999999996700 ) ) ;
#3936 = PLANE ( 'NONE',  #3726 ) ;
#3937 = CARTESIAN_POINT ( 'NONE',  ( -0.3749999999999996700, 0.6716990566028308000, 1.725000000000001200 ) ) ;
#3938 = LINE ( 'NONE', #2437, #5470 ) ;
#3939 = PLANE ( 'NONE',  #4541 ) ;
#3940 = DIRECTION ( 'NONE',  ( -0.0000000000000000000, -1.000000000000000000, -0.0000000000000000000 ) ) ;
#3941 = VECTOR ( 'NONE', #6010, 1000.000000000000000 ) ;
#3942 = ORIENTED_EDGE ( 'NONE', *, *, #1572, .T. ) ;
#3943 = CYLINDRICAL_SURFACE ( 'NONE', #3436, 0.1250000000000001100 ) ;
#3944 = EDGE_CURVE ( 'NONE', #3023, #1154, #3571, .T. ) ;
#3945 = ORIENTED_EDGE ( 'NONE', *, *, #6159, .F. ) ;
#3946 = ADVANCED_FACE ( 'NONE', ( #666 ), #1390, .T. ) ;
#3947 = CARTESIAN_POINT ( 'NONE',  ( 1.725000000000000800, 0.1999999999999999800, 0.6249999999999996700 ) ) ;
#3948 = ADVANCED_FACE ( 'NONE', ( #5205 ), #3094, .F. ) ;
#3949 = EDGE_CURVE ( 'NONE', #5848, #4700, #2100, .T. ) ;
#3950 = EDGE_LOOP ( 'NONE', ( #1290, #2899, #1941, #3285 ) ) ;
#3951 = DIRECTION ( 'NONE',  ( 0.0000000000000000000, -1.000000000000000000, 0.0000000000000000000 ) ) ;
#3952 = CLOSED_SHELL ( 'NONE', ( #3257, #3991, #4175, #4025, #3828, #4973 ) ) ;
#3953 = PLANE ( 'NONE',  #5740 ) ;
#3954 = FILL_AREA_STYLE ('',( #403 ) ) ;
#3955 = EDGE_CURVE ( 'NONE', #5597, #6913, #6790, .T. ) ;
#3956 = VECTOR ( 'NONE', #2196, 1000.000000000000000 ) ;
#3957 = DIRECTION ( 'NONE',  ( 0.0000000000000000000, -1.000000000000000000, 0.0000000000000000000 ) ) ;
#3958 = ORIENTED_EDGE ( 'NONE', *, *, #4241, .F. ) ;
#3959 = EDGE_CURVE ( 'NONE', #2892, #4085, #2834, .T. ) ;
#3960 = LINE ( 'NONE', #637, #4055 ) ;
#3961 = EDGE_LOOP ( 'NONE', ( #197, #6048, #6723, #853 ) ) ;
#3962 = SURFACE_SIDE_STYLE ('',( #1860 ) ) ;
#3963 = EDGE_CURVE ( 'NONE', #1699, #4759, #121, .T. ) ;
#3964 = CARTESIAN_POINT ( 'NONE',  ( 2.000000000000001800, 0.6716990566028315800, 0.3749999999999996700 ) ) ;
#3965 = AXIS2_PLACEMENT_3D ( 'NONE', #5654, #1035, #2204 ) ;
#3966 = ORIENTED_EDGE ( 'NONE', *, *, #2774, .T. ) ;
#3967 = DIRECTION ( 'NONE',  ( 0.0000000000000000000, 1.000000000000000000, 0.0000000000000000000 ) ) ;
#3968 = ORIENTED_EDGE ( 'NONE', *, *, #4159, .F. ) ;
#3969 = DIRECTION ( 'NONE',  ( 1.000000000000000000, -0.0000000000000000000, 1.734723475976802600E-015 ) ) ;
#3970 = DIRECTION ( 'NONE',  ( 0.0000000000000000000, -0.0000000000000000000, 1.000000000000000000 ) ) ;
#3971 = VECTOR ( 'NONE', #5775, 1000.000000000000000 ) ;
#3972 = AXIS2_PLACEMENT_3D ( 'NONE', #5732, #3498, #5274 ) ;
#3973 = ORIENTED_EDGE ( 'NONE', *, *, #6188, .T. ) ;
#3974 = ORIENTED_EDGE ( 'NONE', *, *, #5216, .T. ) ;
#3975 = VECTOR ( 'NONE', #4808, 1000.000000000000000 ) ;
#3976 = ORIENTED_EDGE ( 'NONE', *, *, #6868, .T. ) ;
#3977 = ORIENTED_EDGE ( 'NONE', *, *, #5404, .F. ) ;
#3978 = DIRECTION ( 'NONE',  ( 0.0000000000000000000, -0.0000000000000000000, 1.000000000000000000 ) ) ;
#3979 = AXIS2_PLACEMENT_3D ( 'NONE', #3648, #5546, #4989 ) ;
#3980 = CARTESIAN_POINT ( 'NONE',  ( 2.000000000000001800, 0.6716990566028315800, -0.1250000000000003300 ) ) ;
#3981 = FACE_OUTER_BOUND ( 'NONE', #3307, .T. ) ;
#3982 = CARTESIAN_POINT ( 'NONE',  ( 1.174999999999999800, 0.0000000000000000000, 1.300000000000000300 ) ) ;
#3983 = ORIENTED_EDGE ( 'NONE', *, *, #1472, .T. ) ;
#3984 = ORIENTED_EDGE ( 'NONE', *, *, #7151, .T. ) ;
#3985 = CARTESIAN_POINT ( 'NONE',  ( 1.725000000000000800, 0.05000000000000002400, -0.1250000000000003300 ) ) ;
#3986 = CARTESIAN_POINT ( 'NONE',  ( 1.174999999999999800, 3.876955262170047600, 1.300000000000000300 ) ) ;
#3987 = DIRECTION ( 'NONE',  ( -0.0000000000000000000, -1.000000000000000000, -0.0000000000000000000 ) ) ;
#3988 = VECTOR ( 'NONE', #4415, 1000.000000000000000 ) ;
#3989 = VERTEX_POINT ( 'NONE', #788 ) ;
#3990 = DIRECTION ( 'NONE',  ( 0.0000000000000000000, 0.0000000000000000000, -1.000000000000000000 ) ) ;
#3991 = ADVANCED_FACE ( 'NONE', ( #5471 ), #5097, .T. ) ;
#3992 = CARTESIAN_POINT ( 'NONE',  ( -1.611480854806852200, 0.6999999999999999600, -1.611480854806850400 ) ) ;
#3993 = PLANE ( 'NONE',  #2344 ) ;
#3994 = ADVANCED_FACE ( 'NONE', ( #5298 ), #7288, .T. ) ;
#3995 = EDGE_LOOP ( 'NONE', ( #1804, #5151, #4502, #4312 ) ) ;
#3996 = DIRECTION ( 'NONE',  ( 1.577021341797106900E-015, -0.0000000000000000000, 1.000000000000000000 ) ) ;
#3997 = DIRECTION ( 'NONE',  ( -0.0000000000000000000, -1.000000000000000000, -0.0000000000000000000 ) ) ;
#3998 = VERTEX_POINT ( 'NONE', #5532 ) ;
#3999 = CARTESIAN_POINT ( 'NONE',  ( -2.000000000000000900, 0.05000000000000000300, 2.000000000000001300 ) ) ;
#4000 = DIRECTION ( 'NONE',  ( -1.000000000000000000, 0.0000000000000000000, -0.0000000000000000000 ) ) ;
#4001 = CIRCLE ( 'NONE', #2635, 0.1250000000000003300 ) ;
#4002 = CARTESIAN_POINT ( 'NONE',  ( 0.3749999999999998900, 0.0000000000000000000, -1.999999999999999600 ) ) ;
#4003 = EDGE_CURVE ( 'NONE', #2161, #453, #480, .T. ) ;
#4004 = VERTEX_POINT ( 'NONE', #6648 ) ;
#4005 = CARTESIAN_POINT ( 'NONE',  ( 2.000000000000001800, 0.0000000000000000000, 0.3749999999999996700 ) ) ;
#4006 = CARTESIAN_POINT ( 'NONE',  ( -1.000000000000000000, 0.2000000000000000100, -1.725000000000000100 ) ) ;
#4007 = EDGE_CURVE ( 'NONE', #689, #2735, #7136, .T. ) ;
#4008 = CIRCLE ( 'NONE', #5530, 0.1250000000000003300 ) ;
#4009 = DIRECTION ( 'NONE',  ( 0.0000000000000000000, -1.000000000000000000, 0.0000000000000000000 ) ) ;
#4010 = EDGE_LOOP ( 'NONE', ( #1687, #4733, #1074, #1609, #5256 ) ) ;
#4011 = FILL_AREA_STYLE ('',( #6280 ) ) ;
#4012 = DIRECTION ( 'NONE',  ( -0.0000000000000000000, -1.000000000000000000, -0.0000000000000000000 ) ) ;
#4013 = CARTESIAN_POINT ( 'NONE',  ( 1.725000000000000800, 0.1999999999999999800, 0.1249999999999996800 ) ) ;
#4014 = CIRCLE ( 'NONE', #4552, 0.1250000000000003300 ) ;
#4015 = LINE ( 'NONE', #7074, #3467 ) ;
#4016 = DIRECTION ( 'NONE',  ( 0.0000000000000000000, -1.000000000000000000, 0.0000000000000000000 ) ) ;
#4017 = EDGE_CURVE ( 'NONE', #1546, #6552, #3196, .T. ) ;
#4018 = SURFACE_SIDE_STYLE ('',( #7077 ) ) ;
#4019 = DIRECTION ( 'NONE',  ( 0.0000000000000000000, -1.000000000000000000, 0.0000000000000000000 ) ) ;
#4020 = ORIENTED_EDGE ( 'NONE', *, *, #1677, .T. ) ;
#4021 = MECHANICAL_DESIGN_GEOMETRIC_PRESENTATION_REPRESENTATION (  '', ( #4403 ), #3233 ) ;
#4022 = FACE_OUTER_BOUND ( 'NONE', #4921, .T. ) ;
#4023 = AXIS2_PLACEMENT_3D ( 'NONE', #3719, #4305, #829 ) ;
#4024 = CARTESIAN_POINT ( 'NONE',  ( -1.300000000000000000, 0.05000000000000000300, 0.0000000000000000000 ) ) ;
#4025 = ADVANCED_FACE ( 'NONE', ( #4920 ), #3779, .F. ) ;
#4026 = LINE ( 'NONE', #2799, #1656 ) ;
#4027 = DIRECTION ( 'NONE',  ( 1.577021341797106900E-015, -0.0000000000000000000, 1.000000000000000000 ) ) ;
#4028 = ORIENTED_EDGE ( 'NONE', *, *, #3567, .F. ) ;
#4029 = CARTESIAN_POINT ( 'NONE',  ( -1.000000000000000000, 0.1999999999999999800, 1.725000000000001000 ) ) ;
#4030 = CARTESIAN_POINT ( 'NONE',  ( 1.125000000000000700, 0.2000000000000000100, -2.000000000000000000 ) ) ;
#4031 = VECTOR ( 'NONE', #1822, 1000.000000000000000 ) ;
#4032 = VECTOR ( 'NONE', #6615, 1000.000000000000000 ) ;
#4033 = ORIENTED_EDGE ( 'NONE', *, *, #4003, .T. ) ;
#4034 = DIRECTION ( 'NONE',  ( 1.000000000000000000, 0.0000000000000000000, -3.469446951953614200E-015 ) ) ;
#4035 = CARTESIAN_POINT ( 'NONE',  ( 1.725000000000000800, 0.1999999999999999800, -1.125000000000000400 ) ) ;
#4036 = DIRECTION ( 'NONE',  ( 0.0000000000000000000, 0.0000000000000000000, -1.000000000000000000 ) ) ;
#4037 = CARTESIAN_POINT ( 'NONE',  ( -1.000000000000000000, 0.1999999999999999800, -1.725000000000000100 ) ) ;
#4038 = FACE_OUTER_BOUND ( 'NONE', #5419, .T. ) ;
#4039 = PLANE ( 'NONE',  #6240 ) ;
#4040 = LINE ( 'NONE', #659, #1929 ) ;
#4041 = DIRECTION ( 'NONE',  ( 0.0000000000000000000, 0.0000000000000000000, -1.000000000000000000 ) ) ;
#4042 = LINE ( 'NONE', #2953, #5574 ) ;
#4044 = EDGE_CURVE ( 'NONE', #7326, #1699, #1753, .T. ) ;
#4043 = CARTESIAN_POINT ( 'NONE',  ( 1.000000000000000000, 0.2000000000000000100, 1.725000000000001000 ) ) ;
#4045 = ORIENTED_EDGE ( 'NONE', *, *, #7103, .F. ) ;
#4046 = VECTOR ( 'NONE', #3161, 1000.000000000000000 ) ;
#4047 = EDGE_LOOP ( 'NONE', ( #1661, #1856, #5949, #3056 ) ) ;
#4048 = EDGE_CURVE ( 'NONE', #3989, #2967, #1826, .T. ) ;
#4049 = EDGE_CURVE ( 'NONE', #5864, #773, #2012, .T. ) ;
#4050 = CIRCLE ( 'NONE', #2556, 0.1250000000000001100 ) ;
#4051 = DIRECTION ( 'NONE',  ( 0.0000000000000000000, 1.000000000000000000, -0.0000000000000000000 ) ) ;
#4052 = DIRECTION ( 'NONE',  ( -1.577021341797106900E-015, 0.0000000000000000000, -1.000000000000000000 ) ) ;
#4053 = VERTEX_POINT ( 'NONE', #4916 ) ;
#4054 =( LENGTH_UNIT ( ) NAMED_UNIT ( * ) SI_UNIT ( .MILLI., .METRE. ) );
#4055 = VECTOR ( 'NONE', #733, 1000.000000000000000 ) ;
#4056 = DIRECTION ( 'NONE',  ( 0.0000000000000000000, 0.0000000000000000000, 1.000000000000000000 ) ) ;
#4057 = ORIENTED_EDGE ( 'NONE', *, *, #7277, .T. ) ;
#4058 = EDGE_CURVE ( 'NONE', #1459, #4424, #4472, .T. ) ;
#4059 = CARTESIAN_POINT ( 'NONE',  ( 1.725000000000000800, 0.0000000000000000000, -1.125000000000000400 ) ) ;
#4060 = LINE ( 'NONE', #7423, #5992 ) ;
#4061 = DIRECTION ( 'NONE',  ( -1.000000000000000000, 0.0000000000000000000, -1.577021341797104500E-015 ) ) ;
#4062 = CARTESIAN_POINT ( 'NONE',  ( 0.8749999999999998900, 0.2000000000000000100, -1.999999999999999600 ) ) ;
#4063 = EDGE_CURVE ( 'NONE', #5816, #6041, #3103, .T. ) ;
#4064 = CARTESIAN_POINT ( 'NONE',  ( 0.3749999999999998900, 0.2000000000000000100, -1.999999999999999600 ) ) ;
#4065 = ORIENTED_EDGE ( 'NONE', *, *, #6670, .F. ) ;
#4066 = EDGE_CURVE ( 'NONE', #3787, #723, #3931, .T. ) ;
#4067 = VERTEX_POINT ( 'NONE', #5499 ) ;
#4068 = LINE ( 'NONE', #1391, #1155 ) ;
#4069 = AXIS2_PLACEMENT_3D ( 'NONE', #4584, #6348, #5783 ) ;
#4070 = ORIENTED_EDGE ( 'NONE', *, *, #3125, .T. ) ;
#4071 = DIRECTION ( 'NONE',  ( -0.0000000000000000000, -1.000000000000000000, -0.0000000000000000000 ) ) ;
#4072 = AXIS2_PLACEMENT_3D ( 'NONE', #181, #3625, #1244 ) ;
#4073 = VECTOR ( 'NONE', #1631, 1000.000000000000000 ) ;
#4074 = ORIENTED_EDGE ( 'NONE', *, *, #1214, .F. ) ;
#4075 = DIRECTION ( 'NONE',  ( 3.469446951953614200E-015, -0.0000000000000000000, 1.000000000000000000 ) ) ;
#4076 = ORIENTED_EDGE ( 'NONE', *, *, #7463, .F. ) ;
#4077 = CIRCLE ( 'NONE', #222, 0.1250000000000003300 ) ;
#4078 = EDGE_LOOP ( 'NONE', ( #1253, #981, #4153, #2601 ) ) ;
#4079 = VERTEX_POINT ( 'NONE', #6103 ) ;
#4080 = AXIS2_PLACEMENT_3D ( 'NONE', #4486, #5664, #2741 ) ;
#4081 = FACE_OUTER_BOUND ( 'NONE', #3222, .T. ) ;
#4082 = ORIENTED_EDGE ( 'NONE', *, *, #4489, .T. ) ;
#4083 = ORIENTED_EDGE ( 'NONE', *, *, #2763, .T. ) ;
#4084 = DIRECTION ( 'NONE',  ( -1.000000000000000000, 0.0000000000000000000, -0.0000000000000000000 ) ) ;
#4085 = VERTEX_POINT ( 'NONE', #6147 ) ;
#4086 = AXIS2_PLACEMENT_3D ( 'NONE', #3609, #727, #4779 ) ;
#4087 = CARTESIAN_POINT ( 'NONE',  ( -0.1250000000000001100, 0.0000000000000000000, 1.725000000000001200 ) ) ;
#4088 = DIRECTION ( 'NONE',  ( -1.000000000000000000, 0.0000000000000000000, -0.0000000000000000000 ) ) ;
#4089 = CARTESIAN_POINT ( 'NONE',  ( -1.300000000000000000, 0.2000000000000000900, -0.8750000000000001100 ) ) ;
#4090 = ORIENTED_EDGE ( 'NONE', *, *, #1377, .T. ) ;
#4091 = ORIENTED_EDGE ( 'NONE', *, *, #5584, .T. ) ;
#4092 = CARTESIAN_POINT ( 'NONE',  ( 0.1250000000000005600, 0.6716990566028308000, -2.000000000000000000 ) ) ;
#4093 = DIRECTION ( 'NONE',  ( 1.000000000000000000, 0.0000000000000000000, -7.885106708985459500E-016 ) ) ;
#4094 = CARTESIAN_POINT ( 'NONE',  ( 1.174999999999999800, 3.876955262170047600, 1.300000000000000300 ) ) ;
#4095 = CARTESIAN_POINT ( 'NONE',  ( 1.725000000000000800, 0.0000000000000000000, -0.3750000000000003300 ) ) ;
#4096 = EDGE_LOOP ( 'NONE', ( #3835, #2703, #6129, #1520 ) ) ;
#4097 = EDGE_CURVE ( 'NONE', #4067, #2734, #4659, .T. ) ;
#4098 =( NAMED_UNIT ( * ) SI_UNIT ( $, .STERADIAN. ) SOLID_ANGLE_UNIT ( ) );
#4099 = CARTESIAN_POINT ( 'NONE',  ( 2.000000000000000900, 0.0000000000000000000, -0.3750000000000003300 ) ) ;
#4100 = PRESENTATION_STYLE_ASSIGNMENT (( #6248 ) ) ;
#4101 = ORIENTED_EDGE ( 'NONE', *, *, #4695, .F. ) ;
#4102 = CARTESIAN_POINT ( 'NONE',  ( 1.725000000000000800, 0.1999999999999999800, -0.8750000000000003300 ) ) ;
#4103 = LINE ( 'NONE', #4185, #6239 ) ;
#4104 = EDGE_CURVE ( 'NONE', #3132, #526, #3740, .T. ) ;
#4105 = CARTESIAN_POINT ( 'NONE',  ( 1.725000000000000800, 0.1999999999999999800, -0.6250000000000003300 ) ) ;
#4106 = PLANE ( 'NONE',  #172 ) ;
#4107 = EDGE_LOOP ( 'NONE', ( #3598, #3614, #2434, #150 ) ) ;
#4108 = EDGE_CURVE ( 'NONE', #5009, #4875, #295, .T. ) ;
#4109 = DIRECTION ( 'NONE',  ( 1.000000000000000000, 0.0000000000000000000, 0.0000000000000000000 ) ) ;
#4110 = MECHANICAL_DESIGN_GEOMETRIC_PRESENTATION_REPRESENTATION (  '', ( #4735 ), #2392 ) ;
#4111 = LINE ( 'NONE', #1697, #6598 ) ;
#4112 = ORIENTED_EDGE ( 'NONE', *, *, #6402, .F. ) ;
#4113 = FACE_OUTER_BOUND ( 'NONE', #4593, .T. ) ;
#4114 = CARTESIAN_POINT ( 'NONE',  ( 1.125000000000000200, 0.0000000000000000000, -1.725000000000001200 ) ) ;
#4115 = CARTESIAN_POINT ( 'NONE',  ( -2.000000000000001800, 0.1999999999999999800, -1.125000000000000400 ) ) ;
#4116 = CARTESIAN_POINT ( 'NONE',  ( 0.6250000000000001100, 0.1999999999999999800, -1.725000000000001200 ) ) ;
#4117 = DIRECTION ( 'NONE',  ( 1.000000000000000000, 0.0000000000000000000, 0.0000000000000000000 ) ) ;
#4118 = VECTOR ( 'NONE', #6721, 1000.000000000000000 ) ;
#4119 = ORIENTED_EDGE ( 'NONE', *, *, #1472, .F. ) ;
#4120 = EDGE_CURVE ( 'NONE', #661, #2519, #6602, .T. ) ;
#4121 = MANIFOLD_SOLID_BREP ( 'LPattern4[3]', #357 ) ;
#4122 = ORIENTED_EDGE ( 'NONE', *, *, #7051, .T. ) ;
#4123 = AXIS2_PLACEMENT_3D ( 'NONE', #1500, #2033, #914 ) ;
#4124 = LINE ( 'NONE', #5620, #2099 ) ;
#4125 = EDGE_LOOP ( 'NONE', ( #5881, #3284, #6641, #1426 ) ) ;
#4126 = VECTOR ( 'NONE', #3488, 1000.000000000000000 ) ;
#4127 = DIRECTION ( 'NONE',  ( 1.000000000000000000, -0.0000000000000000000, 0.0000000000000000000 ) ) ;
#4128 = VECTOR ( 'NONE', #2255, 1000.000000000000000 ) ;
#4129 = DIRECTION ( 'NONE',  ( -1.000000000000000000, 0.0000000000000000000, 1.084202172485504400E-016 ) ) ;
#4130 = CARTESIAN_POINT ( 'NONE',  ( -1.125000000000000200, 0.6716990566028308000, 1.725000000000001200 ) ) ;
#4131 = ORIENTED_EDGE ( 'NONE', *, *, #7387, .F. ) ;
#4132 = DIRECTION ( 'NONE',  ( -1.000000000000000000, -0.0000000000000000000, 7.885106708985461400E-016 ) ) ;
#4133 = ORIENTED_EDGE ( 'NONE', *, *, #2550, .T. ) ;
#4134 = CARTESIAN_POINT ( 'NONE',  ( 1.725000000000000800, 0.05000000000000002400, -0.6250000000000003300 ) ) ;
#4135 = ORIENTED_EDGE ( 'NONE', *, *, #3801, .T. ) ;
#4136 = CARTESIAN_POINT ( 'NONE',  ( 2.000000000000001800, 0.0000000000000000000, -1.125000000000000400 ) ) ;
#4137 = ORIENTED_EDGE ( 'NONE', *, *, #5589, .T. ) ;
#4138 = LINE ( 'NONE', #5716, #3133 ) ;
#4139 = EDGE_LOOP ( 'NONE', ( #5136, #5064, #1433, #2446 ) ) ;
#4140 = DIRECTION ( 'NONE',  ( -0.0000000000000000000, -1.000000000000000000, -0.0000000000000000000 ) ) ;
#4141 = ORIENTED_EDGE ( 'NONE', *, *, #2340, .F. ) ;
#4142 = EDGE_CURVE ( 'NONE', #7127, #3694, #2190, .T. ) ;
#4143 = FACE_OUTER_BOUND ( 'NONE', #582, .T. ) ;
#4144 = ORIENTED_EDGE ( 'NONE', *, *, #3300, .T. ) ;
#4145 = EDGE_CURVE ( 'NONE', #3100, #6785, #201, .T. ) ;
#4146 = FACE_OUTER_BOUND ( 'NONE', #151, .T. ) ;
#4147 = ORIENTED_EDGE ( 'NONE', *, *, #6971, .F. ) ;
#4148 = DIRECTION ( 'NONE',  ( 1.577021341797104700E-015, 0.0000000000000000000, -1.000000000000000000 ) ) ;
#4149 = DIRECTION ( 'NONE',  ( 0.0000000000000000000, 1.000000000000000000, 0.0000000000000000000 ) ) ;
#4150 = CARTESIAN_POINT ( 'NONE',  ( -2.000000000000000900, 0.0000000000000000000, -0.3750000000000003300 ) ) ;
#4151 = LINE ( 'NONE', #3442, #1054 ) ;
#4152 = ORIENTED_EDGE ( 'NONE', *, *, #3554, .T. ) ;
#4153 = ORIENTED_EDGE ( 'NONE', *, *, #2436, .T. ) ;
#4154 = LINE ( 'NONE', #3123, #3789 ) ;
#4155 = ORIENTED_EDGE ( 'NONE', *, *, #3423, .F. ) ;
#4156 = VERTEX_POINT ( 'NONE', #5114 ) ;
#4157 = DIRECTION ( 'NONE',  ( 1.000000000000000000, 0.0000000000000000000, 1.845450506358306100E-016 ) ) ;
#4158 = CARTESIAN_POINT ( 'NONE',  ( 0.5000000000000000000, 0.0000000000000000000, 1.725000000000001000 ) ) ;
#4159 = EDGE_CURVE ( 'NONE', #5804, #661, #3483, .T. ) ;
#4160 = AXIS2_PLACEMENT_3D ( 'NONE', #200, #3683, #5400 ) ;
#4161 = VERTEX_POINT ( 'NONE', #5695 ) ;
#4162 = CARTESIAN_POINT ( 'NONE',  ( 2.000000000000001800, 0.0000000000000000000, 0.8749999999999996700 ) ) ;
#4163 = ORIENTED_EDGE ( 'NONE', *, *, #642, .T. ) ;
#4164 = AXIS2_PLACEMENT_3D ( 'NONE', #3857, #3967, #4501 ) ;
#4165 =( GEOMETRIC_REPRESENTATION_CONTEXT ( 3 ) GLOBAL_UNCERTAINTY_ASSIGNED_CONTEXT ( ( #1787 ) ) GLOBAL_UNIT_ASSIGNED_CONTEXT ( ( #4692, #1206, #5278 ) ) REPRESENTATION_CONTEXT ( 'NONE', 'WORKASPACE' ) );
#4166 = PLANE ( 'NONE',  #4072 ) ;
#4167 = VECTOR ( 'NONE', #826, 1000.000000000000000 ) ;
#4168 = ORIENTED_EDGE ( 'NONE', *, *, #1017, .F. ) ;
#4169 = CARTESIAN_POINT ( 'NONE',  ( 2.000000000000001800, 0.6716990566028315800, -1.125000000000000400 ) ) ;
#4170 = PLANE ( 'NONE',  #6645 ) ;
#4171 = DIRECTION ( 'NONE',  ( 0.0000000000000000000, 0.0000000000000000000, -1.000000000000000000 ) ) ;
#4172 = VERTEX_POINT ( 'NONE', #1645 ) ;
#4173 = DIRECTION ( 'NONE',  ( 0.0000000000000000000, 1.000000000000000000, -0.0000000000000000000 ) ) ;
#4174 = FACE_OUTER_BOUND ( 'NONE', #2667, .T. ) ;
#4175 = ADVANCED_FACE ( 'NONE', ( #6157 ), #2143, .F. ) ;
#4176 = ORIENTED_EDGE ( 'NONE', *, *, #2436, .F. ) ;
#4177 = DIRECTION ( 'NONE',  ( 0.0000000000000000000, 1.000000000000000000, -0.0000000000000000000 ) ) ;
#4178 = DIRECTION ( 'NONE',  ( -0.0000000000000000000, -1.000000000000000000, -0.0000000000000000000 ) ) ;
#4179 = CARTESIAN_POINT ( 'NONE',  ( 0.6250000000000005600, 0.2000000000000000100, -2.000000000000000000 ) ) ;
#4180 = CIRCLE ( 'NONE', #6113, 0.1250000000000003300 ) ;
#4181 = CARTESIAN_POINT ( 'NONE',  ( -2.000000000000000900, 0.6716990566028315800, -0.8750000000000003300 ) ) ;
#4182 = EDGE_CURVE ( 'NONE', #4759, #2159, #7216, .T. ) ;
#4183 = CARTESIAN_POINT ( 'NONE',  ( 2.000000000000000900, 0.04999999999999969700, -0.3750000000000003300 ) ) ;
#4184 = ORIENTED_EDGE ( 'NONE', *, *, #4188, .F. ) ;
#4185 = CARTESIAN_POINT ( 'NONE',  ( -1.300000000000000000, 3.876955262170047600, -0.8750000000000001100 ) ) ;
#4186 = FACE_OUTER_BOUND ( 'NONE', #5642, .T. ) ;
#4187 = LINE ( 'NONE', #6579, #4821 ) ;
#4188 = EDGE_CURVE ( 'NONE', #4601, #7373, #6344, .T. ) ;
#4189 =( NAMED_UNIT ( * ) SI_UNIT ( $, .STERADIAN. ) SOLID_ANGLE_UNIT ( ) );
#4190 = VECTOR ( 'NONE', #1000, 1000.000000000000000 ) ;
#4191 = EDGE_CURVE ( 'NONE', #4601, #367, #1652, .T. ) ;
#4192 = ORIENTED_EDGE ( 'NONE', *, *, #3470, .T. ) ;
#4193 = FACE_OUTER_BOUND ( 'NONE', #787, .T. ) ;
#4194 = EDGE_CURVE ( 'NONE', #4079, #4413, #5987, .T. ) ;
#4195 = EDGE_CURVE ( 'NONE', #5100, #312, #7313, .T. ) ;
#4196 = PRESENTATION_LAYER_ASSIGNMENT (  '', '', ( #2494 ) ) ;
#4197 = VECTOR ( 'NONE', #2188, 1000.000000000000000 ) ;
#4198 = DIRECTION ( 'NONE',  ( -0.0000000000000000000, -1.000000000000000000, 0.0000000000000000000 ) ) ;
#4199 = ORIENTED_EDGE ( 'NONE', *, *, #3809, .T. ) ;
#4200 = CARTESIAN_POINT ( 'NONE',  ( 0.6250000000000010000, 0.1999999999999999800, 2.000000000000000000 ) ) ;
#4201 = AXIS2_PLACEMENT_3D ( 'NONE', #5958, #3039, #721 ) ;
#4202 = VECTOR ( 'NONE', #1865, 1000.000000000000000 ) ;
#4203 = DIRECTION ( 'NONE',  ( 7.885106708985459500E-016, 0.0000000000000000000, 1.000000000000000000 ) ) ;
#4204 = LINE ( 'NONE', #3821, #2655 ) ;
#4205 = ORIENTED_EDGE ( 'NONE', *, *, #6244, .T. ) ;
#4206 = PRESENTATION_LAYER_ASSIGNMENT (  '', '', ( #3820 ) ) ;
#4207 = FILL_AREA_STYLE_COLOUR ( '', #4664 ) ;
#4208 = DIRECTION ( 'NONE',  ( 0.0000000000000000000, 0.0000000000000000000, 1.000000000000000000 ) ) ;
#4209 = PLANE ( 'NONE',  #5024 ) ;
#4210 = CIRCLE ( 'NONE', #983, 0.1250000000000003300 ) ;
#4211 = ADVANCED_FACE ( 'NONE', ( #4833 ), #33, .T. ) ;
#4212 = FACE_OUTER_BOUND ( 'NONE', #261, .T. ) ;
#4213 = EDGE_LOOP ( 'NONE', ( #7301, #3013, #2067, #2060 ) ) ;
#4214 = DIRECTION ( 'NONE',  ( 0.0000000000000000000, -0.0000000000000000000, -1.000000000000000000 ) ) ;
#4215 = ORIENTED_EDGE ( 'NONE', *, *, #4585, .T. ) ;
#4216 =( NAMED_UNIT ( * ) PLANE_ANGLE_UNIT ( ) SI_UNIT ( $, .RADIAN. ) );
#4217 = CARTESIAN_POINT ( 'NONE',  ( -1.725000000000000800, 0.6716990566028315800, -0.6250000000000005600 ) ) ;
#4218 = DIRECTION ( 'NONE',  ( -5.204170427930416600E-015, 0.0000000000000000000, -1.000000000000000000 ) ) ;
#4219 = ORIENTED_EDGE ( 'NONE', *, *, #3074, .T. ) ;
#4220 = VECTOR ( 'NONE', #6168, 1000.000000000000000 ) ;
#4221 = CARTESIAN_POINT ( 'NONE',  ( -1.124999999999999800, 0.1999999999999999800, 1.999999999999999600 ) ) ;
#4222 = ORIENTED_EDGE ( 'NONE', *, *, #975, .T. ) ;
#4223 = PLANE ( 'NONE',  #1194 ) ;
#4224 = VECTOR ( 'NONE', #1196, 1000.000000000000000 ) ;
#4225 = CARTESIAN_POINT ( 'NONE',  ( -1.300000000000000000, 3.876955262170047600, -0.8750000000000001100 ) ) ;
#4226 = ORIENTED_EDGE ( 'NONE', *, *, #3646, .F. ) ;
#4227 = LINE ( 'NONE', #5347, #4860 ) ;
#4228 = ORIENTED_EDGE ( 'NONE', *, *, #4142, .F. ) ;
#4229 = DIRECTION ( 'NONE',  ( 0.0000000000000000000, 1.000000000000000000, 0.0000000000000000000 ) ) ;
#4230 = VECTOR ( 'NONE', #7176, 1000.000000000000000 ) ;
#4231 = ORIENTED_EDGE ( 'NONE', *, *, #4438, .T. ) ;
#4232 = CARTESIAN_POINT ( 'NONE',  ( 2.000000000000000900, 0.1999999999999999800, 0.1249999999999996800 ) ) ;
#4233 = DIRECTION ( 'NONE',  ( 1.000000000000000000, 0.0000000000000000000, 1.845450506358306100E-016 ) ) ;
#4234 = ORIENTED_EDGE ( 'NONE', *, *, #3899, .F. ) ;
#4235 = PLANE ( 'NONE',  #6878 ) ;
#4236 = ORIENTED_EDGE ( 'NONE', *, *, #5110, .T. ) ;
#4237 = CARTESIAN_POINT ( 'NONE',  ( -1.125000000000000200, 0.0000000000000000000, 1.725000000000001200 ) ) ;
#4238 = EDGE_CURVE ( 'NONE', #7121, #2722, #1008, .T. ) ;
#4239 = CYLINDRICAL_SURFACE ( 'NONE', #3673, 0.1250000000000003300 ) ;
#4240 = PLANE ( 'NONE',  #6019 ) ;
#4241 = EDGE_CURVE ( 'NONE', #5781, #2128, #660, .T. ) ;
#4242 = DIRECTION ( 'NONE',  ( 1.000000000000000000, 0.0000000000000000000, 7.885106708985459500E-016 ) ) ;
#4243 = ORIENTED_EDGE ( 'NONE', *, *, #6207, .F. ) ;
#4244 = VECTOR ( 'NONE', #5635, 1000.000000000000000 ) ;
#4245 = AXIS2_PLACEMENT_3D ( 'NONE', #4560, #1077, #6301 ) ;
#4246 = ORIENTED_EDGE ( 'NONE', *, *, #1840, .T. ) ;
#4247 = ORIENTED_EDGE ( 'NONE', *, *, #6808, .F. ) ;
#4248 = CARTESIAN_POINT ( 'NONE',  ( 1.999999999999999100, 0.05000000000000000300, 2.000000000000000900 ) ) ;
#4249 = CARTESIAN_POINT ( 'NONE',  ( -1.725000000000000300, 0.1999999999999999800, 0.4999999999999995600 ) ) ;
#4250 = AXIS2_PLACEMENT_3D ( 'NONE', #7015, #4149, #743 ) ;
#4251 = LINE ( 'NONE', #2861, #2521 ) ;
#4252 = ORIENTED_EDGE ( 'NONE', *, *, #1514, .F. ) ;
#4253 = VERTEX_POINT ( 'NONE', #1024 ) ;
#4254 = CARTESIAN_POINT ( 'NONE',  ( 1.000000000000000000, 0.2000000000000000100, 1.725000000000001000 ) ) ;
#4255 = ORIENTED_EDGE ( 'NONE', *, *, #1356, .T. ) ;
#4256 = CARTESIAN_POINT ( 'NONE',  ( 1.725000000000000300, 0.0000000000000000000, -1.000000000000000200 ) ) ;
#4257 = ADVANCED_FACE ( 'NONE', ( #7303, #7131 ), #3936, .T. ) ;
#4258 = DIRECTION ( 'NONE',  ( 1.577021341797104500E-015, 0.0000000000000000000, -1.000000000000000000 ) ) ;
#4259 = EDGE_CURVE ( 'NONE', #5508, #2515, #2368, .T. ) ;
#4260 = PLANE ( 'NONE',  #474 ) ;
#4261 = AXIS2_PLACEMENT_3D ( 'NONE', #7201, #369, #940 ) ;
#4262 = CARTESIAN_POINT ( 'NONE',  ( 0.3750000000000003300, 0.0000000000000000000, 1.999999999999999600 ) ) ;
#4263 = VERTEX_POINT ( 'NONE', #4035 ) ;
#4264 = AXIS2_PLACEMENT_3D ( 'NONE', #1718, #2315, #1129 ) ;
#4265 = VERTEX_POINT ( 'NONE', #6872 ) ;
#4266 = CARTESIAN_POINT ( 'NONE',  ( -1.000000000000000000, 0.2000000000000000100, 1.725000000000001000 ) ) ;
#4267 = DIRECTION ( 'NONE',  ( -0.0000000000000000000, -1.000000000000000000, -0.0000000000000000000 ) ) ;
#4268 = DIRECTION ( 'NONE',  ( -0.0000000000000000000, -1.000000000000000000, -0.0000000000000000000 ) ) ;
#4269 = CARTESIAN_POINT ( 'NONE',  ( -1.611480854806852200, 1.274307106865022700, -1.611480854806850400 ) ) ;
#4270 = VERTEX_POINT ( 'NONE', #2372 ) ;
#4271 = PLANE ( 'NONE',  #1230 ) ;
#4272 = CARTESIAN_POINT ( 'NONE',  ( -0.6250000000000001100, 0.2000000000000000100, -1.999999999999999600 ) ) ;
#4273 = ORIENTED_EDGE ( 'NONE', *, *, #5639, .F. ) ;
#4274 = VECTOR ( 'NONE', #1976, 1000.000000000000000 ) ;
#4275 = CARTESIAN_POINT ( 'NONE',  ( 1.300000000000000000, 3.876955262170047600, -1.174999999999999800 ) ) ;
#4276 = SURFACE_SIDE_STYLE ('',( #3036 ) ) ;
#4277 = ORIENTED_EDGE ( 'NONE', *, *, #2889, .F. ) ;
#4278 = VECTOR ( 'NONE', #558, 1000.000000000000000 ) ;
#4279 = EDGE_LOOP ( 'NONE', ( #3250, #6153, #3253, #1706 ) ) ;
#4280 = VECTOR ( 'NONE', #1897, 1000.000000000000000 ) ;
#4281 = EDGE_CURVE ( 'NONE', #614, #974, #651, .T. ) ;
#4282 = DIRECTION ( 'NONE',  ( 0.0000000000000000000, 0.0000000000000000000, -1.000000000000000000 ) ) ;
#4283 = DIRECTION ( 'NONE',  ( 0.0000000000000000000, -0.0000000000000000000, -1.000000000000000000 ) ) ;
#4284 = CARTESIAN_POINT ( 'NONE',  ( 1.999999999999999100, 0.05000000000000000300, 2.000000000000000900 ) ) ;
#4285 = EDGE_CURVE ( 'NONE', #2283, #3084, #2725, .T. ) ;
#4286 = DIRECTION ( 'NONE',  ( 0.0000000000000000000, 0.0000000000000000000, -1.000000000000000000 ) ) ;
#4287 = EDGE_CURVE ( 'NONE', #6557, #5651, #4111, .T. ) ;
#4288 = PRESENTATION_STYLE_ASSIGNMENT (( #1563 ) ) ;
#4289 = ORIENTED_EDGE ( 'NONE', *, *, #7000, .F. ) ;
#4290 = ADVANCED_FACE ( 'NONE', ( #4997 ), #5630, .F. ) ;
#4291 = ORIENTED_EDGE ( 'NONE', *, *, #6545, .F. ) ;
#4292 = DIRECTION ( 'NONE',  ( 1.000000000000000000, 0.0000000000000000000, 7.885106708985459500E-016 ) ) ;
#4293 = CARTESIAN_POINT ( 'NONE',  ( -1.000000000000000000, 0.2000000000000000100, 1.725000000000001000 ) ) ;
#4294 = CARTESIAN_POINT ( 'NONE',  ( 0.8750000000000003300, 0.6716990566028308000, 1.999999999999999600 ) ) ;
#4295 = DIRECTION ( 'NONE',  ( 1.577021341797104500E-015, 0.0000000000000000000, -1.000000000000000000 ) ) ;
#4296 = EDGE_CURVE ( 'NONE', #5514, #1610, #6777, .T. ) ;
#4297 = LINE ( 'NONE', #434, #4197 ) ;
#4298 = ORIENTED_EDGE ( 'NONE', *, *, #4396, .F. ) ;
#4299 = EDGE_CURVE ( 'NONE', #3700, #2964, #1002, .T. ) ;
#4300 = EDGE_CURVE ( 'NONE', #2034, #4945, #6959, .T. ) ;
#4301 = AXIS2_PLACEMENT_3D ( 'NONE', #3986, #508, #4565 ) ;
#4302 = CIRCLE ( 'NONE', #7295, 0.1250000000000003300 ) ;
#4303 = DIRECTION ( 'NONE',  ( 0.0000000000000000000, 1.000000000000000000, -0.0000000000000000000 ) ) ;
#4304 = VECTOR ( 'NONE', #3539, 1000.000000000000000 ) ;
#4305 = DIRECTION ( 'NONE',  ( 0.0000000000000000000, -1.000000000000000000, 0.0000000000000000000 ) ) ;
#4306 = MECHANICAL_DESIGN_GEOMETRIC_PRESENTATION_REPRESENTATION (  '', ( #3130 ), #1619 ) ;
#4307 = SURFACE_STYLE_USAGE ( .BOTH. , #4276 ) ;
#4308 = AXIS2_PLACEMENT_3D ( 'NONE', #255, #1388, #886 ) ;
#4309 = CARTESIAN_POINT ( 'NONE',  ( 1.300000000000000000, 0.0000000000000000000, -1.174999999999999800 ) ) ;
#4310 = ORIENTED_EDGE ( 'NONE', *, *, #7068, .T. ) ;
#4311 = CIRCLE ( 'NONE', #5652, 0.1250000000000001100 ) ;
#4312 = ORIENTED_EDGE ( 'NONE', *, *, #4063, .F. ) ;
#4313 = VECTOR ( 'NONE', #1556, 1000.000000000000000 ) ;
#4314 = ORIENTED_EDGE ( 'NONE', *, *, #2727, .F. ) ;
#4315 = CARTESIAN_POINT ( 'NONE',  ( -0.1250000000000001100, 0.6716990566028308000, -1.999999999999999600 ) ) ;
#4316 = CARTESIAN_POINT ( 'NONE',  ( -0.3749999999999990600, 0.6716990566028308000, 2.000000000000000000 ) ) ;
#4317 = VECTOR ( 'NONE', #6132, 1000.000000000000000 ) ;
#4318 = ORIENTED_EDGE ( 'NONE', *, *, #7397, .T. ) ;
#4319 = ORIENTED_EDGE ( 'NONE', *, *, #5312, .T. ) ;
#4320 = DIRECTION ( 'NONE',  ( -1.000000000000000000, 0.0000000000000000000, 0.0000000000000000000 ) ) ;
#4321 = CIRCLE ( 'NONE', #1149, 0.1250000000000003300 ) ;
#4322 = ORIENTED_EDGE ( 'NONE', *, *, #2538, .F. ) ;
#4323 = CIRCLE ( 'NONE', #1632, 0.1676928858146148900 ) ;
#4324 = CLOSED_SHELL ( 'NONE', ( #2678, #3370, #1845, #4211, #6229, #1240 ) ) ;
#4325 = ADVANCED_FACE ( 'NONE', ( #196 ), #6976, .F. ) ;
#4326 = PLANE ( 'NONE',  #1386 ) ;
#4327 = EDGE_CURVE ( 'NONE', #3403, #6518, #3473, .T. ) ;
#4328 = FACE_OUTER_BOUND ( 'NONE', #5964, .T. ) ;
#4329 = ORIENTED_EDGE ( 'NONE', *, *, #412, .F. ) ;
#4330 = DIRECTION ( 'NONE',  ( 1.000000000000000000, -0.0000000000000000000, -0.0000000000000000000 ) ) ;
#4331 = VERTEX_POINT ( 'NONE', #6409 ) ;
#4332 = LINE ( 'NONE', #6115, #2233 ) ;
#4333 = DIRECTION ( 'NONE',  ( 0.0000000000000000000, -1.000000000000000000, 0.0000000000000000000 ) ) ;
#4334 = ORIENTED_EDGE ( 'NONE', *, *, #1327, .F. ) ;
#4335 = EDGE_LOOP ( 'NONE', ( #954, #5225, #5613, #6618 ) ) ;
#4336 = DIRECTION ( 'NONE',  ( 0.0000000000000000000, -1.000000000000000000, 0.0000000000000000000 ) ) ;
#4337 = VECTOR ( 'NONE', #1903, 1000.000000000000000 ) ;
#4338 = CARTESIAN_POINT ( 'NONE',  ( 1.125000000000000700, 0.6716990566028308000, 1.725000000000001200 ) ) ;
#4339 = EDGE_LOOP ( 'NONE', ( #1207, #4131, #7249, #6481, #6575 ) ) ;
#4340 = ORIENTED_EDGE ( 'NONE', *, *, #702, .F. ) ;
#4341 = ORIENTED_EDGE ( 'NONE', *, *, #3696, .F. ) ;
#4342 = EDGE_CURVE ( 'NONE', #6306, #1867, #5290, .T. ) ;
#4343 = EDGE_CURVE ( 'NONE', #844, #7399, #1548, .T. ) ;
#4344 = DIRECTION ( 'NONE',  ( 1.000000000000000000, -0.0000000000000000000, 1.734723475976802600E-015 ) ) ;
#4345 = EDGE_CURVE ( 'NONE', #3546, #2490, #475, .T. ) ;
#4346 = VECTOR ( 'NONE', #1674, 1000.000000000000000 ) ;
#4347 =( NAMED_UNIT ( * ) PLANE_ANGLE_UNIT ( ) SI_UNIT ( $, .RADIAN. ) );
#4348 = AXIS2_PLACEMENT_3D ( 'NONE', #4854, #4303, #5538 ) ;
#4349 = CARTESIAN_POINT ( 'NONE',  ( -1.725000000000000800, 0.6716990566028315800, 1.124999999999999800 ) ) ;
#4350 = EDGE_LOOP ( 'NONE', ( #3544, #4717, #1502, #2013 ) ) ;
#4351 = CARTESIAN_POINT ( 'NONE',  ( 2.000000000000001800, 0.1999999999999999800, -0.6250000000000003300 ) ) ;
#4352 = DIRECTION ( 'NONE',  ( 3.469446951953614200E-015, 0.0000000000000000000, -1.000000000000000000 ) ) ;
#4353 = AXIS2_PLACEMENT_3D ( 'NONE', #1827, #3019, #4753 ) ;
#4354 = DIRECTION ( 'NONE',  ( 0.0000000000000000000, -0.0000000000000000000, -1.000000000000000000 ) ) ;
#4355 = VERTEX_POINT ( 'NONE', #584 ) ;
#4356 = CARTESIAN_POINT ( 'NONE',  ( -2.000000000000000900, 0.05000000000000000300, 2.000000000000001300 ) ) ;
#4357 = CARTESIAN_POINT ( 'NONE',  ( 0.6250000000000001100, 0.1999999999999999800, -1.725000000000001200 ) ) ;
#4358 =( GEOMETRIC_REPRESENTATION_CONTEXT ( 3 ) GLOBAL_UNCERTAINTY_ASSIGNED_CONTEXT ( ( #3926 ) ) GLOBAL_UNIT_ASSIGNED_CONTEXT ( ( #631, #4616, #2908 ) ) REPRESENTATION_CONTEXT ( 'NONE', 'WORKASPACE' ) );
#4359 = DIRECTION ( 'NONE',  ( 0.0000000000000000000, -1.000000000000000000, 0.0000000000000000000 ) ) ;
#4360 = VECTOR ( 'NONE', #654, 1000.000000000000000 ) ;
#4361 = AXIS2_PLACEMENT_3D ( 'NONE', #4897, #6079, #362 ) ;
#4362 = VERTEX_POINT ( 'NONE', #4648 ) ;
#4363 = DIRECTION ( 'NONE',  ( 3.469446951953614200E-015, 0.0000000000000000000, -1.000000000000000000 ) ) ;
#4364 = VECTOR ( 'NONE', #7262, 1000.000000000000000 ) ;
#4365 = ADVANCED_FACE ( 'NONE', ( #835 ), #3504, .F. ) ;
#4366 = ORIENTED_EDGE ( 'NONE', *, *, #4442, .F. ) ;
#4367 = DIRECTION ( 'NONE',  ( -1.000000000000000000, 0.0000000000000000000, 7.885106708985459500E-016 ) ) ;
#4368 = LINE ( 'NONE', #2113, #1276 ) ;
#4369 = DIRECTION ( 'NONE',  ( -0.0000000000000000000, -1.000000000000000000, -0.0000000000000000000 ) ) ;
#4370 = LINE ( 'NONE', #3599, #5627 ) ;
#4371 = DIRECTION ( 'NONE',  ( -1.000000000000000000, 0.0000000000000000000, 0.0000000000000000000 ) ) ;
#4372 = DIRECTION ( 'NONE',  ( 0.0000000000000000000, -1.000000000000000000, 0.0000000000000000000 ) ) ;
#4373 = ORIENTED_EDGE ( 'NONE', *, *, #2974, .F. ) ;
#4374 = CARTESIAN_POINT ( 'NONE',  ( 1.125000000000000700, 0.1999999999999999800, 1.725000000000001200 ) ) ;
#4375 = LINE ( 'NONE', #3799, #3000 ) ;
#4376 = CARTESIAN_POINT ( 'NONE',  ( -1.299999999999999800, 3.876955262170047600, -1.000000000000000200 ) ) ;
#4377 = VECTOR ( 'NONE', #6327, 1000.000000000000000 ) ;
#4378 = UNCERTAINTY_MEASURE_WITH_UNIT (LENGTH_MEASURE( 1.000000000000000100E-005 ), #163, 'distance_accuracy_value', 'NONE');
#4379 = VECTOR ( 'NONE', #7368, 1000.000000000000000 ) ;
#4380 = EDGE_CURVE ( 'NONE', #6354, #7267, #1368, .T. ) ;
#4381 = EDGE_LOOP ( 'NONE', ( #2873, #4318, #3836, #5483 ) ) ;
#4382 = DIRECTION ( 'NONE',  ( 0.0000000000000000000, 0.0000000000000000000, 1.000000000000000000 ) ) ;
#4383 = DIRECTION ( 'NONE',  ( 1.000000000000000000, 0.0000000000000000000, 0.0000000000000000000 ) ) ;
#4384 = DIRECTION ( 'NONE',  ( 0.0000000000000000000, -1.000000000000000000, 0.0000000000000000000 ) ) ;
#4385 = EDGE_CURVE ( 'NONE', #5491, #6654, #916, .T. ) ;
#4386 = DIRECTION ( 'NONE',  ( 0.0000000000000000000, 0.0000000000000000000, -1.000000000000000000 ) ) ;
#4387 = VECTOR ( 'NONE', #2332, 1000.000000000000000 ) ;
#4388 = AXIS2_PLACEMENT_3D ( 'NONE', #1512, #1461, #6074 ) ;
#4389 = FACE_OUTER_BOUND ( 'NONE', #1963, .T. ) ;
#4390 = VECTOR ( 'NONE', #1231, 1000.000000000000000 ) ;
#4391 = ORIENTED_EDGE ( 'NONE', *, *, #7103, .T. ) ;
#4392 = DIRECTION ( 'NONE',  ( -0.0000000000000000000, -1.000000000000000000, -0.0000000000000000000 ) ) ;
#4393 = VECTOR ( 'NONE', #6693, 1000.000000000000000 ) ;
#4394 = DIRECTION ( 'NONE',  ( 0.0000000000000000000, -1.000000000000000000, 0.0000000000000000000 ) ) ;
#4395 = LINE ( 'NONE', #4136, #4674 ) ;
#4396 = EDGE_CURVE ( 'NONE', #1491, #5025, #5091, .T. ) ;
#4397 = ORIENTED_EDGE ( 'NONE', *, *, #2930, .F. ) ;
#4398 = AXIS2_PLACEMENT_3D ( 'NONE', #6969, #1793, #6421 ) ;
#4399 = DIRECTION ( 'NONE',  ( -0.0000000000000000000, 0.0000000000000000000, -1.000000000000000000 ) ) ;
#4400 = ADVANCED_FACE ( 'NONE', ( #1198 ), #176, .F. ) ;
#4401 = FACE_OUTER_BOUND ( 'NONE', #5919, .T. ) ;
#4402 = DIRECTION ( 'NONE',  ( -1.000000000000000000, 0.0000000000000000000, -1.845450506358306100E-016 ) ) ;
#4403 = STYLED_ITEM ( 'NONE', ( #3591 ), #2095 ) ;
#4404 = AXIS2_PLACEMENT_3D ( 'NONE', #3730, #258, #7075 ) ;
#4405 = ORIENTED_EDGE ( 'NONE', *, *, #4194, .F. ) ;
#4406 = ORIENTED_EDGE ( 'NONE', *, *, #1854, .T. ) ;
#4407 = DIRECTION ( 'NONE',  ( -0.0000000000000000000, -1.000000000000000000, -0.0000000000000000000 ) ) ;
#4408 = CARTESIAN_POINT ( 'NONE',  ( -0.8749999999999994400, 0.2000000000000000100, 1.725000000000001200 ) ) ;
#4409 = CARTESIAN_POINT ( 'NONE',  ( 1.300000000000000000, 0.2000000000000000900, -1.174999999999999800 ) ) ;
#4410 = CARTESIAN_POINT ( 'NONE',  ( -1.725000000000000300, 0.1999999999999999800, -1.000000000000000400 ) ) ;
#4411 = ORIENTED_EDGE ( 'NONE', *, *, #1321, .F. ) ;
#4412 = FACE_OUTER_BOUND ( 'NONE', #5206, .T. ) ;
#4413 = VERTEX_POINT ( 'NONE', #4200 ) ;
#4414 = CARTESIAN_POINT ( 'NONE',  ( 1.725000000000000800, 0.6716990566028315800, -0.3750000000000003300 ) ) ;
#4415 = DIRECTION ( 'NONE',  ( -0.0000000000000000000, -1.000000000000000000, -0.0000000000000000000 ) ) ;
#4416 = FACE_OUTER_BOUND ( 'NONE', #814, .T. ) ;
#4417 = ORIENTED_EDGE ( 'NONE', *, *, #3008, .T. ) ;
#4418 = ORIENTED_EDGE ( 'NONE', *, *, #6857, .F. ) ;
#4419 = LINE ( 'NONE', #2572, #4610 ) ;
#4420 = ORIENTED_EDGE ( 'NONE', *, *, #2304, .T. ) ;
#4421 = SURFACE_SIDE_STYLE ('',( #5395 ) ) ;
#4422 = CARTESIAN_POINT ( 'NONE',  ( 2.000000000000001800, 0.1999999999999999800, -0.1250000000000003900 ) ) ;
#4423 = COLOUR_RGB ( '',0.7921568627450980000, 0.8196078431372548800, 0.9333333333333333500 ) ;
#4424 = VERTEX_POINT ( 'NONE', #4589 ) ;
#4425 = SURFACE_STYLE_USAGE ( .BOTH. , #6163 ) ;
#4426 = ORIENTED_EDGE ( 'NONE', *, *, #6906, .T. ) ;
#4427 = LINE ( 'NONE', #1607, #1798 ) ;
#4428 = ORIENTED_EDGE ( 'NONE', *, *, #2004, .T. ) ;
#4429 = ORIENTED_EDGE ( 'NONE', *, *, #642, .F. ) ;
#4430 = CARTESIAN_POINT ( 'NONE',  ( 1.125000000000000200, 0.1999999999999999800, -1.725000000000001200 ) ) ;
#4431 = EDGE_CURVE ( 'NONE', #5683, #2519, #4656, .T. ) ;
#4432 = DIRECTION ( 'NONE',  ( 0.0000000000000000000, 0.0000000000000000000, -1.000000000000000000 ) ) ;
#4433 = FACE_OUTER_BOUND ( 'NONE', #1344, .T. ) ;
#4434 = EDGE_CURVE ( 'NONE', #440, #4161, #2007, .T. ) ;
#4435 = DIRECTION ( 'NONE',  ( 1.000000000000000000, -0.0000000000000000000, 0.0000000000000000000 ) ) ;
#4436 = ORIENTED_EDGE ( 'NONE', *, *, #2594, .T. ) ;
#4437 = EDGE_LOOP ( 'NONE', ( #1815, #1469, #4978, #6302 ) ) ;
#4438 = EDGE_CURVE ( 'NONE', #6214, #6784, #6151, .T. ) ;
#4439 = VERTEX_POINT ( 'NONE', #5369 ) ;
#4440 = DIRECTION ( 'NONE',  ( 1.577021341797104500E-015, 0.0000000000000000000, -1.000000000000000000 ) ) ;
#4441 = CARTESIAN_POINT ( 'NONE',  ( -0.3749999999999990600, 0.6716990566028308000, 2.000000000000000000 ) ) ;
#4442 = EDGE_CURVE ( 'NONE', #4413, #4004, #23, .T. ) ;
#4443 = ADVANCED_FACE ( 'NONE', ( #1108 ), #5323, .F. ) ;
#4444 = ORIENTED_EDGE ( 'NONE', *, *, #4642, .F. ) ;
#4445 = CARTESIAN_POINT ( 'NONE',  ( 1.174999999999999800, 3.876955262170047600, 1.174999999999999800 ) ) ;
#4446 = ADVANCED_FACE ( 'NONE', ( #4465 ), #3085, .F. ) ;
#4447 = VERTEX_POINT ( 'NONE', #3574 ) ;
#4448 = EDGE_CURVE ( 'NONE', #7326, #2159, #3368, .T. ) ;
#4449 = EDGE_CURVE ( 'NONE', #7045, #2573, #7044, .T. ) ;
#4450 = DIRECTION ( 'NONE',  ( -0.0000000000000000000, -1.000000000000000000, -0.0000000000000000000 ) ) ;
#4451 = ORIENTED_EDGE ( 'NONE', *, *, #4975, .F. ) ;
#4452 = AXIS2_PLACEMENT_3D ( 'NONE', #2293, #6279, #1694 ) ;
#4453 = DIRECTION ( 'NONE',  ( 3.469446951953614200E-015, 0.0000000000000000000, -1.000000000000000000 ) ) ;
#4454 = SURFACE_STYLE_FILL_AREA ( #4011 ) ;
#4455 = CARTESIAN_POINT ( 'NONE',  ( -1.725000000000000800, 0.1999999999999999800, 0.3749999999999994400 ) ) ;
#4456 = ORIENTED_EDGE ( 'NONE', *, *, #1031, .F. ) ;
#4457 = PRODUCT_DEFINITION_FORMATION_WITH_SPECIFIED_SOURCE ( 'ANY', '', #1980, .NOT_KNOWN. ) ;
#4458 = DIRECTION ( 'NONE',  ( 0.0000000000000000000, 1.000000000000000000, 0.0000000000000000000 ) ) ;
#4459 = DIRECTION ( 'NONE',  ( -0.0000000000000000000, -1.000000000000000000, -0.0000000000000000000 ) ) ;
#4460 = SURFACE_SIDE_STYLE ('',( #6351 ) ) ;
#4461 = LINE ( 'NONE', #786, #7298 ) ;
#4462 = STYLED_ITEM ( 'NONE', ( #6338 ), #5131 ) ;
#4463 =( LENGTH_UNIT ( ) NAMED_UNIT ( * ) SI_UNIT ( .MILLI., .METRE. ) );
#4464 = CARTESIAN_POINT ( 'NONE',  ( 1.725000000000000800, 0.1999999999999999800, -0.3750000000000003300 ) ) ;
#4465 = FACE_OUTER_BOUND ( 'NONE', #7315, .T. ) ;
#4466 = ORIENTED_EDGE ( 'NONE', *, *, #1142, .F. ) ;
#4467 = FACE_OUTER_BOUND ( 'NONE', #836, .T. ) ;
#4468 = CARTESIAN_POINT ( 'NONE',  ( 0.1250000000000005600, 0.0000000000000000000, -2.000000000000000000 ) ) ;
#4469 = CARTESIAN_POINT ( 'NONE',  ( 1.175000000000000000, 0.0000000000000000000, -1.299999999999999800 ) ) ;
#4470 = PLANE ( 'NONE',  #6943 ) ;
#4471 = DIRECTION ( 'NONE',  ( -3.469446951953614200E-015, 0.0000000000000000000, 1.000000000000000000 ) ) ;
#4472 = LINE ( 'NONE', #2025, #3379 ) ;
#4473 = ORIENTED_EDGE ( 'NONE', *, *, #3213, .T. ) ;
#4474 = ORIENTED_EDGE ( 'NONE', *, *, #58, .T. ) ;
#4475 = EDGE_CURVE ( 'NONE', #6784, #5040, #2090, .T. ) ;
#4476 = CIRCLE ( 'NONE', #1820, 0.1250000000000003300 ) ;
#4477 = DIRECTION ( 'NONE',  ( 0.0000000000000000000, -0.0000000000000000000, 1.000000000000000000 ) ) ;
#4478 = ADVANCED_FACE ( 'NONE', ( #3275 ), #4760, .F. ) ;
#4479 = LINE ( 'NONE', #2137, #6262 ) ;
#4480 = DIRECTION ( 'NONE',  ( -0.0000000000000000000, -1.000000000000000000, -0.0000000000000000000 ) ) ;
#4481 = ADVANCED_FACE ( 'NONE', ( #6867 ), #5391, .T. ) ;
#4482 = VECTOR ( 'NONE', #4667, 1000.000000000000000 ) ;
#4483 = ORIENTED_EDGE ( 'NONE', *, *, #7019, .T. ) ;
#4484 = DIRECTION ( 'NONE',  ( 0.0000000000000000000, 0.0000000000000000000, 1.000000000000000000 ) ) ;
#4485 = DIRECTION ( 'NONE',  ( 1.000000000000000000, 0.0000000000000000000, 0.0000000000000000000 ) ) ;
#4486 = CARTESIAN_POINT ( 'NONE',  ( 1.725000000000000300, 0.0000000000000000000, 0.9999999999999997800 ) ) ;
#4487 =( NAMED_UNIT ( * ) SI_UNIT ( $, .STERADIAN. ) SOLID_ANGLE_UNIT ( ) );
#4488 = VECTOR ( 'NONE', #3969, 1000.000000000000000 ) ;
#4489 = EDGE_CURVE ( 'NONE', #145, #1676, #5372, .T. ) ;
#4490 = CARTESIAN_POINT ( 'NONE',  ( -2.000000000000001800, 0.04999999999999969700, -0.6250000000000003300 ) ) ;
#4491 = CARTESIAN_POINT ( 'NONE',  ( 2.000000000000000900, 0.1999999999999999800, -0.8750000000000003300 ) ) ;
#4492 = DIRECTION ( 'NONE',  ( 0.0000000000000000000, 0.0000000000000000000, -1.000000000000000000 ) ) ;
#4493 = EDGE_CURVE ( 'NONE', #5579, #2161, #742, .T. ) ;
#4494 = ORIENTED_EDGE ( 'NONE', *, *, #2144, .F. ) ;
#4495 = STYLED_ITEM ( 'NONE', ( #6736 ), #1641 ) ;
#4496 = LINE ( 'NONE', #5873, #6269 ) ;
#4497 = DIRECTION ( 'NONE',  ( -7.885106708985459500E-016, 0.0000000000000000000, 1.000000000000000000 ) ) ;
#4498 = ORIENTED_EDGE ( 'NONE', *, *, #1728, .F. ) ;
#4499 = CYLINDRICAL_SURFACE ( 'NONE', #7255, 0.1250000000000001100 ) ;
#4500 = ORIENTED_EDGE ( 'NONE', *, *, #2250, .F. ) ;
#4501 = DIRECTION ( 'NONE',  ( 0.0000000000000000000, -0.0000000000000000000, 1.000000000000000000 ) ) ;
#4502 = ORIENTED_EDGE ( 'NONE', *, *, #2139, .T. ) ;
#4503 = CARTESIAN_POINT ( 'NONE',  ( -0.1250000000000001100, 0.04999999999999969700, -1.999999999999999600 ) ) ;
#4504 = FACE_OUTER_BOUND ( 'NONE', #1157, .T. ) ;
#4505 = ORIENTED_EDGE ( 'NONE', *, *, #656, .T. ) ;
#4506 = CIRCLE ( 'NONE', #5982, 0.1250000000000003300 ) ;
#4507 = AXIS2_PLACEMENT_3D ( 'NONE', #4269, #1919, #4286 ) ;
#4508 = ORIENTED_EDGE ( 'NONE', *, *, #2251, .F. ) ;
#4509 = PLANE ( 'NONE',  #4847 ) ;
#4510 = AXIS2_PLACEMENT_3D ( 'NONE', #7026, #3593, #148 ) ;
#4511 = VECTOR ( 'NONE', #1450, 1000.000000000000000 ) ;
#4512 = DIRECTION ( 'NONE',  ( 7.885106708985459500E-016, -0.0000000000000000000, 1.000000000000000000 ) ) ;
#4513 = VERTEX_POINT ( 'NONE', #4134 ) ;
#4514 = CARTESIAN_POINT ( 'NONE',  ( -2.000000000000000900, 0.0000000000000000000, 0.1249999999999996800 ) ) ;
#4515 = ORIENTED_EDGE ( 'NONE', *, *, #7239, .T. ) ;
#4516 = DIRECTION ( 'NONE',  ( 0.0000000000000000000, 0.0000000000000000000, -1.000000000000000000 ) ) ;
#4517 = LINE ( 'NONE', #5212, #6920 ) ;
#4518 = DIRECTION ( 'NONE',  ( 1.000000000000000000, 0.0000000000000000000, 7.885106708985459500E-016 ) ) ;
#4519 = CARTESIAN_POINT ( 'NONE',  ( -1.725000000000000300, 0.0000000000000000000, -0.5000000000000004400 ) ) ;
#4520 = ORIENTED_EDGE ( 'NONE', *, *, #1756, .F. ) ;
#4521 = ORIENTED_EDGE ( 'NONE', *, *, #752, .F. ) ;
#4522 = FACE_OUTER_BOUND ( 'NONE', #5141, .T. ) ;
#4523 = ORIENTED_EDGE ( 'NONE', *, *, #1572, .F. ) ;
#4524 = ORIENTED_EDGE ( 'NONE', *, *, #6340, .T. ) ;
#4525 = DIRECTION ( 'NONE',  ( -0.0000000000000000000, -1.000000000000000000, -0.0000000000000000000 ) ) ;
#4526 = ADVANCED_FACE ( 'NONE', ( #4911 ), #2986, .F. ) ;
#4527 = ADVANCED_FACE ( 'NONE', ( #387 ), #1911, .F. ) ;
#4528 = DIRECTION ( 'NONE',  ( 0.0000000000000000000, 1.000000000000000000, 0.0000000000000000000 ) ) ;
#4529 = EDGE_LOOP ( 'NONE', ( #4322, #175, #123, #3610, #1316 ) ) ;
#4530 = ORIENTED_EDGE ( 'NONE', *, *, #3845, .F. ) ;
#4531 = DIRECTION ( 'NONE',  ( -0.0000000000000000000, -1.000000000000000000, -0.0000000000000000000 ) ) ;
#4532 = ORIENTED_EDGE ( 'NONE', *, *, #4682, .T. ) ;
#4533 = ORIENTED_EDGE ( 'NONE', *, *, #3522, .F. ) ;
#4534 = VERTEX_POINT ( 'NONE', #6544 ) ;
#4535 = VERTEX_POINT ( 'NONE', #1436 ) ;
#4536 = EDGE_CURVE ( 'NONE', #4885, #5758, #6336, .T. ) ;
#4537 = DIRECTION ( 'NONE',  ( 0.0000000000000000000, -0.0000000000000000000, -1.000000000000000000 ) ) ;
#4538 = EDGE_CURVE ( 'NONE', #2501, #5514, #6682, .T. ) ;
#4539 = DIRECTION ( 'NONE',  ( -1.000000000000000000, 0.0000000000000000000, -1.577021341797104700E-015 ) ) ;
#4540 = DIRECTION ( 'NONE',  ( -1.577021341797104500E-015, 0.0000000000000000000, 1.000000000000000000 ) ) ;
#4541 = AXIS2_PLACEMENT_3D ( 'NONE', #563, #1730, #468 ) ;
#4542 = ORIENTED_EDGE ( 'NONE', *, *, #3213, .F. ) ;
#4543 = DIRECTION ( 'NONE',  ( -0.0000000000000000000, -1.000000000000000000, -0.0000000000000000000 ) ) ;
#4544 = CARTESIAN_POINT ( 'NONE',  ( -0.8749999999999994400, 0.0000000000000000000, 1.725000000000001200 ) ) ;
#4545 = PLANE ( 'NONE',  #6680 ) ;
#4546 = DIRECTION ( 'NONE',  ( -1.000000000000000000, 0.0000000000000000000, -0.0000000000000000000 ) ) ;
#4547 =( LENGTH_UNIT ( ) NAMED_UNIT ( * ) SI_UNIT ( .MILLI., .METRE. ) );
#4548 = ORIENTED_EDGE ( 'NONE', *, *, #782, .F. ) ;
#4549 = EDGE_CURVE ( 'NONE', #75, #7265, #567, .T. ) ;
#4550 = PLANE ( 'NONE',  #6549 ) ;
#4551 = DIRECTION ( 'NONE',  ( 0.0000000000000000000, 0.0000000000000000000, -1.000000000000000000 ) ) ;
#4552 = AXIS2_PLACEMENT_3D ( 'NONE', #3865, #4480, #3277 ) ;
#4553 = ORIENTED_EDGE ( 'NONE', *, *, #5494, .F. ) ;
#4554 = LINE ( 'NONE', #3924, #3382 ) ;
#4555 = ADVANCED_FACE ( 'NONE', ( #1746 ), #2039, .T. ) ;
#4556 = CARTESIAN_POINT ( 'NONE',  ( -1.174999999999999400, 0.2000000000000000900, -1.300000000000000300 ) ) ;
#4557 = LINE ( 'NONE', #5447, #1103 ) ;
#4558 = ADVANCED_FACE ( 'NONE', ( #5367 ), #5486, .T. ) ;
#4559 = CARTESIAN_POINT ( 'NONE',  ( -1.174999999999999400, 0.05000000000000012800, -1.300000000000000300 ) ) ;
#4560 = CARTESIAN_POINT ( 'NONE',  ( 1.125000000000000700, 0.2000000000000000100, 1.725000000000001200 ) ) ;
#4561 = VECTOR ( 'NONE', #3824, 1000.000000000000000 ) ;
#4562 = ORIENTED_EDGE ( 'NONE', *, *, #7335, .F. ) ;
#4563 = CIRCLE ( 'NONE', #4934, 0.1250000000000001100 ) ;
#4564 = DIRECTION ( 'NONE',  ( -1.000000000000000000, 0.0000000000000000000, -1.845450506358306100E-016 ) ) ;
#4565 = DIRECTION ( 'NONE',  ( 1.000000000000000000, 0.0000000000000000000, 1.845450506358306100E-016 ) ) ;
#4566 = DIRECTION ( 'NONE',  ( 3.469446951953614200E-015, -0.0000000000000000000, 1.000000000000000000 ) ) ;
#4567 = DIRECTION ( 'NONE',  ( 1.000000000000000000, 0.0000000000000000000, 7.885106708985459500E-016 ) ) ;
#4568 = LINE ( 'NONE', #1051, #120 ) ;
#4569 =( NAMED_UNIT ( * ) PLANE_ANGLE_UNIT ( ) SI_UNIT ( $, .RADIAN. ) );
#4570 = LINE ( 'NONE', #1300, #2468 ) ;
#4571 = ORIENTED_EDGE ( 'NONE', *, *, #1464, .T. ) ;
#4572 = CARTESIAN_POINT ( 'NONE',  ( -0.5000000000000000000, 0.0000000000000000000, 1.725000000000001000 ) ) ;
#4573 = CIRCLE ( 'NONE', #2896, 0.1250000000000003300 ) ;
#4574 = LINE ( 'NONE', #2352, #1930 ) ;
#4576 = EDGE_CURVE ( 'NONE', #650, #2620, #7411, .T. ) ;
#4575 = DIRECTION ( 'NONE',  ( 0.0000000000000000000, 1.000000000000000000, 0.0000000000000000000 ) ) ;
#4577 = EDGE_LOOP ( 'NONE', ( #3855, #2991, #1498, #4473 ) ) ;
#4578 = LINE ( 'NONE', #2381, #41 ) ;
#4579 = CARTESIAN_POINT ( 'NONE',  ( 1.725000000000000300, 0.0000000000000000000, -0.5000000000000002200 ) ) ;
#4580 = EDGE_CURVE ( 'NONE', #1635, #7045, #5543, .T. ) ;
#4581 = ORIENTED_EDGE ( 'NONE', *, *, #309, .T. ) ;
#4582 = DIRECTION ( 'NONE',  ( 0.0000000000000000000, 0.0000000000000000000, -1.000000000000000000 ) ) ;
#4583 = ORIENTED_EDGE ( 'NONE', *, *, #5404, .T. ) ;
#4584 = CARTESIAN_POINT ( 'NONE',  ( -0.8749999999999990000, 0.6716990566028308000, 2.000000000000000000 ) ) ;
#4585 = EDGE_CURVE ( 'NONE', #1597, #2501, #4743, .T. ) ;
#4586 = DIRECTION ( 'NONE',  ( -0.0000000000000000000, 1.000000000000000000, -0.0000000000000000000 ) ) ;
#4587 = DIRECTION ( 'NONE',  ( -0.0000000000000000000, -1.000000000000000000, -0.0000000000000000000 ) ) ;
#4588 = VERTEX_POINT ( 'NONE', #6572 ) ;
#4589 = CARTESIAN_POINT ( 'NONE',  ( -1.125000000000000400, 0.0000000000000000000, -1.725000000000000800 ) ) ;
#4590 = EDGE_CURVE ( 'NONE', #1532, #535, #5896, .T. ) ;
#4591 = DIRECTION ( 'NONE',  ( 0.0000000000000000000, 1.000000000000000000, 0.0000000000000000000 ) ) ;
#4592 = LINE ( 'NONE', #4933, #2492 ) ;
#4593 = EDGE_LOOP ( 'NONE', ( #4710, #5150, #5955, #3974 ) ) ;
#4594 = EDGE_CURVE ( 'NONE', #6396, #5924, #6605, .T. ) ;
#4595 = AXIS2_PLACEMENT_3D ( 'NONE', #583, #4034, #6308 ) ;
#4596 = ADVANCED_FACE ( 'NONE', ( #6237 ), #192, .F. ) ;
#4597 = PLANE ( 'NONE',  #2822 ) ;
#4598 =( NAMED_UNIT ( * ) SI_UNIT ( $, .STERADIAN. ) SOLID_ANGLE_UNIT ( ) );
#4599 = ADVANCED_FACE ( 'NONE', ( #118 ), #4326, .F. ) ;
#4600 = VECTOR ( 'NONE', #3510, 1000.000000000000000 ) ;
#4601 = VERTEX_POINT ( 'NONE', #1376 ) ;
#4602 = DIRECTION ( 'NONE',  ( 0.0000000000000000000, 1.000000000000000000, 0.0000000000000000000 ) ) ;
#4603 = ORIENTED_EDGE ( 'NONE', *, *, #4434, .F. ) ;
#4604 = DIRECTION ( 'NONE',  ( -1.000000000000000000, 0.0000000000000000000, 1.734723475976802600E-015 ) ) ;
#4605 = VECTOR ( 'NONE', #870, 1000.000000000000000 ) ;
#4606 = AXIS2_PLACEMENT_3D ( 'NONE', #5325, #5370, #80 ) ;
#4607 = EDGE_LOOP ( 'NONE', ( #3714, #6617, #3432, #6533 ) ) ;
#4608 = CARTESIAN_POINT ( 'NONE',  ( 1.725000000000000800, 0.6716990566028315800, -0.8750000000000003300 ) ) ;
#4609 = VERTEX_POINT ( 'NONE', #857 ) ;
#4610 = VECTOR ( 'NONE', #6050, 1000.000000000000000 ) ;
#4611 = ORIENTED_EDGE ( 'NONE', *, *, #5456, .T. ) ;
#4612 = DIRECTION ( 'NONE',  ( -1.000000000000000000, 0.0000000000000000000, 1.734723475976802600E-015 ) ) ;
#4613 = AXIS2_PLACEMENT_3D ( 'NONE', #1271, #5892, #2440 ) ;
#4614 = CARTESIAN_POINT ( 'NONE',  ( -0.8749999999999998900, 0.6716990566028308000, -1.725000000000001200 ) ) ;
#4615 = FACE_OUTER_BOUND ( 'NONE', #6049, .T. ) ;
#4616 =( NAMED_UNIT ( * ) PLANE_ANGLE_UNIT ( ) SI_UNIT ( $, .RADIAN. ) );
#4617 = CARTESIAN_POINT ( 'NONE',  ( 0.1250000000000003300, 0.2000000000000000100, 1.725000000000001200 ) ) ;
#4618 = ORIENTED_EDGE ( 'NONE', *, *, #6591, .T. ) ;
#4619 = ORIENTED_EDGE ( 'NONE', *, *, #7000, .T. ) ;
#4620 = VECTOR ( 'NONE', #852, 1000.000000000000000 ) ;
#4621 = ORIENTED_EDGE ( 'NONE', *, *, #4438, .F. ) ;
#4622 = EDGE_LOOP ( 'NONE', ( #1785, #2076, #4090, #7104 ) ) ;
#4623 = DIRECTION ( 'NONE',  ( -0.0000000000000000000, -1.000000000000000000, -0.0000000000000000000 ) ) ;
#4624 = DIRECTION ( 'NONE',  ( 0.0000000000000000000, 0.0000000000000000000, -1.000000000000000000 ) ) ;
#4625 = DIRECTION ( 'NONE',  ( 0.0000000000000000000, 1.000000000000000000, 0.0000000000000000000 ) ) ;
#4626 = DIRECTION ( 'NONE',  ( 0.0000000000000000000, 0.0000000000000000000, -1.000000000000000000 ) ) ;
#4627 = FACE_OUTER_BOUND ( 'NONE', #2123, .T. ) ;
#4628 = ORIENTED_EDGE ( 'NONE', *, *, #4639, .T. ) ;
#4629 = VERTEX_POINT ( 'NONE', #6026 ) ;
#4630 = DIRECTION ( 'NONE',  ( -3.469446951953614200E-015, 0.0000000000000000000, -1.000000000000000000 ) ) ;
#4631 = DIRECTION ( 'NONE',  ( -3.469446951953614200E-015, 0.0000000000000000000, -1.000000000000000000 ) ) ;
#4632 = EDGE_LOOP ( 'NONE', ( #4657, #3705, #5609, #6565 ) ) ;
#4633 = DIRECTION ( 'NONE',  ( 0.0000000000000000000, 0.0000000000000000000, 1.000000000000000000 ) ) ;
#4634 = ORIENTED_EDGE ( 'NONE', *, *, #752, .T. ) ;
#4635 = DIRECTION ( 'NONE',  ( 1.577021341797104500E-015, 0.0000000000000000000, -1.000000000000000000 ) ) ;
#4636 = DIRECTION ( 'NONE',  ( 0.0000000000000000000, 1.000000000000000000, 0.0000000000000000000 ) ) ;
#4637 = DIRECTION ( 'NONE',  ( -0.0000000000000000000, -1.000000000000000000, -0.0000000000000000000 ) ) ;
#4638 = ADVANCED_FACE ( 'NONE', ( #4186 ), #3198, .F. ) ;
#4639 = EDGE_CURVE ( 'NONE', #5317, #5631, #6246, .T. ) ;
#4640 = ORIENTED_EDGE ( 'NONE', *, *, #1429, .F. ) ;
#4641 = CARTESIAN_POINT ( 'NONE',  ( -1.611480854806852200, 0.6999999999999999600, -1.611480854806850400 ) ) ;
#4642 = EDGE_CURVE ( 'NONE', #6986, #3885, #4014, .T. ) ;
#4643 = LINE ( 'NONE', #6379, #1264 ) ;
#4644 = AXIS2_PLACEMENT_3D ( 'NONE', #3912, #2120, #6136 ) ;
#4645 = DIRECTION ( 'NONE',  ( 1.577021341797104500E-015, 0.0000000000000000000, -1.000000000000000000 ) ) ;
#4646 = EDGE_LOOP ( 'NONE', ( #5537, #767, #4827, #7006 ) ) ;
#4647 = DIRECTION ( 'NONE',  ( -1.000000000000000000, 0.0000000000000000000, -0.0000000000000000000 ) ) ;
#4648 = CARTESIAN_POINT ( 'NONE',  ( 0.6250000000000012200, 0.1999999999999996500, 2.000000000000000900 ) ) ;
#4649 = CARTESIAN_POINT ( 'NONE',  ( 2.000000000000001800, 0.6716990566028315800, 0.8749999999999996700 ) ) ;
#4650 = VECTOR ( 'NONE', #1396, 1000.000000000000000 ) ;
#4651 = DIRECTION ( 'NONE',  ( 0.0000000000000000000, 1.000000000000000000, 0.0000000000000000000 ) ) ;
#4652 = CARTESIAN_POINT ( 'NONE',  ( 1.725000000000000800, 0.1999999999999999800, -0.8750000000000003300 ) ) ;
#4653 = EDGE_CURVE ( 'NONE', #6211, #5453, #6675, .T. ) ;
#4654 = PRESENTATION_LAYER_ASSIGNMENT (  '', '', ( #2690 ) ) ;
#4655 = CARTESIAN_POINT ( 'NONE',  ( 1.300000000000000000, 3.876955262170047600, -1.174999999999999800 ) ) ;
#4656 = LINE ( 'NONE', #3058, #2180 ) ;
#4657 = ORIENTED_EDGE ( 'NONE', *, *, #2774, .F. ) ;
#4658 = LINE ( 'NONE', #5191, #7308 ) ;
#4659 = LINE ( 'NONE', #7263, #4118 ) ;
#4660 = ORIENTED_EDGE ( 'NONE', *, *, #6963, .F. ) ;
#4661 = EDGE_LOOP ( 'NONE', ( #1622, #5484, #5310, #2809 ) ) ;
#4662 = DIRECTION ( 'NONE',  ( 0.0000000000000000000, 0.0000000000000000000, -1.000000000000000000 ) ) ;
#4663 = CARTESIAN_POINT ( 'NONE',  ( -2.000000000000000900, 0.1999999999999996500, -0.8750000000000003300 ) ) ;
#4664 = COLOUR_RGB ( '',0.7921568627450980000, 0.8196078431372548800, 0.9333333333333333500 ) ;
#4665 = LINE ( 'NONE', #4181, #7228 ) ;
#4666 = VECTOR ( 'NONE', #5790, 1000.000000000000000 ) ;
#4667 = DIRECTION ( 'NONE',  ( 0.0000000000000000000, -1.000000000000000000, 0.0000000000000000000 ) ) ;
#4668 = ORIENTED_EDGE ( 'NONE', *, *, #1017, .T. ) ;
#4669 = CARTESIAN_POINT ( 'NONE',  ( 1.125000000000000900, 0.1999999999999999800, 2.000000000000000000 ) ) ;
#4670 = CARTESIAN_POINT ( 'NONE',  ( -1.000000000000000000, 0.2000000000000000100, 1.725000000000001000 ) ) ;
#4671 = DIRECTION ( 'NONE',  ( 0.0000000000000000000, 0.0000000000000000000, 1.000000000000000000 ) ) ;
#4672 = VECTOR ( 'NONE', #5077, 1000.000000000000000 ) ;
#4673 = CARTESIAN_POINT ( 'NONE',  ( 0.5000000000000000000, 0.04999999999999999600, 1.725000000000001000 ) ) ;
#4674 = VECTOR ( 'NONE', #2990, 1000.000000000000000 ) ;
#4675 = DIRECTION ( 'NONE',  ( 0.0000000000000000000, -0.0000000000000000000, 1.000000000000000000 ) ) ;
#4676 = ORIENTED_EDGE ( 'NONE', *, *, #1756, .T. ) ;
#4677 = FACE_OUTER_BOUND ( 'NONE', #1789, .T. ) ;
#4678 = EDGE_CURVE ( 'NONE', #4681, #2226, #2636, .T. ) ;
#4679 = VERTEX_POINT ( 'NONE', #5614 ) ;
#4680 = CIRCLE ( 'NONE', #2789, 0.1250000000000003300 ) ;
#4681 = VERTEX_POINT ( 'NONE', #7280 ) ;
#4682 = EDGE_CURVE ( 'NONE', #947, #6802, #4563, .T. ) ;
#4683 = CARTESIAN_POINT ( 'NONE',  ( 1.725000000000000800, 0.05000000000000002400, 0.1249999999999996800 ) ) ;
#4684 = EDGE_CURVE ( 'NONE', #4925, #5514, #2272, .T. ) ;
#4685 = VECTOR ( 'NONE', #3316, 1000.000000000000000 ) ;
#4686 = DIRECTION ( 'NONE',  ( -0.0000000000000000000, -1.000000000000000000, -0.0000000000000000000 ) ) ;
#4687 = ORIENTED_EDGE ( 'NONE', *, *, #6002, .F. ) ;
#4688 = APPLICATION_CONTEXT ( 'automotive_design' ) ;
#4689 = FACE_OUTER_BOUND ( 'NONE', #509, .T. ) ;
#4690 = EDGE_LOOP ( 'NONE', ( #4141, #2911, #1061, #524 ) ) ;
#4691 = EDGE_CURVE ( 'NONE', #1901, #5009, #2456, .T. ) ;
#4692 =( LENGTH_UNIT ( ) NAMED_UNIT ( * ) SI_UNIT ( .MILLI., .METRE. ) );
#4693 = LINE ( 'NONE', #478, #5140 ) ;
#4694 = CARTESIAN_POINT ( 'NONE',  ( -1.000000000000000000, 0.2000000000000000100, -1.725000000000000100 ) ) ;
#4695 = EDGE_CURVE ( 'NONE', #2969, #6986, #4375, .T. ) ;
#4696 = EDGE_CURVE ( 'NONE', #1626, #6306, #4922, .T. ) ;
#4697 = ORIENTED_EDGE ( 'NONE', *, *, #2972, .T. ) ;
#4698 = VECTOR ( 'NONE', #4845, 1000.000000000000000 ) ;
#4699 = AXIS2_PLACEMENT_3D ( 'NONE', #6816, #4624, #4647 ) ;
#4700 = VERTEX_POINT ( 'NONE', #1550 ) ;
#4701 = DIRECTION ( 'NONE',  ( -0.0000000000000000000, -1.000000000000000000, -0.0000000000000000000 ) ) ;
#4702 = AXIS2_PLACEMENT_3D ( 'NONE', #6635, #373, #7278 ) ;
#4703 = AXIS2_PLACEMENT_3D ( 'NONE', #1515, #5067, #5570 ) ;
#4704 = CIRCLE ( 'NONE', #6253, 0.1250000000000003300 ) ;
#4705 = ORIENTED_EDGE ( 'NONE', *, *, #6235, .F. ) ;
#4706 = DIRECTION ( 'NONE',  ( 0.0000000000000000000, 1.000000000000000000, -0.0000000000000000000 ) ) ;
#4707 = ORIENTED_EDGE ( 'NONE', *, *, #5102, .F. ) ;
#4708 = VECTOR ( 'NONE', #3547, 1000.000000000000000 ) ;
#4709 = VERTEX_POINT ( 'NONE', #4455 ) ;
#4710 = ORIENTED_EDGE ( 'NONE', *, *, #6715, .T. ) ;
#4711 = DIRECTION ( 'NONE',  ( 0.0000000000000000000, -0.0000000000000000000, -1.000000000000000000 ) ) ;
#4712 = CARTESIAN_POINT ( 'NONE',  ( 1.000000000000000000, 0.0000000000000000000, -1.725000000000000100 ) ) ;
#4713 = ORIENTED_EDGE ( 'NONE', *, *, #3955, .T. ) ;
#4714 = ORIENTED_EDGE ( 'NONE', *, *, #1895, .T. ) ;
#4715 = EDGE_LOOP ( 'NONE', ( #7294, #242, #3644, #4971 ) ) ;
#4716 = ADVANCED_FACE ( 'NONE', ( #5099 ), #4956, .F. ) ;
#4717 = ORIENTED_EDGE ( 'NONE', *, *, #644, .F. ) ;
#4718 = DIRECTION ( 'NONE',  ( 0.0000000000000000000, 0.0000000000000000000, 1.000000000000000000 ) ) ;
#4719 = VERTEX_POINT ( 'NONE', #6742 ) ;
#4720 = ORIENTED_EDGE ( 'NONE', *, *, #4287, .F. ) ;
#4721 = CARTESIAN_POINT ( 'NONE',  ( -1.125000000000000200, 0.6716990566028308000, -1.999999999999999600 ) ) ;
#4722 = CARTESIAN_POINT ( 'NONE',  ( -0.6250000000000001100, 0.1999999999999999800, 1.725000000000001200 ) ) ;
#4723 = CARTESIAN_POINT ( 'NONE',  ( -1.124999999999999800, 0.0000000000000000000, 1.999999999999999600 ) ) ;
#4724 = ORIENTED_EDGE ( 'NONE', *, *, #6581, .F. ) ;
#4725 = EDGE_CURVE ( 'NONE', #4424, #5692, #2825, .T. ) ;
#4726 = DIRECTION ( 'NONE',  ( 0.0000000000000000000, 0.0000000000000000000, -1.000000000000000000 ) ) ;
#4727 = VECTOR ( 'NONE', #329, 1000.000000000000000 ) ;
#4728 = ORIENTED_EDGE ( 'NONE', *, *, #986, .T. ) ;
#4729 = CARTESIAN_POINT ( 'NONE',  ( 1.174999999999999800, 0.0000000000000000000, 1.300000000000000300 ) ) ;
#4730 = CIRCLE ( 'NONE', #1191, 0.1250000000000003300 ) ;
#4731 = EDGE_CURVE ( 'NONE', #1408, #5008, #5190, .T. ) ;
#4732 = DIRECTION ( 'NONE',  ( 0.0000000000000000000, 0.0000000000000000000, -1.000000000000000000 ) ) ;
#4733 = ORIENTED_EDGE ( 'NONE', *, *, #3324, .F. ) ;
#4734 = EDGE_CURVE ( 'NONE', #6654, #1015, #7218, .T. ) ;
#4735 = STYLED_ITEM ( 'NONE', ( #5163 ), #1180 ) ;
#4736 = VECTOR ( 'NONE', #3818, 1000.000000000000000 ) ;
#4737 = CARTESIAN_POINT ( 'NONE',  ( 1.125000000000000900, 0.0000000000000000000, 2.000000000000000000 ) ) ;
#4738 = DIRECTION ( 'NONE',  ( -1.000000000000000000, 0.0000000000000000000, 7.885106708985459500E-016 ) ) ;
#4739 = DIRECTION ( 'NONE',  ( -0.0000000000000000000, -1.000000000000000000, -0.0000000000000000000 ) ) ;
#4740 = ADVANCED_FACE ( 'NONE', ( #4193 ), #1101, .F. ) ;
#4741 = VECTOR ( 'NONE', #888, 1000.000000000000000 ) ;
#4742 = VERTEX_POINT ( 'NONE', #2078 ) ;
#4743 = LINE ( 'NONE', #277, #5717 ) ;
#4744 = MECHANICAL_DESIGN_GEOMETRIC_PRESENTATION_REPRESENTATION (  '', ( #87 ), #4843 ) ;
#4745 = LINE ( 'NONE', #3339, #2020 ) ;
#4746 = LINE ( 'NONE', #5968, #2199 ) ;
#4747 = EDGE_LOOP ( 'NONE', ( #4524, #4888, #3888, #4884 ) ) ;
#4748 = ADVANCED_FACE ( 'NONE', ( #5888 ), #3638, .F. ) ;
#4749 = DIRECTION ( 'NONE',  ( 0.0000000000000000000, -1.000000000000000000, 0.0000000000000000000 ) ) ;
#4750 = DIRECTION ( 'NONE',  ( -1.000000000000000000, 0.0000000000000000000, -1.577021341797104700E-015 ) ) ;
#4751 = VECTOR ( 'NONE', #1974, 1000.000000000000000 ) ;
#4752 = CARTESIAN_POINT ( 'NONE',  ( -1.725000000000000800, 0.0000000000000000000, 0.6249999999999996700 ) ) ;
#4753 = DIRECTION ( 'NONE',  ( 0.0000000000000000000, 0.0000000000000000000, -1.000000000000000000 ) ) ;
#4754 = LINE ( 'NONE', #4721, #7230 ) ;
#4755 = DIRECTION ( 'NONE',  ( -1.000000000000000000, 0.0000000000000000000, -0.0000000000000000000 ) ) ;
#4756 = ORIENTED_EDGE ( 'NONE', *, *, #4145, .T. ) ;
#4757 = VECTOR ( 'NONE', #5244, 1000.000000000000000 ) ;
#4758 = CARTESIAN_POINT ( 'NONE',  ( 0.0000000000000000000, 0.0000000000000000000, -1.725000000000000100 ) ) ;
#4759 = VERTEX_POINT ( 'NONE', #2696 ) ;
#4760 = PLANE ( 'NONE',  #5929 ) ;
#4761 = ORIENTED_EDGE ( 'NONE', *, *, #7329, .T. ) ;
#4762 = DIRECTION ( 'NONE',  ( 0.0000000000000000000, -1.000000000000000000, 0.0000000000000000000 ) ) ;
#4763 = ORIENTED_EDGE ( 'NONE', *, *, #254, .T. ) ;
#4764 = DIRECTION ( 'NONE',  ( 0.0000000000000000000, -1.000000000000000000, 0.0000000000000000000 ) ) ;
#4765 = VECTOR ( 'NONE', #3996, 1000.000000000000000 ) ;
#4766 = VERTEX_POINT ( 'NONE', #1507 ) ;
#4767 = FACE_OUTER_BOUND ( 'NONE', #6869, .T. ) ;
#4768 = ORIENTED_EDGE ( 'NONE', *, *, #4653, .T. ) ;
#4769 = SURFACE_STYLE_USAGE ( .BOTH. , #2507 ) ;
#4770 = CARTESIAN_POINT ( 'NONE',  ( -1.000000000000000000, 0.2000000000000000100, 1.725000000000001000 ) ) ;
#4771 = PRODUCT_DEFINITION_SHAPE ( 'NONE', 'NONE',  #3678 ) ;
#4772 = EDGE_CURVE ( 'NONE', #5398, #5597, #4554, .T. ) ;
#4773 = LINE ( 'NONE', #976, #2662 ) ;
#4774 = CARTESIAN_POINT ( 'NONE',  ( 0.6250000000000005600, 0.1999999999999999800, -2.000000000000000000 ) ) ;
#4775 = ORIENTED_EDGE ( 'NONE', *, *, #2586, .F. ) ;
#4776 = EDGE_CURVE ( 'NONE', #3152, #7159, #912, .T. ) ;
#4777 = VECTOR ( 'NONE', #4898, 1000.000000000000000 ) ;
#4778 = ORIENTED_EDGE ( 'NONE', *, *, #549, .F. ) ;
#4779 = DIRECTION ( 'NONE',  ( 0.0000000000000000000, 0.0000000000000000000, 1.000000000000000000 ) ) ;
#4780 = AXIS2_PLACEMENT_3D ( 'NONE', #4376, #3240, #3188 ) ;
#4781 =( NAMED_UNIT ( * ) SI_UNIT ( $, .STERADIAN. ) SOLID_ANGLE_UNIT ( ) );
#4782 = VECTOR ( 'NONE', #629, 1000.000000000000000 ) ;
#4783 = EDGE_LOOP ( 'NONE', ( #3600, #5107, #4082, #7172 ) ) ;
#4784 = VERTEX_POINT ( 'NONE', #1072 ) ;
#4785 = VECTOR ( 'NONE', #3143, 1000.000000000000000 ) ;
#4786 = ORIENTED_EDGE ( 'NONE', *, *, #3312, .T. ) ;
#4787 = ADVANCED_FACE ( 'NONE', ( #1284 ), #1606, .T. ) ;
#4788 = DIRECTION ( 'NONE',  ( 0.0000000000000000000, -1.000000000000000000, 0.0000000000000000000 ) ) ;
#4789 = EDGE_CURVE ( 'NONE', #3404, #5188, #299, .T. ) ;
#4790 = DIRECTION ( 'NONE',  ( 1.000000000000000000, 0.0000000000000000000, 1.577021341797104700E-015 ) ) ;
#4791 = AXIS2_PLACEMENT_3D ( 'NONE', #2443, #5342, #4755 ) ;
#4792 = VERTEX_POINT ( 'NONE', #4002 ) ;
#4793 = EDGE_LOOP ( 'NONE', ( #1853, #6683, #4988, #925 ) ) ;
#4794 = LINE ( 'NONE', #46, #2881 ) ;
#4795 = EDGE_LOOP ( 'NONE', ( #5952, #2325, #2101, #512 ) ) ;
#4796 = VERTEX_POINT ( 'NONE', #4556 ) ;
#4797 = AXIS2_PLACEMENT_3D ( 'NONE', #5991, #2539, #1347 ) ;
#4798 = AXIS2_PLACEMENT_3D ( 'NONE', #7229, #427, #3840 ) ;
#4799 = VECTOR ( 'NONE', #1964, 1000.000000000000000 ) ;
#4800 = CARTESIAN_POINT ( 'NONE',  ( -1.124999999999999800, 0.6716990566028308000, 1.999999999999999600 ) ) ;
#4801 = EDGE_LOOP ( 'NONE', ( #6924, #1417, #1168, #6030 ) ) ;
#4802 = ORIENTED_EDGE ( 'NONE', *, *, #1223, .T. ) ;
#4803 = ORIENTED_EDGE ( 'NONE', *, *, #6209, .T. ) ;
#4804 = CARTESIAN_POINT ( 'NONE',  ( 2.000000000000001800, 0.6716990566028315800, -1.125000000000000400 ) ) ;
#4805 = DIRECTION ( 'NONE',  ( -0.0000000000000000000, -1.000000000000000000, -0.0000000000000000000 ) ) ;
#4806 = ORIENTED_EDGE ( 'NONE', *, *, #3665, .T. ) ;
#4807 = UNCERTAINTY_MEASURE_WITH_UNIT (LENGTH_MEASURE( 1.000000000000000100E-005 ), #3281, 'distance_accuracy_value', 'NONE');
#4808 = DIRECTION ( 'NONE',  ( -1.000000000000000000, 0.0000000000000000000, -7.885106708985459500E-016 ) ) ;
#4809 = DIRECTION ( 'NONE',  ( -1.577021341797106900E-015, 0.0000000000000000000, -1.000000000000000000 ) ) ;
#4810 = DIRECTION ( 'NONE',  ( 1.000000000000000000, -0.0000000000000000000, -1.084202172485504400E-016 ) ) ;
#4811 = ORIENTED_EDGE ( 'NONE', *, *, #20, .F. ) ;
#4812 = CARTESIAN_POINT ( 'NONE',  ( 0.8749999999999998900, 0.0000000000000000000, -1.999999999999999600 ) ) ;
#4813 = DIRECTION ( 'NONE',  ( 0.0000000000000000000, 0.0000000000000000000, -1.000000000000000000 ) ) ;
#4814 = FACE_OUTER_BOUND ( 'NONE', #3323, .T. ) ;
#4815 = EDGE_CURVE ( 'NONE', #6202, #2620, #1823, .T. ) ;
#4816 = ORIENTED_EDGE ( 'NONE', *, *, #598, .F. ) ;
#4817 = CARTESIAN_POINT ( 'NONE',  ( 1.725000000000000300, 0.1999999999999999800, 0.4999999999999997800 ) ) ;
#4818 = CARTESIAN_POINT ( 'NONE',  ( 1.725000000000000800, 0.6716990566028315800, 0.8749999999999996700 ) ) ;
#4819 = EDGE_CURVE ( 'NONE', #3047, #5675, #6859, .T. ) ;
#4820 = CARTESIAN_POINT ( 'NONE',  ( 0.8750000000000003300, 0.0000000000000000000, 1.999999999999999600 ) ) ;
#4821 = VECTOR ( 'NONE', #5571, 1000.000000000000000 ) ;
#4822 = ADVANCED_FACE ( 'NONE', ( #1647 ), #4509, .F. ) ;
#4823 = CARTESIAN_POINT ( 'NONE',  ( -1.125000000000000200, 0.2000000000000000100, 1.725000000000001200 ) ) ;
#4824 = VECTOR ( 'NONE', #2014, 1000.000000000000000 ) ;
#4825 = CARTESIAN_POINT ( 'NONE',  ( -1.174999999999999400, 0.0000000000000000000, 1.300000000000000000 ) ) ;
#4826 = EDGE_CURVE ( 'NONE', #2895, #4067, #291, .T. ) ;
#4827 = ORIENTED_EDGE ( 'NONE', *, *, #7190, .T. ) ;
#4828 = LINE ( 'NONE', #5854, #2093 ) ;
#4829 = EDGE_CURVE ( 'NONE', #1713, #1883, #6067, .T. ) ;
#4830 = EDGE_CURVE ( 'NONE', #2739, #1570, #737, .T. ) ;
#4831 = AXIS2_PLACEMENT_3D ( 'NONE', #7445, #3523, #6842 ) ;
#4832 = CARTESIAN_POINT ( 'NONE',  ( -0.8749999999999998900, 0.2000000000000000100, -1.725000000000001200 ) ) ;
#4833 = FACE_OUTER_BOUND ( 'NONE', #7030, .T. ) ;
#4834 = ORIENTED_EDGE ( 'NONE', *, *, #3709, .T. ) ;
#4835 = DIRECTION ( 'NONE',  ( 0.0000000000000000000, -1.000000000000000000, 0.0000000000000000000 ) ) ;
#4836 = ORIENTED_EDGE ( 'NONE', *, *, #6588, .F. ) ;
#4837 = AXIS2_PLACEMENT_3D ( 'NONE', #3001, #1186, #1162 ) ;
#4838 = FACE_OUTER_BOUND ( 'NONE', #3950, .T. ) ;
#4839 = DIRECTION ( 'NONE',  ( -0.0000000000000000000, -1.000000000000000000, -0.0000000000000000000 ) ) ;
#4840 = VECTOR ( 'NONE', #1383, 1000.000000000000000 ) ;
#4841 = CYLINDRICAL_SURFACE ( 'NONE', #3542, 0.1676928858146148900 ) ;
#4842 = ORIENTED_EDGE ( 'NONE', *, *, #2337, .F. ) ;
#4843 =( GEOMETRIC_REPRESENTATION_CONTEXT ( 3 ) GLOBAL_UNCERTAINTY_ASSIGNED_CONTEXT ( ( #899 ) ) GLOBAL_UNIT_ASSIGNED_CONTEXT ( ( #5259, #1671, #6331 ) ) REPRESENTATION_CONTEXT ( 'NONE', 'WORKASPACE' ) );
#4844 = FILL_AREA_STYLE_COLOUR ( '', #1289 ) ;
#4845 = DIRECTION ( 'NONE',  ( 0.0000000000000000000, -1.000000000000000000, 0.0000000000000000000 ) ) ;
#4846 = VECTOR ( 'NONE', #2619, 1000.000000000000000 ) ;
#4847 = AXIS2_PLACEMENT_3D ( 'NONE', #4579, #6216, #5166 ) ;
#4848 = COLOUR_RGB ( '',0.7921568627450980000, 0.8196078431372548800, 0.9333333333333333500 ) ;
#4849 = VERTEX_POINT ( 'NONE', #3947 ) ;
#4850 = CARTESIAN_POINT ( 'NONE',  ( 1.725000000000000800, 0.1999999999999999800, 0.6249999999999996700 ) ) ;
#4851 = CIRCLE ( 'NONE', #1313, 0.1250000000000001100 ) ;
#4852 = VECTOR ( 'NONE', #7091, 1000.000000000000000 ) ;
#4853 = ORIENTED_EDGE ( 'NONE', *, *, #1957, .F. ) ;
#4854 = CARTESIAN_POINT ( 'NONE',  ( -1.000000000000000000, 0.2000000000000000100, 1.725000000000001000 ) ) ;
#4855 = ADVANCED_FACE ( 'NONE', ( #482 ), #5093, .F. ) ;
#4856 = FACE_OUTER_BOUND ( 'NONE', #714, .T. ) ;
#4857 = CARTESIAN_POINT ( 'NONE',  ( -1.725000000000000800, 0.05000000000000002400, 0.1249999999999996800 ) ) ;
#4858 = EDGE_CURVE ( 'NONE', #3788, #6992, #662, .T. ) ;
#4859 = ORIENTED_EDGE ( 'NONE', *, *, #782, .T. ) ;
#4860 = VECTOR ( 'NONE', #1235, 1000.000000000000000 ) ;
#4861 = ORIENTED_EDGE ( 'NONE', *, *, #4380, .T. ) ;
#4862 = CARTESIAN_POINT ( 'NONE',  ( 2.000000000000001800, 0.6716990566028315800, 0.3749999999999996700 ) ) ;
#4863 = CARTESIAN_POINT ( 'NONE',  ( 1.725000000000000800, 0.6716990566028315800, -0.6250000000000003300 ) ) ;
#4864 = FACE_OUTER_BOUND ( 'NONE', #5875, .T. ) ;
#4865 = ORIENTED_EDGE ( 'NONE', *, *, #3850, .T. ) ;
#4866 = CARTESIAN_POINT ( 'NONE',  ( 0.1250000000000009700, 0.2000000000000000100, 2.000000000000000000 ) ) ;
#4867 = VERTEX_POINT ( 'NONE', #7441 ) ;
#4868 = CARTESIAN_POINT ( 'NONE',  ( 0.3749999999999971700, 0.05000000000000000300, -5.913830031739106700E-016 ) ) ;
#4869 = VERTEX_POINT ( 'NONE', #2815 ) ;
#4870 = CARTESIAN_POINT ( 'NONE',  ( 2.000000000000001800, 0.0000000000000000000, -0.1250000000000003300 ) ) ;
#4871 = EDGE_CURVE ( 'NONE', #4849, #4867, #4658, .T. ) ;
#4872 = CIRCLE ( 'NONE', #2006, 0.1250000000000003300 ) ;
#4873 = EDGE_CURVE ( 'NONE', #7380, #61, #6424, .T. ) ;
#4874 = DIRECTION ( 'NONE',  ( 0.0000000000000000000, 0.0000000000000000000, 1.000000000000000000 ) ) ;
#4875 = VERTEX_POINT ( 'NONE', #5685 ) ;
#4876 = CARTESIAN_POINT ( 'NONE',  ( 0.8749999999999998900, 0.2000000000000000100, 1.725000000000001200 ) ) ;
#4877 = VERTEX_POINT ( 'NONE', #2280 ) ;
#4878 = VECTOR ( 'NONE', #7157, 1000.000000000000000 ) ;
#4879 = AXIS2_PLACEMENT_3D ( 'NONE', #4293, #207, #1896 ) ;
#4880 = ORIENTED_EDGE ( 'NONE', *, *, #5923, .F. ) ;
#4881 = ORIENTED_EDGE ( 'NONE', *, *, #4066, .T. ) ;
#4882 = AXIS2_PLACEMENT_3D ( 'NONE', #769, #1369, #5408 ) ;
#4883 = LINE ( 'NONE', #396, #2784 ) ;
#4884 = ORIENTED_EDGE ( 'NONE', *, *, #1185, .T. ) ;
#4885 = VERTEX_POINT ( 'NONE', #6238 ) ;
#4886 =( NAMED_UNIT ( * ) SI_UNIT ( $, .STERADIAN. ) SOLID_ANGLE_UNIT ( ) );
#4887 = ORIENTED_EDGE ( 'NONE', *, *, #3603, .T. ) ;
#4888 = ORIENTED_EDGE ( 'NONE', *, *, #6578, .T. ) ;
#4889 =( LENGTH_UNIT ( ) NAMED_UNIT ( * ) SI_UNIT ( .MILLI., .METRE. ) );
#4890 = AXIS2_PLACEMENT_3D ( 'NONE', #5970, #824, #6538 ) ;
#4891 = CARTESIAN_POINT ( 'NONE',  ( 0.0000000000000000000, 0.2000000000000000100, 1.725000000000001000 ) ) ;
#4892 = CARTESIAN_POINT ( 'NONE',  ( 0.6250000000000001100, 0.6716990566028308000, -1.725000000000001200 ) ) ;
#4893 = ORIENTED_EDGE ( 'NONE', *, *, #2085, .T. ) ;
#4894 = ORIENTED_EDGE ( 'NONE', *, *, #2943, .T. ) ;
#4895 = AXIS2_PLACEMENT_3D ( 'NONE', #811, #6000, #6053 ) ;
#4896 = CARTESIAN_POINT ( 'NONE',  ( -1.725000000000000300, 0.05000000000000002400, 0.9999999999999995600 ) ) ;
#4897 = CARTESIAN_POINT ( 'NONE',  ( 1.725000000000000300, 0.05000000000000002400, -0.5000000000000002200 ) ) ;
#4898 = DIRECTION ( 'NONE',  ( 0.0000000000000000000, -1.000000000000000000, 0.0000000000000000000 ) ) ;
#4899 = ADVANCED_FACE ( 'NONE', ( #745, #6599 ), #3355, .F. ) ;
#4900 = EDGE_LOOP ( 'NONE', ( #2516, #1808, #155, #6181 ) ) ;
#4901 = CARTESIAN_POINT ( 'NONE',  ( -1.725000000000000800, 0.6716990566028315800, -1.125000000000000700 ) ) ;
#4902 = FILL_AREA_STYLE ('',( #5510 ) ) ;
#4903 = VECTOR ( 'NONE', #635, 1000.000000000000000 ) ;
#4904 = DIRECTION ( 'NONE',  ( 0.0000000000000000000, 0.0000000000000000000, -1.000000000000000000 ) ) ;
#4905 = ORIENTED_EDGE ( 'NONE', *, *, #2632, .F. ) ;
#4906 = DIRECTION ( 'NONE',  ( 1.577021341797104700E-015, -0.0000000000000000000, 1.000000000000000000 ) ) ;
#4907 = ORIENTED_EDGE ( 'NONE', *, *, #2758, .F. ) ;
#4908 = CARTESIAN_POINT ( 'NONE',  ( 0.3750000000000003300, 0.04999999999999969700, 1.999999999999999600 ) ) ;
#4909 = DIRECTION ( 'NONE',  ( 0.0000000000000000000, 1.000000000000000000, -0.0000000000000000000 ) ) ;
#4910 = DIRECTION ( 'NONE',  ( 1.000000000000000000, -0.0000000000000000000, -1.084202172485504400E-016 ) ) ;
#4911 = FACE_OUTER_BOUND ( 'NONE', #3615, .T. ) ;
#4912 = FACE_OUTER_BOUND ( 'NONE', #6487, .T. ) ;
#4913 = EDGE_CURVE ( 'NONE', #1952, #4355, #6686, .T. ) ;
#4914 = CARTESIAN_POINT ( 'NONE',  ( 0.0000000000000000000, 0.1999999999999999800, 1.725000000000001000 ) ) ;
#4915 = DIRECTION ( 'NONE',  ( 0.0000000000000000000, -1.000000000000000000, 0.0000000000000000000 ) ) ;
#4916 = CARTESIAN_POINT ( 'NONE',  ( 1.725000000000000800, 0.1999999999999999800, -0.8750000000000003300 ) ) ;
#4917 = EDGE_CURVE ( 'NONE', #5651, #5025, #5633, .T. ) ;
#4918 = DIRECTION ( 'NONE',  ( 1.000000000000000000, 0.0000000000000000000, -1.577021341797107100E-015 ) ) ;
#4919 = AXIS2_PLACEMENT_3D ( 'NONE', #6825, #1028, #7348 ) ;
#4920 = FACE_OUTER_BOUND ( 'NONE', #84, .T. ) ;
#4921 = EDGE_LOOP ( 'NONE', ( #6141, #2118, #2234, #6548 ) ) ;
#4922 = LINE ( 'NONE', #325, #1654 ) ;
#4923 = CYLINDRICAL_SURFACE ( 'NONE', #7058, 0.1250000000000001100 ) ;
#4924 = CARTESIAN_POINT ( 'NONE',  ( -1.725000000000000800, 0.6716990566028315800, 0.1249999999999996800 ) ) ;
#4925 = VERTEX_POINT ( 'NONE', #6398 ) ;
#4926 = EDGE_CURVE ( 'NONE', #5631, #416, #837, .T. ) ;
#4927 = LINE ( 'NONE', #4866, #494 ) ;
#4928 = ADVANCED_FACE ( 'NONE', ( #5981 ), #6420, .F. ) ;
#4929 = VECTOR ( 'NONE', #3135, 1000.000000000000000 ) ;
#4930 = DIRECTION ( 'NONE',  ( 1.000000000000000000, 0.0000000000000000000, -0.0000000000000000000 ) ) ;
#4931 = AXIS2_PLACEMENT_3D ( 'NONE', #5566, #3951, #4537 ) ;
#4932 = LINE ( 'NONE', #1614, #6352 ) ;
#4933 = CARTESIAN_POINT ( 'NONE',  ( 1.175000000000000000, 3.876955262170047600, -1.300000000000000000 ) ) ;
#4934 = AXIS2_PLACEMENT_3D ( 'NONE', #7306, #5560, #376 ) ;
#4935 = VERTEX_POINT ( 'NONE', #2951 ) ;
#4936 = PLANE ( 'NONE',  #3377 ) ;
#4937 = ORIENTED_EDGE ( 'NONE', *, *, #6244, .F. ) ;
#4938 = VECTOR ( 'NONE', #4805, 1000.000000000000000 ) ;
#4939 = UNCERTAINTY_MEASURE_WITH_UNIT (LENGTH_MEASURE( 1.000000000000000100E-005 ), #3487, 'distance_accuracy_value', 'NONE');
#4940 = ORIENTED_EDGE ( 'NONE', *, *, #1992, .F. ) ;
#4941 = ORIENTED_EDGE ( 'NONE', *, *, #4957, .F. ) ;
#4942 = DIRECTION ( 'NONE',  ( 0.0000000000000000000, 1.000000000000000000, -0.0000000000000000000 ) ) ;
#4943 = CARTESIAN_POINT ( 'NONE',  ( -0.3750000000000021600, 0.05000000000000000300, 5.913830031739177700E-016 ) ) ;
#4944 = DIRECTION ( 'NONE',  ( -0.0000000000000000000, -1.000000000000000000, -0.0000000000000000000 ) ) ;
#4945 = VERTEX_POINT ( 'NONE', #6369 ) ;
#4946 = ORIENTED_EDGE ( 'NONE', *, *, #1566, .F. ) ;
#4947 = LINE ( 'NONE', #7370, #4220 ) ;
#4948 = ORIENTED_EDGE ( 'NONE', *, *, #7239, .F. ) ;
#4949 = DIRECTION ( 'NONE',  ( 1.577021341797104500E-015, 0.0000000000000000000, -1.000000000000000000 ) ) ;
#4950 = PLANE ( 'NONE',  #1784 ) ;
#4951 = FACE_OUTER_BOUND ( 'NONE', #4096, .T. ) ;
#4952 = ORIENTED_EDGE ( 'NONE', *, *, #4829, .F. ) ;
#4953 = VECTOR ( 'NONE', #1541, 1000.000000000000000 ) ;
#4954 = EDGE_LOOP ( 'NONE', ( #6135, #1612, #3860, #3563 ) ) ;
#4955 = CARTESIAN_POINT ( 'NONE',  ( 1.999999999999999100, 0.8000000000000003800, 2.000000000000000900 ) ) ;
#4956 = PLANE ( 'NONE',  #6687 ) ;
#4957 = EDGE_CURVE ( 'NONE', #3380, #5851, #1551, .T. ) ;
#4958 = CYLINDRICAL_SURFACE ( 'NONE', #4797, 0.1250000000000001100 ) ;
#4959 = ORIENTED_EDGE ( 'NONE', *, *, #3468, .F. ) ;
#4960 = CARTESIAN_POINT ( 'NONE',  ( -0.1250000000000003300, 0.0000000000000000000, -1.725000000000000800 ) ) ;
#4961 = ORIENTED_EDGE ( 'NONE', *, *, #4826, .F. ) ;
#4962 = PLANE ( 'NONE',  #3363 ) ;
#4963 = VERTEX_POINT ( 'NONE', #6439 ) ;
#4964 = EDGE_CURVE ( 'NONE', #596, #1901, #4828, .T. ) ;
#4965 = LINE ( 'NONE', #2104, #3536 ) ;
#4966 = CARTESIAN_POINT ( 'NONE',  ( -0.6249999999999996700, 0.1999999999999999800, 1.999999999999999600 ) ) ;
#4967 = CARTESIAN_POINT ( 'NONE',  ( 2.000000000000000900, 0.6716990566028315800, -0.8750000000000003300 ) ) ;
#4968 = CARTESIAN_POINT ( 'NONE',  ( 1.725000000000000800, 0.05000000000000002400, 0.3749999999999996700 ) ) ;
#4969 = ORIENTED_EDGE ( 'NONE', *, *, #5362, .T. ) ;
#4970 = CIRCLE ( 'NONE', #987, 0.1250000000000003300 ) ;
#4971 = ORIENTED_EDGE ( 'NONE', *, *, #4815, .T. ) ;
#4972 = EDGE_CURVE ( 'NONE', #6650, #6088, #5196, .T. ) ;
#4973 = ADVANCED_FACE ( 'NONE', ( #5292 ), #6964, .T. ) ;
#4974 = EDGE_CURVE ( 'NONE', #2345, #879, #2009, .T. ) ;
#4975 = EDGE_CURVE ( 'NONE', #3152, #723, #5551, .T. ) ;
#4976 = AXIS2_PLACEMENT_3D ( 'NONE', #4891, #7025, #5280 ) ;
#4977 = ORIENTED_EDGE ( 'NONE', *, *, #126, .T. ) ;
#4978 = ORIENTED_EDGE ( 'NONE', *, *, #702, .T. ) ;
#4979 = ORIENTED_EDGE ( 'NONE', *, *, #3309, .F. ) ;
#4980 = DIRECTION ( 'NONE',  ( -0.0000000000000000000, -1.000000000000000000, -0.0000000000000000000 ) ) ;
#4981 = VERTEX_POINT ( 'NONE', #5269 ) ;
#4982 = DIRECTION ( 'NONE',  ( 1.000000000000000000, -0.0000000000000000000, -0.0000000000000000000 ) ) ;
#4983 = DIRECTION ( 'NONE',  ( -0.0000000000000000000, -1.000000000000000000, -0.0000000000000000000 ) ) ;
#4984 =( GEOMETRIC_REPRESENTATION_CONTEXT ( 3 ) GLOBAL_UNCERTAINTY_ASSIGNED_CONTEXT ( ( #6036 ) ) GLOBAL_UNIT_ASSIGNED_CONTEXT ( ( #1691, #3524, #6326 ) ) REPRESENTATION_CONTEXT ( 'NONE', 'WORKASPACE' ) );
#4985 = DIRECTION ( 'NONE',  ( 0.0000000000000000000, 1.000000000000000000, -0.0000000000000000000 ) ) ;
#4986 = DIRECTION ( 'NONE',  ( 1.577021341797106900E-015, -0.0000000000000000000, 1.000000000000000000 ) ) ;
#4987 = AXIS2_PLACEMENT_3D ( 'NONE', #6628, #3200, #2567 ) ;
#4988 = ORIENTED_EDGE ( 'NONE', *, *, #4696, .F. ) ;
#4989 = DIRECTION ( 'NONE',  ( 1.000000000000000000, 0.0000000000000000000, 7.885106708985459500E-016 ) ) ;
#4990 = PLANE ( 'NONE',  #2838 ) ;
#4991 = VECTOR ( 'NONE', #464, 1000.000000000000000 ) ;
#4992 = EDGE_LOOP ( 'NONE', ( #7478, #5586, #3622, #3038 ) ) ;
#4993 =( LENGTH_UNIT ( ) NAMED_UNIT ( * ) SI_UNIT ( .MILLI., .METRE. ) );
#4994 = VECTOR ( 'NONE', #597, 1000.000000000000000 ) ;
#4995 = CARTESIAN_POINT ( 'NONE',  ( -1.725000000000000800, 0.6716990566028315800, 1.124999999999999800 ) ) ;
#4996 = CARTESIAN_POINT ( 'NONE',  ( -0.6249999999999996700, 0.04999999999999969700, 1.999999999999999600 ) ) ;
#4997 = FACE_OUTER_BOUND ( 'NONE', #1328, .T. ) ;
#4998 = VERTEX_POINT ( 'NONE', #6342 ) ;
#4999 = ADVANCED_FACE ( 'NONE', ( #4022 ), #2385, .T. ) ;
#5000 = VECTOR ( 'NONE', #6946, 1000.000000000000000 ) ;
#5001 = ADVANCED_FACE ( 'NONE', ( #6961 ), #5218, .T. ) ;
#5002 = CARTESIAN_POINT ( 'NONE',  ( -2.000000000000000900, 0.1999999999999996500, 1.124999999999999800 ) ) ;
#5003 = DIRECTION ( 'NONE',  ( 1.577021341797104500E-015, 0.0000000000000000000, 1.000000000000000000 ) ) ;
#5004 = DIRECTION ( 'NONE',  ( 0.0000000000000000000, -1.000000000000000000, 0.0000000000000000000 ) ) ;
#5005 = VECTOR ( 'NONE', #1267, 1000.000000000000000 ) ;
#5006 = VECTOR ( 'NONE', #2478, 1000.000000000000000 ) ;
#5007 = EDGE_CURVE ( 'NONE', #6522, #3596, #5811, .T. ) ;
#5008 = VERTEX_POINT ( 'NONE', #4683 ) ;
#5009 = VERTEX_POINT ( 'NONE', #5824 ) ;
#5010 = CARTESIAN_POINT ( 'NONE',  ( 2.000000000000000900, 0.1999999999999999800, -0.3750000000000003300 ) ) ;
#5011 = PLANE ( 'NONE',  #7356 ) ;
#5012 = CARTESIAN_POINT ( 'NONE',  ( -0.6250000000000001100, 0.6716990566028308000, 1.725000000000001200 ) ) ;
#5013 = EDGE_CURVE ( 'NONE', #602, #3889, #2466, .T. ) ;
#5014 = DIRECTION ( 'NONE',  ( 1.000000000000000000, -0.0000000000000000000, 0.0000000000000000000 ) ) ;
#5015 = LINE ( 'NONE', #7191, #3752 ) ;
#5016 = AXIS2_PLACEMENT_3D ( 'NONE', #4892, #2044, #5542 ) ;
#5017 = CARTESIAN_POINT ( 'NONE',  ( -1.125000000000000200, 0.2000000000000000100, -1.999999999999999600 ) ) ;
#5018 = LINE ( 'NONE', #51, #2474 ) ;
#5019 = ORIENTED_EDGE ( 'NONE', *, *, #28, .T. ) ;
#5020 = AXIS2_PLACEMENT_3D ( 'NONE', #493, #4551, #1629 ) ;
#5021 = VECTOR ( 'NONE', #2786, 1000.000000000000000 ) ;
#5022 = EDGE_CURVE ( 'NONE', #4053, #7179, #3925, .T. ) ;
#5023 = ORIENTED_EDGE ( 'NONE', *, *, #5509, .F. ) ;
#5024 = AXIS2_PLACEMENT_3D ( 'NONE', #5938, #5428, #2479 ) ;
#5025 = VERTEX_POINT ( 'NONE', #3097 ) ;
#5026 = DIRECTION ( 'NONE',  ( -0.0000000000000000000, -1.000000000000000000, -0.0000000000000000000 ) ) ;
#5027 = FACE_OUTER_BOUND ( 'NONE', #2396, .T. ) ;
#5028 = DIRECTION ( 'NONE',  ( 1.000000000000000000, 0.0000000000000000000, 0.0000000000000000000 ) ) ;
#5029 = AXIS2_PLACEMENT_3D ( 'NONE', #997, #5641, #6731 ) ;
#5030 = CARTESIAN_POINT ( 'NONE',  ( -1.725000000000000300, 0.05000000000000002400, -0.5000000000000004400 ) ) ;
#5031 = AXIS2_PLACEMENT_3D ( 'NONE', #5427, #1945, #6040 ) ;
#5032 = CIRCLE ( 'NONE', #3559, 0.1676928858146148900 ) ;
#5033 = LINE ( 'NONE', #6891, #595 ) ;
#5034 = ORIENTED_EDGE ( 'NONE', *, *, #2481, .F. ) ;
#5035 = DIRECTION ( 'NONE',  ( 0.0000000000000000000, -1.000000000000000000, 0.0000000000000000000 ) ) ;
#5036 = CARTESIAN_POINT ( 'NONE',  ( -1.300000000000000000, 3.876955262170047600, -0.8750000000000001100 ) ) ;
#5037 = LINE ( 'NONE', #7345, #6809 ) ;
#5038 = DIRECTION ( 'NONE',  ( 0.0000000000000000000, 0.0000000000000000000, -1.000000000000000000 ) ) ;
#5039 = DIRECTION ( 'NONE',  ( 0.0000000000000000000, -0.0000000000000000000, -1.000000000000000000 ) ) ;
#5040 = VERTEX_POINT ( 'NONE', #7109 ) ;
#5041 = LINE ( 'NONE', #1886, #6722 ) ;
#5042 = ORIENTED_EDGE ( 'NONE', *, *, #3944, .T. ) ;
#5043 = CARTESIAN_POINT ( 'NONE',  ( 1.725000000000000800, 0.05000000000000002400, 0.8749999999999996700 ) ) ;
#5044 = DIRECTION ( 'NONE',  ( -0.0000000000000000000, -1.000000000000000000, -0.0000000000000000000 ) ) ;
#5045 = ADVANCED_FACE ( 'NONE', ( #4912 ), #1366, .T. ) ;
#5046 = ADVANCED_FACE ( 'NONE', ( #1824 ), #4170, .T. ) ;
#5047 = VECTOR ( 'NONE', #3096, 1000.000000000000000 ) ;
#5048 = VERTEX_POINT ( 'NONE', #4752 ) ;
#5049 = EDGE_LOOP ( 'NONE', ( #3072, #4184, #6347, #4405, #6750 ) ) ;
#5050 = CIRCLE ( 'NONE', #7165, 0.1250000000000003300 ) ;
#5051 = EDGE_LOOP ( 'NONE', ( #1509, #2476 ) ) ;
#5052 = VERTEX_POINT ( 'NONE', #5406 ) ;
#5053 = FILL_AREA_STYLE_COLOUR ( '', #4423 ) ;
#5054 = ORIENTED_EDGE ( 'NONE', *, *, #3916, .F. ) ;
#5055 = LINE ( 'NONE', #7183, #6392 ) ;
#5056 = EDGE_LOOP ( 'NONE', ( #5396, #5541, #622, #6634 ) ) ;
#5057 = ORIENTED_EDGE ( 'NONE', *, *, #2716, .F. ) ;
#5058 = DIRECTION ( 'NONE',  ( 1.000000000000000000, 0.0000000000000000000, -3.469446951953614200E-015 ) ) ;
#5059 = EDGE_CURVE ( 'NONE', #5267, #5508, #6512, .T. ) ;
#5060 = DIRECTION ( 'NONE',  ( 0.0000000000000000000, -0.0000000000000000000, 1.000000000000000000 ) ) ;
#5061 = EDGE_CURVE ( 'NONE', #5758, #3889, #3829, .T. ) ;
#5062 = DIRECTION ( 'NONE',  ( -1.084202172485504700E-016, 0.0000000000000000000, -1.000000000000000000 ) ) ;
#5063 = CARTESIAN_POINT ( 'NONE',  ( -1.000000000000000000, 0.6716990566028308000, 1.725000000000001000 ) ) ;
#5064 = ORIENTED_EDGE ( 'NONE', *, *, #7277, .F. ) ;
#5065 = ORIENTED_EDGE ( 'NONE', *, *, #4195, .F. ) ;
#5066 = ORIENTED_EDGE ( 'NONE', *, *, #5350, .F. ) ;
#5067 = DIRECTION ( 'NONE',  ( 1.000000000000000000, 0.0000000000000000000, -3.469446951953614200E-015 ) ) ;
#5068 = CARTESIAN_POINT ( 'NONE',  ( 1.174999999999999800, 0.2000000000000000900, 1.300000000000000300 ) ) ;
#5069 = DIRECTION ( 'NONE',  ( 0.0000000000000000000, 0.0000000000000000000, -1.000000000000000000 ) ) ;
#5070 = DIRECTION ( 'NONE',  ( 0.0000000000000000000, -1.000000000000000000, 0.0000000000000000000 ) ) ;
#5071 = DIRECTION ( 'NONE',  ( 1.000000000000000000, 0.0000000000000000000, -1.577021341797106900E-015 ) ) ;
#5072 = EDGE_CURVE ( 'NONE', #5731, #7144, #919, .T. ) ;
#5073 = ORIENTED_EDGE ( 'NONE', *, *, #2987, .T. ) ;
#5074 = ORIENTED_EDGE ( 'NONE', *, *, #4957, .T. ) ;
#5075 = EDGE_CURVE ( 'NONE', #2735, #4679, #3737, .T. ) ;
#5076 = CARTESIAN_POINT ( 'NONE',  ( -0.6250000000000001100, 0.1999999999999996500, -1.999999999999998700 ) ) ;
#5077 = DIRECTION ( 'NONE',  ( 0.0000000000000000000, -1.000000000000000000, 0.0000000000000000000 ) ) ;
#5078 = VERTEX_POINT ( 'NONE', #5338 ) ;
#5079 = AXIS2_PLACEMENT_3D ( 'NONE', #587, #5237, #5821 ) ;
#5080 = AXIS2_PLACEMENT_3D ( 'NONE', #3364, #4009, #6871 ) ;
#5081 = VECTOR ( 'NONE', #7210, 1000.000000000000000 ) ;
#5082 = ADVANCED_FACE ( 'NONE', ( #4113 ), #6779, .F. ) ;
#5083 = ADVANCED_FACE ( 'NONE', ( #4467 ), #6508, .F. ) ;
#5084 = ORIENTED_EDGE ( 'NONE', *, *, #6769, .F. ) ;
#5085 = DIRECTION ( 'NONE',  ( -0.0000000000000000000, -1.000000000000000000, 0.0000000000000000000 ) ) ;
#5086 = CARTESIAN_POINT ( 'NONE',  ( 1.725000000000000300, 0.0000000000000000000, 0.4999999999999997800 ) ) ;
#5087 = DIRECTION ( 'NONE',  ( 0.0000000000000000000, 0.0000000000000000000, -1.000000000000000000 ) ) ;
#5088 = VECTOR ( 'NONE', #407, 1000.000000000000000 ) ;
#5089 = VERTEX_POINT ( 'NONE', #7012 ) ;
#5090 = SURFACE_STYLE_USAGE ( .BOTH. , #5594 ) ;
#5091 = LINE ( 'NONE', #4062, #5455 ) ;
#5092 = CARTESIAN_POINT ( 'NONE',  ( 0.6249999999999974500, 0.05000000000000000300, 9.856383386231863500E-016 ) ) ;
#5093 = CYLINDRICAL_SURFACE ( 'NONE', #2905, 0.1250000000000001100 ) ;
#5094 = CARTESIAN_POINT ( 'NONE',  ( -0.1250000000000001100, 0.6716990566028308000, -1.999999999999999600 ) ) ;
#5095 = DIRECTION ( 'NONE',  ( 0.0000000000000000000, -0.0000000000000000000, 1.000000000000000000 ) ) ;
#5096 = DIRECTION ( 'NONE',  ( -1.000000000000000000, 0.0000000000000000000, -0.0000000000000000000 ) ) ;
#5097 = CYLINDRICAL_SURFACE ( 'NONE', #624, 0.1250000000000001100 ) ;
#5098 = CLOSED_SHELL ( 'NONE', ( #3717, #6270, #375, #529, #5432, #3911, #5320 ) ) ;
#5099 = FACE_OUTER_BOUND ( 'NONE', #4335, .T. ) ;
#5100 = VERTEX_POINT ( 'NONE', #140 ) ;
#5102 = EDGE_CURVE ( 'NONE', #2603, #2573, #2922, .T. ) ;
#5101 = CARTESIAN_POINT ( 'NONE',  ( 0.0000000000000000000, 0.6716990566028308000, 1.600000000000000800 ) ) ;
#5103 = FACE_OUTER_BOUND ( 'NONE', #3430, .T. ) ;
#5104 = CARTESIAN_POINT ( 'NONE',  ( 0.0000000000000000000, 0.05000000000000000300, 0.0000000000000000000 ) ) ;
#5105 = EDGE_CURVE ( 'NONE', #6088, #1408, #2729, .T. ) ;
#5106 = LINE ( 'NONE', #761, #3941 ) ;
#5107 = ORIENTED_EDGE ( 'NONE', *, *, #465, .T. ) ;
#5108 = DIRECTION ( 'NONE',  ( 1.000000000000000000, 0.0000000000000000000, -7.885106708985459500E-016 ) ) ;
#5109 = DIRECTION ( 'NONE',  ( 0.0000000000000000000, -1.000000000000000000, 0.0000000000000000000 ) ) ;
#5110 = EDGE_CURVE ( 'NONE', #3350, #6217, #26, .T. ) ;
#5111 = VECTOR ( 'NONE', #756, 1000.000000000000000 ) ;
#5112 = SURFACE_STYLE_FILL_AREA ( #6448 ) ;
#5113 = CARTESIAN_POINT ( 'NONE',  ( -1.725000000000000300, 0.0000000000000000000, -1.000000000000000400 ) ) ;
#5114 = CARTESIAN_POINT ( 'NONE',  ( -0.1250000000000003300, 0.2000000000000000100, -1.725000000000000800 ) ) ;
#5115 = EDGE_CURVE ( 'NONE', #6419, #2158, #7133, .T. ) ;
#5116 = DIRECTION ( 'NONE',  ( 0.0000000000000000000, -1.000000000000000000, 0.0000000000000000000 ) ) ;
#5117 = CARTESIAN_POINT ( 'NONE',  ( -2.000000000000000900, 0.04999999999999969700, -0.3750000000000003300 ) ) ;
#5118 = EDGE_CURVE ( 'NONE', #3933, #5412, #5458, .T. ) ;
#5119 = VERTEX_POINT ( 'NONE', #3584 ) ;
#5120 = MECHANICAL_DESIGN_GEOMETRIC_PRESENTATION_REPRESENTATION (  '', ( #707 ), #1577 ) ;
#5121 = ADVANCED_FACE ( 'NONE', ( #3645 ), #2462, .T. ) ;
#5122 = VECTOR ( 'NONE', #3252, 1000.000000000000000 ) ;
#5123 = DIRECTION ( 'NONE',  ( 0.0000000000000000000, 1.000000000000000000, 0.0000000000000000000 ) ) ;
#5124 = ADVANCED_FACE ( 'NONE', ( #652 ), #1451, .T. ) ;
#5125 = ORIENTED_EDGE ( 'NONE', *, *, #315, .F. ) ;
#5126 = VERTEX_POINT ( 'NONE', #6586 ) ;
#5127 = MECHANICAL_DESIGN_GEOMETRIC_PRESENTATION_REPRESENTATION (  '', ( #1858 ), #2940 ) ;
#5128 = CARTESIAN_POINT ( 'NONE',  ( 2.000000000000000900, 0.1999999999999999800, 0.6249999999999996700 ) ) ;
#5129 = DIRECTION ( 'NONE',  ( -1.000000000000000000, 0.0000000000000000000, 1.084202172485504400E-016 ) ) ;
#5130 = PRESENTATION_STYLE_ASSIGNMENT (( #6900 ) ) ;
#5131 = MANIFOLD_SOLID_BREP ( 'LPattern3[5]', #2146 ) ;
#5132 = CARTESIAN_POINT ( 'NONE',  ( 0.6250000000000005600, 0.6716990566028308000, 1.725000000000001200 ) ) ;
#5133 = ORIENTED_EDGE ( 'NONE', *, *, #1409, .T. ) ;
#5134 = VECTOR ( 'NONE', #711, 1000.000000000000000 ) ;
#5135 = AXIS2_PLACEMENT_3D ( 'NONE', #2356, #3506, #4671 ) ;
#5136 = ORIENTED_EDGE ( 'NONE', *, *, #4449, .F. ) ;
#5137 = DIRECTION ( 'NONE',  ( -1.577021341797104500E-015, 0.0000000000000000000, 1.000000000000000000 ) ) ;
#5138 = PRODUCT_DEFINITION_CONTEXT ( 'detailed design', #4688, 'design' ) ;
#5139 = AXIS2_PLACEMENT_3D ( 'NONE', #4410, #332, #2651 ) ;
#5140 = VECTOR ( 'NONE', #1046, 1000.000000000000000 ) ;
#5141 = EDGE_LOOP ( 'NONE', ( #4778, #4618, #1817, #481 ) ) ;
#5142 = CARTESIAN_POINT ( 'NONE',  ( -2.000000000000000900, 0.8000000000000003800, 2.000000000000001300 ) ) ;
#5143 = CIRCLE ( 'NONE', #5135, 0.1676928858146148900 ) ;
#5144 = CARTESIAN_POINT ( 'NONE',  ( 8.870745047608657000E-016, 0.05000000000000000300, -1.125000000000001800 ) ) ;
#5145 = ORIENTED_EDGE ( 'NONE', *, *, #206, .F. ) ;
#5146 = CARTESIAN_POINT ( 'NONE',  ( 1.125000000000000700, 0.1999999999999999800, -2.000000000000000000 ) ) ;
#5147 = VECTOR ( 'NONE', #7437, 1000.000000000000000 ) ;
#5148 = DIRECTION ( 'NONE',  ( 0.0000000000000000000, 0.0000000000000000000, -1.000000000000000000 ) ) ;
#5149 = CARTESIAN_POINT ( 'NONE',  ( -2.000000000000000900, 0.6716990566028315800, -0.8750000000000003300 ) ) ;
#5150 = ORIENTED_EDGE ( 'NONE', *, *, #399, .F. ) ;
#5151 = ORIENTED_EDGE ( 'NONE', *, *, #6402, .T. ) ;
#5152 = VECTOR ( 'NONE', #5353, 1000.000000000000000 ) ;
#5153 = ORIENTED_EDGE ( 'NONE', *, *, #3361, .T. ) ;
#5154 = CARTESIAN_POINT ( 'NONE',  ( 2.000000000000000900, 0.1999999999999999800, 0.1249999999999996800 ) ) ;
#5155 = PLANE ( 'NONE',  #7008 ) ;
#5156 = FACE_OUTER_BOUND ( 'NONE', #3995, .T. ) ;
#5157 = CARTESIAN_POINT ( 'NONE',  ( 0.8749999999999998900, 0.0000000000000000000, 1.725000000000001200 ) ) ;
#5158 = CARTESIAN_POINT ( 'NONE',  ( 1.999999999999999100, 0.05000000000000000300, -1.999999999999999100 ) ) ;
#5159 = EDGE_LOOP ( 'NONE', ( #1330, #4542, #4474, #6501 ) ) ;
#5160 = VECTOR ( 'NONE', #6991, 1000.000000000000000 ) ;
#5161 = ORIENTED_EDGE ( 'NONE', *, *, #3011, .T. ) ;
#5162 = CARTESIAN_POINT ( 'NONE',  ( -1.000000000000000000, 0.6716990566028308000, 1.725000000000001000 ) ) ;
#5163 = PRESENTATION_STYLE_ASSIGNMENT (( #6592 ) ) ;
#5164 = ORIENTED_EDGE ( 'NONE', *, *, #7242, .T. ) ;
#5165 = ADVANCED_FACE ( 'NONE', ( #1914 ), #290, .T. ) ;
#5166 = DIRECTION ( 'NONE',  ( 0.0000000000000000000, -0.0000000000000000000, 1.000000000000000000 ) ) ;
#5167 = ADVANCED_FACE ( 'NONE', ( #1005 ), #2914, .F. ) ;
#5168 = EDGE_LOOP ( 'NONE', ( #4341, #5074, #5956, #2686 ) ) ;
#5169 = EDGE_CURVE ( 'NONE', #5089, #650, #1361, .T. ) ;
#5170 = CARTESIAN_POINT ( 'NONE',  ( 2.000000000000000900, 0.1999999999999999800, 1.124999999999999800 ) ) ;
#5171 = EDGE_CURVE ( 'NONE', #2895, #2980, #6144, .T. ) ;
#5172 = CARTESIAN_POINT ( 'NONE',  ( 1.125000000000000900, 0.2000000000000000100, 2.000000000000000000 ) ) ;
#5173 = ORIENTED_EDGE ( 'NONE', *, *, #5362, .F. ) ;
#5174 = CARTESIAN_POINT ( 'NONE',  ( 0.1250000000000001100, 0.6716990566028308000, -1.725000000000001200 ) ) ;
#5175 = CARTESIAN_POINT ( 'NONE',  ( 2.000000000000000900, 0.6716990566028315800, -0.3750000000000003300 ) ) ;
#5176 = DIRECTION ( 'NONE',  ( 1.000000000000000000, -0.0000000000000000000, 7.885106708985459500E-016 ) ) ;
#5177 = VECTOR ( 'NONE', #1993, 1000.000000000000000 ) ;
#5178 = DIRECTION ( 'NONE',  ( 0.0000000000000000000, 1.000000000000000000, -0.0000000000000000000 ) ) ;
#5179 = ORIENTED_EDGE ( 'NONE', *, *, #805, .F. ) ;
#5180 = EDGE_CURVE ( 'NONE', #416, #6674, #293, .T. ) ;
#5181 = DIRECTION ( 'NONE',  ( 1.000000000000000000, 0.0000000000000000000, -7.885106708985459500E-016 ) ) ;
#5182 = AXIS2_PLACEMENT_3D ( 'NONE', #6021, #5459, #240 ) ;
#5183 = DIRECTION ( 'NONE',  ( -1.000000000000000000, 0.0000000000000000000, 7.885106708985459500E-016 ) ) ;
#5184 = LINE ( 'NONE', #6039, #6956 ) ;
#5185 = AXIS2_PLACEMENT_3D ( 'NONE', #2897, #14, #5181 ) ;
#5186 = AXIS2_PLACEMENT_3D ( 'NONE', #5440, #7138, #4258 ) ;
#5187 = DIRECTION ( 'NONE',  ( 1.000000000000000000, -0.0000000000000000000, -0.0000000000000000000 ) ) ;
#5188 = VERTEX_POINT ( 'NONE', #3148 ) ;
#5189 = DIRECTION ( 'NONE',  ( 0.0000000000000000000, -1.000000000000000000, 0.0000000000000000000 ) ) ;
#5190 = LINE ( 'NONE', #6660, #4736 ) ;
#5191 = CARTESIAN_POINT ( 'NONE',  ( 1.725000000000000800, 0.6716990566028315800, 0.6249999999999996700 ) ) ;
#5192 = DIRECTION ( 'NONE',  ( 0.0000000000000000000, 0.0000000000000000000, -1.000000000000000000 ) ) ;
#5193 = PRODUCT_CONTEXT ( 'NONE', #2879, 'mechanical' ) ;
#5194 = VECTOR ( 'NONE', #776, 1000.000000000000000 ) ;
#5195 = ORIENTED_EDGE ( 'NONE', *, *, #194, .F. ) ;
#5196 = LINE ( 'NONE', #2977, #3558 ) ;
#5197 = CARTESIAN_POINT ( 'NONE',  ( -1.725000000000000800, 0.05000000000000002400, -0.8750000000000003300 ) ) ;
#5198 = CARTESIAN_POINT ( 'NONE',  ( -0.8749999999999990000, 0.2000000000000000100, 2.000000000000000000 ) ) ;
#5199 = DIRECTION ( 'NONE',  ( 0.0000000000000000000, 1.000000000000000000, 0.0000000000000000000 ) ) ;
#5200 = DIRECTION ( 'NONE',  ( 1.734723475976802600E-015, -0.0000000000000000000, 1.000000000000000000 ) ) ;
#5201 = ADVANCED_FACE ( 'NONE', ( #1904 ), #2617, .F. ) ;
#5202 = CYLINDRICAL_SURFACE ( 'NONE', #3753, 0.1250000000000003300 ) ;
#5203 = CARTESIAN_POINT ( 'NONE',  ( -1.174999999999999400, 0.2000000000000000900, 1.174999999999999600 ) ) ;
#5204 = DIRECTION ( 'NONE',  ( 0.0000000000000000000, 1.000000000000000000, 0.0000000000000000000 ) ) ;
#5205 = FACE_OUTER_BOUND ( 'NONE', #6312, .T. ) ;
#5206 = EDGE_LOOP ( 'NONE', ( #5625, #4498, #6052, #6606 ) ) ;
#5207 = ORIENTED_EDGE ( 'NONE', *, *, #5350, .T. ) ;
#5208 = DIRECTION ( 'NONE',  ( -1.577021341797104500E-015, -0.0000000000000000000, -1.000000000000000000 ) ) ;
#5209 = LINE ( 'NONE', #1411, #3289 ) ;
#5210 = FACE_OUTER_BOUND ( 'NONE', #5703, .T. ) ;
#5211 = VECTOR ( 'NONE', #5693, 1000.000000000000000 ) ;
#5213 = EDGE_CURVE ( 'NONE', #535, #6419, #6505, .T. ) ;
#5212 = CARTESIAN_POINT ( 'NONE',  ( -1.725000000000000800, 0.0000000000000000000, 0.6249999999999996700 ) ) ;
#5214 = VERTEX_POINT ( 'NONE', #268 ) ;
#5215 = CARTESIAN_POINT ( 'NONE',  ( -1.725000000000000800, 0.6716990566028315800, -0.8750000000000003300 ) ) ;
#5216 = EDGE_CURVE ( 'NONE', #974, #2964, #913, .T. ) ;
#5217 = FACE_OUTER_BOUND ( 'NONE', #3158, .T. ) ;
#5218 = PLANE ( 'NONE',  #1870 ) ;
#5219 = EDGE_CURVE ( 'NONE', #4796, #6720, #6677, .T. ) ;
#5220 = LINE ( 'NONE', #1675, #4128 ) ;
#5221 = PRESENTATION_STYLE_ASSIGNMENT (( #6374 ) ) ;
#5222 = DIRECTION ( 'NONE',  ( 0.0000000000000000000, 0.0000000000000000000, 1.000000000000000000 ) ) ;
#5223 = PLANE ( 'NONE',  #3765 ) ;
#5224 = DIRECTION ( 'NONE',  ( 0.0000000000000000000, -1.000000000000000000, 0.0000000000000000000 ) ) ;
#5225 = ORIENTED_EDGE ( 'NONE', *, *, #402, .T. ) ;
#5226 = EDGE_CURVE ( 'NONE', #884, #687, #4461, .T. ) ;
#5227 = FACE_OUTER_BOUND ( 'NONE', #1009, .T. ) ;
#5228 = SURFACE_SIDE_STYLE ('',( #4454 ) ) ;
#5229 = ORIENTED_EDGE ( 'NONE', *, *, #2889, .T. ) ;
#5230 = DIRECTION ( 'NONE',  ( 1.000000000000000000, 0.0000000000000000000, -7.885106708985459500E-016 ) ) ;
#5231 = EDGE_CURVE ( 'NONE', #6720, #2795, #1463, .T. ) ;
#5232 =( NAMED_UNIT ( * ) PLANE_ANGLE_UNIT ( ) SI_UNIT ( $, .RADIAN. ) );
#5233 = VECTOR ( 'NONE', #2187, 1000.000000000000000 ) ;
#5234 = ORIENTED_EDGE ( 'NONE', *, *, #3260, .F. ) ;
#5235 = FILL_AREA_STYLE_COLOUR ( '', #6909 ) ;
#5236 = AXIS2_PLACEMENT_3D ( 'NONE', #4641, #2316, #6919 ) ;
#5237 = DIRECTION ( 'NONE',  ( 7.885106708985459500E-016, -0.0000000000000000000, 1.000000000000000000 ) ) ;
#5238 = CARTESIAN_POINT ( 'NONE',  ( 4.928191693115927800E-016, 0.05000000000000000300, -0.6250000000000020000 ) ) ;
#5239 = FACE_OUTER_BOUND ( 'NONE', #517, .T. ) ;
#5240 = MANIFOLD_SOLID_BREP ( 'Boss-Extrude3[2]', #3952 ) ;
#5241 = ORIENTED_EDGE ( 'NONE', *, *, #7115, .T. ) ;
#5242 = CARTESIAN_POINT ( 'NONE',  ( 0.1250000000000005600, 0.2000000000000000100, 1.725000000000001200 ) ) ;
#5243 = EDGE_LOOP ( 'NONE', ( #5555, #236, #1122, #4853 ) ) ;
#5244 = DIRECTION ( 'NONE',  ( 1.000000000000000000, -0.0000000000000000000, 1.845450506358306100E-016 ) ) ;
#5245 = CIRCLE ( 'NONE', #7307, 0.1250000000000003300 ) ;
#5246 = AXIS2_PLACEMENT_3D ( 'NONE', #5861, #149, #127 ) ;
#5247 = ORIENTED_EDGE ( 'NONE', *, *, #6299, .T. ) ;
#5248 = EDGE_LOOP ( 'NONE', ( #2982, #5054, #4979, #6819, #7333, #6806, #3205, #13, #3445, #2999, #2336, #3819, #3537, #2435, #4533, #628, #3573, #5065, #778, #2780, #5479, #1484, #6368, #333, #4444, #4101, #1809, #1797, #7457, #4842, #3159, #3348, #7287, #2367, #3748, #5884, #3704, #681, #2776, #3151, #5145, #5364, #2869, #4500, #6274, #5057, #4273, #2092, #6394, #2362, #5980, #3073, #6183, #6467, #1678, #5386, #1298, #744, #6316, #5334, #250, #6177, #3613, #3790, #6898, #3147, #7132, #6792, #1950, #5431, #7424, #5437, #6035, #3674, #1504, #1179, #5066, #7180, #63, #611, #2628, #3791, #5511, #3686, #1861, #590, #1960, #4045, #5261 ) ) ;
#5249 = ORIENTED_EDGE ( 'NONE', *, *, #1324, .F. ) ;
#5250 = DIRECTION ( 'NONE',  ( -0.0000000000000000000, -1.000000000000000000, -0.0000000000000000000 ) ) ;
#5251 = DIRECTION ( 'NONE',  ( 1.000000000000000000, 0.0000000000000000000, -7.885106708985459500E-016 ) ) ;
#5252 = CARTESIAN_POINT ( 'NONE',  ( -1.300000000000000000, 0.05000000000000012800, -0.8750000000000001100 ) ) ;
#5253 = ORIENTED_EDGE ( 'NONE', *, *, #4789, .T. ) ;
#5254 = FACE_OUTER_BOUND ( 'NONE', #1888, .T. ) ;
#5255 = ORIENTED_EDGE ( 'NONE', *, *, #4696, .T. ) ;
#5256 = ORIENTED_EDGE ( 'NONE', *, *, #153, .F. ) ;
#5257 = DIRECTION ( 'NONE',  ( 0.0000000000000000000, 0.0000000000000000000, -1.000000000000000000 ) ) ;
#5258 = PLANE ( 'NONE',  #7116 ) ;
#5259 =( LENGTH_UNIT ( ) NAMED_UNIT ( * ) SI_UNIT ( .MILLI., .METRE. ) );
#5260 = LINE ( 'NONE', #2807, #171 ) ;
#5261 = ORIENTED_EDGE ( 'NONE', *, *, #6715, .F. ) ;
#5262 = CLOSED_SHELL ( 'NONE', ( #2105, #5649, #6313, #2458, #1124, #3798 ) ) ;
#5263 = DIRECTION ( 'NONE',  ( 3.469446951953614200E-015, -0.0000000000000000000, 1.000000000000000000 ) ) ;
#5264 = ORIENTED_EDGE ( 'NONE', *, *, #3607, .T. ) ;
#5265 = EDGE_CURVE ( 'NONE', #2735, #336, #3190, .T. ) ;
#5266 = CARTESIAN_POINT ( 'NONE',  ( -2.000000000000001800, 0.0000000000000000000, 0.8749999999999996700 ) ) ;
#5267 = VERTEX_POINT ( 'NONE', #3093 ) ;
#5268 = ORIENTED_EDGE ( 'NONE', *, *, #6774, .F. ) ;
#5269 = CARTESIAN_POINT ( 'NONE',  ( -0.1249999999999996800, 0.04999999999999969700, 1.999999999999999600 ) ) ;
#5270 = EDGE_CURVE ( 'NONE', #2583, #7461, #4103, .T. ) ;
#5271 = ORIENTED_EDGE ( 'NONE', *, *, #644, .T. ) ;
#5272 = CARTESIAN_POINT ( 'NONE',  ( -1.611480854806852200, 0.8000000000000000400, -1.611480854806850400 ) ) ;
#5273 = EDGE_CURVE ( 'NONE', #5267, #3700, #3272, .T. ) ;
#5274 = DIRECTION ( 'NONE',  ( 0.0000000000000000000, 0.0000000000000000000, 1.000000000000000000 ) ) ;
#5275 = VECTOR ( 'NONE', #1381, 1000.000000000000000 ) ;
#5276 = PRESENTATION_LAYER_ASSIGNMENT (  '', '', ( #4495 ) ) ;
#5277 = UNCERTAINTY_MEASURE_WITH_UNIT (LENGTH_MEASURE( 1.000000000000000100E-005 ), #1001, 'distance_accuracy_value', 'NONE');
#5278 =( NAMED_UNIT ( * ) SI_UNIT ( $, .STERADIAN. ) SOLID_ANGLE_UNIT ( ) );
#5279 = EDGE_LOOP ( 'NONE', ( #4176, #497, #4880, #72 ) ) ;
#5280 = DIRECTION ( 'NONE',  ( 0.0000000000000000000, 0.0000000000000000000, -1.000000000000000000 ) ) ;
#5281 = DIRECTION ( 'NONE',  ( 0.0000000000000000000, -1.000000000000000000, 0.0000000000000000000 ) ) ;
#5282 = DIRECTION ( 'NONE',  ( 0.0000000000000000000, -0.0000000000000000000, 1.000000000000000000 ) ) ;
#5283 = CARTESIAN_POINT ( 'NONE',  ( -1.725000000000000800, 0.1999999999999999800, 1.124999999999999800 ) ) ;
#5284 = AXIS2_PLACEMENT_3D ( 'NONE', #1136, #4591, #5282 ) ;
#5285 = CARTESIAN_POINT ( 'NONE',  ( -1.300000000000000000, 3.876955262170047600, -1.125000000000000400 ) ) ;
#5286 = LINE ( 'NONE', #6221, #5088 ) ;
#5287 = PLANE ( 'NONE',  #6098 ) ;
#5288 = ORIENTED_EDGE ( 'NONE', *, *, #2229, .F. ) ;
#5289 = CARTESIAN_POINT ( 'NONE',  ( -1.000000000000000000, 0.04999999999999999600, -1.725000000000000100 ) ) ;
#5290 = LINE ( 'NONE', #5762, #4278 ) ;
#5291 = ORIENTED_EDGE ( 'NONE', *, *, #1269, .T. ) ;
#5292 = FACE_OUTER_BOUND ( 'NONE', #6621, .T. ) ;
#5293 = DIRECTION ( 'NONE',  ( 0.0000000000000000000, 0.0000000000000000000, 1.000000000000000000 ) ) ;
#5294 = VECTOR ( 'NONE', #6753, 1000.000000000000000 ) ;
#5295 = ORIENTED_EDGE ( 'NONE', *, *, #5118, .T. ) ;
#5296 = ORIENTED_EDGE ( 'NONE', *, *, #1840, .F. ) ;
#5297 = LINE ( 'NONE', #5144, #6972 ) ;
#5298 = FACE_OUTER_BOUND ( 'NONE', #2835, .T. ) ;
#5299 = CARTESIAN_POINT ( 'NONE',  ( -2.000000000000001800, 0.04999999999999969700, 0.3749999999999996700 ) ) ;
#5300 = ORIENTED_EDGE ( 'NONE', *, *, #1227, .F. ) ;
#5301 = CARTESIAN_POINT ( 'NONE',  ( -2.000000000000001800, 0.1999999999999999800, -0.1250000000000003300 ) ) ;
#5302 = DIRECTION ( 'NONE',  ( 1.000000000000000000, -0.0000000000000000000, 0.0000000000000000000 ) ) ;
#5303 = CARTESIAN_POINT ( 'NONE',  ( -2.000000000000000900, 0.0000000000000000000, -0.3750000000000003300 ) ) ;
#5304 = FACE_OUTER_BOUND ( 'NONE', #2378, .T. ) ;
#5305 = VECTOR ( 'NONE', #1651, 1000.000000000000000 ) ;
#5306 = CARTESIAN_POINT ( 'NONE',  ( -0.8749999999999994400, 0.1999999999999999800, 1.725000000000001200 ) ) ;
#5307 = ORIENTED_EDGE ( 'NONE', *, *, #5416, .T. ) ;
#5308 = EDGE_CURVE ( 'NONE', #7323, #6652, #4015, .T. ) ;
#5309 = EDGE_LOOP ( 'NONE', ( #34, #3543, #3713, #7362, #342, #632, #6093, #7083, #1717, #3529 ) ) ;
#5310 = ORIENTED_EDGE ( 'NONE', *, *, #5730, .T. ) ;
#5311 =( NAMED_UNIT ( * ) PLANE_ANGLE_UNIT ( ) SI_UNIT ( $, .RADIAN. ) );
#5312 = EDGE_CURVE ( 'NONE', #6204, #2705, #4370, .T. ) ;
#5313 = CARTESIAN_POINT ( 'NONE',  ( -0.8749999999999994400, 0.1999999999999999800, -2.000000000000000000 ) ) ;
#5314 = AXIS2_PLACEMENT_3D ( 'NONE', #1778, #3553, #6957 ) ;
#5315 = CARTESIAN_POINT ( 'NONE',  ( -1.725000000000000800, 0.1999999999999999800, -0.3750000000000003300 ) ) ;
#5316 = DIRECTION ( 'NONE',  ( 0.0000000000000000000, -0.0000000000000000000, -1.000000000000000000 ) ) ;
#5317 = VERTEX_POINT ( 'NONE', #1944 ) ;
#5318 = LINE ( 'NONE', #1991, #227 ) ;
#5319 = ORIENTED_EDGE ( 'NONE', *, *, #3514, .F. ) ;
#5320 = ADVANCED_FACE ( 'NONE', ( #2548 ), #816, .F. ) ;
#5321 = LINE ( 'NONE', #5698, #3775 ) ;
#5322 = PLANE ( 'NONE',  #5842 ) ;
#5323 = PLANE ( 'NONE',  #4510 ) ;
#5324 = EDGE_CURVE ( 'NONE', #7144, #6400, #996, .T. ) ;
#5325 = CARTESIAN_POINT ( 'NONE',  ( 1.174999999999999800, 0.2000000000000000900, 1.174999999999999800 ) ) ;
#5326 = VERTEX_POINT ( 'NONE', #157 ) ;
#5327 = LINE ( 'NONE', #3218, #3780 ) ;
#5328 = VERTEX_POINT ( 'NONE', #3626 ) ;
#5329 = AXIS2_PLACEMENT_3D ( 'NONE', #4670, #5281, #5836 ) ;
#5330 = LINE ( 'NONE', #139, #7001 ) ;
#5331 = ORIENTED_EDGE ( 'NONE', *, *, #6193, .F. ) ;
#5332 = ORIENTED_EDGE ( 'NONE', *, *, #1518, .T. ) ;
#5333 = VECTOR ( 'NONE', #4394, 1000.000000000000000 ) ;
#5334 = ORIENTED_EDGE ( 'NONE', *, *, #1280, .F. ) ;
#5335 = DIRECTION ( 'NONE',  ( -0.0000000000000000000, -1.000000000000000000, -0.0000000000000000000 ) ) ;
#5336 = CARTESIAN_POINT ( 'NONE',  ( -2.000000000000001800, 0.6716990566028315800, 0.3749999999999996700 ) ) ;
#5337 = ORIENTED_EDGE ( 'NONE', *, *, #1178, .F. ) ;
#5338 = CARTESIAN_POINT ( 'NONE',  ( -0.3749999999999998900, 0.0000000000000000000, -1.725000000000001200 ) ) ;
#5339 = VERTEX_POINT ( 'NONE', #3040 ) ;
#5340 = LINE ( 'NONE', #7311, #7266 ) ;
#5341 = ORIENTED_EDGE ( 'NONE', *, *, #1552, .F. ) ;
#5342 = DIRECTION ( 'NONE',  ( 0.0000000000000000000, 0.0000000000000000000, -1.000000000000000000 ) ) ;
#5343 = ORIENTED_EDGE ( 'NONE', *, *, #4327, .T. ) ;
#5344 = ORIENTED_EDGE ( 'NONE', *, *, #1014, .T. ) ;
#5345 = DIRECTION ( 'NONE',  ( 0.0000000000000000000, -0.0000000000000000000, 1.000000000000000000 ) ) ;
#5346 = CARTESIAN_POINT ( 'NONE',  ( -0.5000000000000000000, 0.2000000000000000100, 1.725000000000001000 ) ) ;
#5347 = CARTESIAN_POINT ( 'NONE',  ( 1.725000000000000800, 0.6716990566028315800, 0.8749999999999996700 ) ) ;
#5348 = FILL_AREA_STYLE ('',( #1668 ) ) ;
#5349 = ORIENTED_EDGE ( 'NONE', *, *, #6012, .T. ) ;
#5350 = EDGE_CURVE ( 'NONE', #2751, #1229, #5889, .T. ) ;
#5351 = CARTESIAN_POINT ( 'NONE',  ( -0.3749999999999994400, 0.2000000000000000100, -2.000000000000000000 ) ) ;
#5352 = LINE ( 'NONE', #2082, #3627 ) ;
#5353 = DIRECTION ( 'NONE',  ( -0.0000000000000000000, -1.000000000000000000, -0.0000000000000000000 ) ) ;
#5354 = AXIS2_PLACEMENT_3D ( 'NONE', #2375, #103, #6938 ) ;
#5355 = ADVANCED_FACE ( 'NONE', ( #1277 ), #7212, .T. ) ;
#5356 = ORIENTED_EDGE ( 'NONE', *, *, #2582, .T. ) ;
#5357 = DIRECTION ( 'NONE',  ( -0.0000000000000000000, -1.000000000000000000, -0.0000000000000000000 ) ) ;
#5358 = CARTESIAN_POINT ( 'NONE',  ( -1.725000000000000300, 0.0000000000000000000, -0.5000000000000004400 ) ) ;
#5359 = DIRECTION ( 'NONE',  ( 1.577021341797104500E-015, 0.0000000000000000000, -1.000000000000000000 ) ) ;
#5360 = LINE ( 'NONE', #3823, #1097 ) ;
#5361 = CARTESIAN_POINT ( 'NONE',  ( 1.999999999999999100, 0.05000000000000000300, -1.999999999999999100 ) ) ;
#5362 = EDGE_CURVE ( 'NONE', #3727, #2664, #4557, .T. ) ;
#5363 = DIRECTION ( 'NONE',  ( 0.0000000000000000000, 1.000000000000000000, 0.0000000000000000000 ) ) ;
#5364 = ORIENTED_EDGE ( 'NONE', *, *, #5401, .F. ) ;
#5365 = EDGE_CURVE ( 'NONE', #2402, #3215, #2638, .T. ) ;
#5366 = AXIS2_PLACEMENT_3D ( 'NONE', #353, #5526, #859 ) ;
#5367 = FACE_OUTER_BOUND ( 'NONE', #1058, .T. ) ;
#5368 = DIRECTION ( 'NONE',  ( -0.0000000000000000000, -1.000000000000000000, -0.0000000000000000000 ) ) ;
#5369 = CARTESIAN_POINT ( 'NONE',  ( -1.125000000000000200, 0.1999999999999999800, 1.725000000000001200 ) ) ;
#5370 = DIRECTION ( 'NONE',  ( 0.0000000000000000000, 1.000000000000000000, -0.0000000000000000000 ) ) ;
#5371 = CARTESIAN_POINT ( 'NONE',  ( -1.725000000000000300, 0.1999999999999999800, -1.000000000000000400 ) ) ;
#5372 = LINE ( 'NONE', #7090, #2275 ) ;
#5373 = ORIENTED_EDGE ( 'NONE', *, *, #805, .T. ) ;
#5374 = VECTOR ( 'NONE', #4127, 1000.000000000000000 ) ;
#5375 = AXIS2_PLACEMENT_3D ( 'NONE', #1795, #47, #4109 ) ;
#5376 =( NAMED_UNIT ( * ) SI_UNIT ( $, .STERADIAN. ) SOLID_ANGLE_UNIT ( ) );
#5377 = CARTESIAN_POINT ( 'NONE',  ( 1.175000000000000000, 0.2000000000000000900, -1.299999999999999800 ) ) ;
#5378 = LINE ( 'NONE', #1589, #7413 ) ;
#5379 = ORIENTED_EDGE ( 'NONE', *, *, #7404, .T. ) ;
#5380 = CARTESIAN_POINT ( 'NONE',  ( -1.125000000000000400, 0.1999999999999999800, -1.725000000000000800 ) ) ;
#5381 = PLANE ( 'NONE',  #4879 ) ;
#5382 = DIRECTION ( 'NONE',  ( 1.000000000000000000, 0.0000000000000000000, -1.577021341797107100E-015 ) ) ;
#5383 = LINE ( 'NONE', #1487, #6164 ) ;
#5384 = VECTOR ( 'NONE', #3454, 1000.000000000000000 ) ;
#5385 = CARTESIAN_POINT ( 'NONE',  ( 0.3749999999999996700, 0.6716990566028308000, -1.725000000000000800 ) ) ;
#5386 = ORIENTED_EDGE ( 'NONE', *, *, #4576, .F. ) ;
#5387 = FACE_OUTER_BOUND ( 'NONE', #85, .T. ) ;
#5388 = DIRECTION ( 'NONE',  ( 0.0000000000000000000, 1.000000000000000000, 0.0000000000000000000 ) ) ;
#5389 = ADVANCED_FACE ( 'NONE', ( #383 ), #3068, .T. ) ;
#5390 = LINE ( 'NONE', #7382, #6362 ) ;
#5391 = PLANE ( 'NONE',  #5660 ) ;
#5392 = CARTESIAN_POINT ( 'NONE',  ( 1.125000000000000700, 0.0000000000000000000, -2.000000000000000000 ) ) ;
#5393 = EDGE_LOOP ( 'NONE', ( #6025, #5319, #7098, #1158 ) ) ;
#5394 = DIRECTION ( 'NONE',  ( 1.000000000000000000, 0.0000000000000000000, 7.885106708985459500E-016 ) ) ;
#5395 = SURFACE_STYLE_FILL_AREA ( #3890 ) ;
#5396 = ORIENTED_EDGE ( 'NONE', *, *, #161, .F. ) ;
#5397 = SHAPE_DEFINITION_REPRESENTATION ( #4771, #7349 ) ;
#5398 = VERTEX_POINT ( 'NONE', #5933 ) ;
#5399 = DIRECTION ( 'NONE',  ( 0.0000000000000000000, 1.000000000000000000, -0.0000000000000000000 ) ) ;
#5400 = DIRECTION ( 'NONE',  ( -1.000000000000000000, 0.0000000000000000000, -0.0000000000000000000 ) ) ;
#5401 = EDGE_CURVE ( 'NONE', #4253, #4513, #6862, .T. ) ;
#5402 = VECTOR ( 'NONE', #2157, 1000.000000000000000 ) ;
#5403 = EDGE_LOOP ( 'NONE', ( #4373, #4952, #6190, #1041 ) ) ;
#5404 = EDGE_CURVE ( 'NONE', #5119, #1546, #4187, .T. ) ;
#5405 = VERTEX_POINT ( 'NONE', #2560 ) ;
#5406 = CARTESIAN_POINT ( 'NONE',  ( 2.000000000000001800, 0.1999999999999999800, -1.125000000000000400 ) ) ;
#5407 = AXIS2_PLACEMENT_3D ( 'NONE', #6056, #7142, #7168 ) ;
#5408 = DIRECTION ( 'NONE',  ( 0.0000000000000000000, 0.0000000000000000000, -1.000000000000000000 ) ) ;
#5409 = FACE_OUTER_BOUND ( 'NONE', #6667, .T. ) ;
#5410 = EDGE_LOOP ( 'NONE', ( #4660, #6413, #1032, #6329 ) ) ;
#5411 = AXIS2_PLACEMENT_3D ( 'NONE', #1474, #4369, #5536 ) ;
#5412 = VERTEX_POINT ( 'NONE', #4966 ) ;
#5413 = VECTOR ( 'NONE', #7125, 1000.000000000000000 ) ;
#5414 = VERTEX_POINT ( 'NONE', #887 ) ;
#5415 = DIRECTION ( 'NONE',  ( 0.0000000000000000000, 0.0000000000000000000, -1.000000000000000000 ) ) ;
#5416 = EDGE_CURVE ( 'NONE', #117, #6214, #3634, .T. ) ;
#5417 = CIRCLE ( 'NONE', #7359, 0.1250000000000001100 ) ;
#5418 = AXIS2_PLACEMENT_3D ( 'NONE', #2775, #5116, #409 ) ;
#5419 = EDGE_LOOP ( 'NONE', ( #7052, #4137, #4786, #3914 ) ) ;
#5420 = CIRCLE ( 'NONE', #421, 0.1250000000000001100 ) ;
#5421 = ORIENTED_EDGE ( 'NONE', *, *, #2448, .T. ) ;
#5422 = ORIENTED_EDGE ( 'NONE', *, *, #4343, .F. ) ;
#5423 = AXIS2_PLACEMENT_3D ( 'NONE', #6532, #5941, #7080 ) ;
#5424 = AXIS2_PLACEMENT_3D ( 'NONE', #3002, #655, #3030 ) ;
#5425 = FACE_OUTER_BOUND ( 'NONE', #4010, .T. ) ;
#5426 = DIRECTION ( 'NONE',  ( 0.0000000000000000000, 0.0000000000000000000, -1.000000000000000000 ) ) ;
#5427 = CARTESIAN_POINT ( 'NONE',  ( 0.8750000000000003300, 0.2000000000000000100, 1.999999999999999600 ) ) ;
#5428 = DIRECTION ( 'NONE',  ( 1.734723475976802600E-015, -0.0000000000000000000, 1.000000000000000000 ) ) ;
#5429 = ORIENTED_EDGE ( 'NONE', *, *, #6355, .F. ) ;
#5430 = ORIENTED_EDGE ( 'NONE', *, *, #5219, .F. ) ;
#5431 = ORIENTED_EDGE ( 'NONE', *, *, #6252, .F. ) ;
#5432 = ADVANCED_FACE ( 'NONE', ( #2631 ), #1898, .T. ) ;
#5433 = CARTESIAN_POINT ( 'NONE',  ( -1.725000000000000300, 0.1999999999999999800, -0.5000000000000004400 ) ) ;
#5434 = CARTESIAN_POINT ( 'NONE',  ( 1.125000000000000200, 0.2000000000000000100, -1.725000000000001200 ) ) ;
#5435 = CARTESIAN_POINT ( 'NONE',  ( -0.3749999999999998900, 0.2000000000000000100, -1.725000000000001200 ) ) ;
#5436 = ORIENTED_EDGE ( 'NONE', *, *, #5909, .T. ) ;
#5437 = ORIENTED_EDGE ( 'NONE', *, *, #2718, .F. ) ;
#5438 = CARTESIAN_POINT ( 'NONE',  ( -1.300000000000000000, 0.05000000000000012800, 1.174999999999999600 ) ) ;
#5439 = ORIENTED_EDGE ( 'NONE', *, *, #4345, .F. ) ;
#5440 = CARTESIAN_POINT ( 'NONE',  ( 0.8749999999999998900, 0.6716990566028308000, -1.999999999999999600 ) ) ;
#5441 = PLANE ( 'NONE',  #1100 ) ;
#5442 = CARTESIAN_POINT ( 'NONE',  ( -0.5000000000000000000, 0.2000000000000000100, -1.725000000000000100 ) ) ;
#5443 = FACE_OUTER_BOUND ( 'NONE', #3395, .T. ) ;
#5444 = DIRECTION ( 'NONE',  ( -7.885106708985459500E-016, 0.0000000000000000000, 1.000000000000000000 ) ) ;
#5445 = EDGE_CURVE ( 'NONE', #2417, #4877, #6855, .T. ) ;
#5446 = EDGE_LOOP ( 'NONE', ( #1402, #2243, #5161, #3080 ) ) ;
#5447 = CARTESIAN_POINT ( 'NONE',  ( -1.725000000000000800, 0.6716990566028315800, -0.6250000000000005600 ) ) ;
#5448 = CARTESIAN_POINT ( 'NONE',  ( -0.1250000000000003300, 0.04999999999999999600, -1.725000000000000800 ) ) ;
#5449 = EDGE_CURVE ( 'NONE', #7373, #6167, #4008, .T. ) ;
#5450 = CARTESIAN_POINT ( 'NONE',  ( 0.6250000000000005600, 0.2000000000000000100, -2.000000000000000000 ) ) ;
#5451 = PRESENTATION_STYLE_ASSIGNMENT (( #5090 ) ) ;
#5452 = AXIS2_PLACEMENT_3D ( 'NONE', #3435, #514, #6851 ) ;
#5453 = VERTEX_POINT ( 'NONE', #2585 ) ;
#5454 = CARTESIAN_POINT ( 'NONE',  ( 1.725000000000000800, 0.6716990566028315800, -1.125000000000000400 ) ) ;
#5455 = VECTOR ( 'NONE', #5813, 1000.000000000000000 ) ;
#5456 = EDGE_CURVE ( 'NONE', #4270, #6396, #827, .T. ) ;
#5457 = EDGE_LOOP ( 'NONE', ( #5774, #2710, #4334, #2176 ) ) ;
#5458 = LINE ( 'NONE', #1319, #2182 ) ;
#5459 = DIRECTION ( 'NONE',  ( -0.0000000000000000000, 1.000000000000000000, -0.0000000000000000000 ) ) ;
#5460 = EDGE_CURVE ( 'NONE', #347, #7260, #5360, .T. ) ;
#5461 = EDGE_CURVE ( 'NONE', #4067, #2034, #374, .T. ) ;
#5462 = ORIENTED_EDGE ( 'NONE', *, *, #221, .T. ) ;
#5463 = ADVANCED_FACE ( 'NONE', ( #3817 ), #7038, .F. ) ;
#5464 = DIRECTION ( 'NONE',  ( -0.0000000000000000000, 0.0000000000000000000, -1.000000000000000000 ) ) ;
#5465 = AXIS2_PLACEMENT_3D ( 'NONE', #6681, #3274, #4477 ) ;
#5466 = DIRECTION ( 'NONE',  ( -0.0000000000000000000, -1.000000000000000000, -0.0000000000000000000 ) ) ;
#5467 = VERTEX_POINT ( 'NONE', #1997 ) ;
#5468 = CARTESIAN_POINT ( 'NONE',  ( -1.725000000000000800, 0.1999999999999999800, -0.8750000000000003300 ) ) ;
#5469 = DIRECTION ( 'NONE',  ( -0.0000000000000000000, -1.000000000000000000, -0.0000000000000000000 ) ) ;
#5470 = VECTOR ( 'NONE', #2483, 1000.000000000000000 ) ;
#5471 = FACE_OUTER_BOUND ( 'NONE', #6488, .T. ) ;
#5472 = ORIENTED_EDGE ( 'NONE', *, *, #4058, .F. ) ;
#5473 = DIRECTION ( 'NONE',  ( -0.0000000000000000000, -1.000000000000000000, -0.0000000000000000000 ) ) ;
#5474 = CARTESIAN_POINT ( 'NONE',  ( 0.3749999999999998900, 0.0000000000000000000, -1.999999999999999600 ) ) ;
#5475 = DIRECTION ( 'NONE',  ( 1.000000000000000000, -0.0000000000000000000, 1.734723475976802600E-015 ) ) ;
#5476 = VECTOR ( 'NONE', #4075, 1000.000000000000000 ) ;
#5477 = PRESENTATION_STYLE_ASSIGNMENT (( #6228 ) ) ;
#5478 = DIRECTION ( 'NONE',  ( 0.0000000000000000000, 0.0000000000000000000, -1.000000000000000000 ) ) ;
#5479 = ORIENTED_EDGE ( 'NONE', *, *, #1780, .F. ) ;
#5480 = DIRECTION ( 'NONE',  ( 1.000000000000000000, -0.0000000000000000000, -1.084202172485504400E-016 ) ) ;
#5481 = FACE_OUTER_BOUND ( 'NONE', #2530, .T. ) ;
#5482 = DIRECTION ( 'NONE',  ( 1.734723475976802600E-015, -0.0000000000000000000, 1.000000000000000000 ) ) ;
#5483 = ORIENTED_EDGE ( 'NONE', *, *, #845, .T. ) ;
#5484 = ORIENTED_EDGE ( 'NONE', *, *, #2357, .F. ) ;
#5485 = CARTESIAN_POINT ( 'NONE',  ( 1.125000000000000400, 0.2000000000000000100, 1.725000000000001200 ) ) ;
#5486 = PLANE ( 'NONE',  #6322 ) ;
#5487 = CARTESIAN_POINT ( 'NONE',  ( 1.725000000000000300, 0.6716990566028315800, -0.5000000000000002200 ) ) ;
#5488 = EDGE_CURVE ( 'NONE', #5508, #614, #5184, .T. ) ;
#5489 = ORIENTED_EDGE ( 'NONE', *, *, #112, .T. ) ;
#5490 = VECTOR ( 'NONE', #2425, 1000.000000000000000 ) ;
#5491 = VERTEX_POINT ( 'NONE', #5497 ) ;
#5492 = PLANE ( 'NONE',  #6358 ) ;
#5493 = DIRECTION ( 'NONE',  ( 0.0000000000000000000, 0.0000000000000000000, -1.000000000000000000 ) ) ;
#5494 = EDGE_CURVE ( 'NONE', #6822, #6158, #3181, .T. ) ;
#5495 = COLOUR_RGB ( '',0.7921568627450980000, 0.8196078431372548800, 0.9333333333333333500 ) ;
#5496 = CARTESIAN_POINT ( 'NONE',  ( 2.000000000000001800, 0.0000000000000000000, -1.125000000000000400 ) ) ;
#5497 = CARTESIAN_POINT ( 'NONE',  ( 1.300000000000000000, 0.2000000000000000900, -1.174999999999999800 ) ) ;
#5498 = EDGE_LOOP ( 'NONE', ( #5839, #5179, #1538, #958 ) ) ;
#5499 = CARTESIAN_POINT ( 'NONE',  ( 0.8750000000000003300, 0.2000000000000000100, 1.999999999999999600 ) ) ;
#5500 = CIRCLE ( 'NONE', #1531, 0.1250000000000001100 ) ;
#5501 = ORIENTED_EDGE ( 'NONE', *, *, #4964, .T. ) ;
#5502 = DIRECTION ( 'NONE',  ( -1.000000000000000000, 0.0000000000000000000, 0.0000000000000000000 ) ) ;
#5503 = EDGE_CURVE ( 'NONE', #4792, #7093, #646, .T. ) ;
#5504 = ADVANCED_FACE ( 'NONE', ( #553 ), #3918, .T. ) ;
#5505 = LINE ( 'NONE', #2812, #3971 ) ;
#5506 = EDGE_CURVE ( 'NONE', #6385, #6822, #5286, .T. ) ;
#5507 = DIRECTION ( 'NONE',  ( 0.0000000000000000000, 0.0000000000000000000, -1.000000000000000000 ) ) ;
#5508 = VERTEX_POINT ( 'NONE', #438 ) ;
#5509 = EDGE_CURVE ( 'NONE', #2976, #7013, #3268, .T. ) ;
#5510 = FILL_AREA_STYLE_COLOUR ( '', #6870 ) ;
#5511 = ORIENTED_EDGE ( 'NONE', *, *, #885, .F. ) ;
#5512 = VECTOR ( 'NONE', #6087, 1000.000000000000000 ) ;
#5513 = AXIS2_PLACEMENT_3D ( 'NONE', #1063, #6360, #6903 ) ;
#5514 = VERTEX_POINT ( 'NONE', #7375 ) ;
#5515 = ORIENTED_EDGE ( 'NONE', *, *, #2085, .F. ) ;
#5516 =( NAMED_UNIT ( * ) PLANE_ANGLE_UNIT ( ) SI_UNIT ( $, .RADIAN. ) );
#5517 = CARTESIAN_POINT ( 'NONE',  ( 2.000000000000001800, 0.1999999999999999800, -0.6250000000000003300 ) ) ;
#5518 = AXIS2_PLACEMENT_3D ( 'NONE', #2160, #6179, #6232 ) ;
#5519 = VECTOR ( 'NONE', #6704, 1000.000000000000000 ) ;
#5520 = DIRECTION ( 'NONE',  ( 0.0000000000000000000, 0.0000000000000000000, -1.000000000000000000 ) ) ;
#5521 =( NAMED_UNIT ( * ) PLANE_ANGLE_UNIT ( ) SI_UNIT ( $, .RADIAN. ) );
#5522 = EDGE_LOOP ( 'NONE', ( #4246, #1968, #5439, #1669, #5153, #2410, #5023, #6452, #5271, #5042, #443, #2110, #867, #2788, #6492, #5700, #4761, #3006, #6831, #556, #7158, #3149, #400, #6267 ) ) ;
#5523 = EDGE_LOOP ( 'NONE', ( #4243, #3762, #875, #3870 ) ) ;
#5524 = DIRECTION ( 'NONE',  ( 0.0000000000000000000, 1.000000000000000000, 0.0000000000000000000 ) ) ;
#5525 = AXIS2_PLACEMENT_3D ( 'NONE', #1165, #6284, #610 ) ;
#5526 = DIRECTION ( 'NONE',  ( 0.0000000000000000000, 1.000000000000000000, 0.0000000000000000000 ) ) ;
#5527 = VECTOR ( 'NONE', #1988, 1000.000000000000000 ) ;
#5528 = CLOSED_SHELL ( 'NONE', ( #3684, #4716, #3144, #2643, #1435, #1965 ) ) ;
#5529 = ORIENTED_EDGE ( 'NONE', *, *, #5584, .F. ) ;
#5530 = AXIS2_PLACEMENT_3D ( 'NONE', #2024, #3777, #7146 ) ;
#5531 = DIRECTION ( 'NONE',  ( 0.0000000000000000000, 0.0000000000000000000, -1.000000000000000000 ) ) ;
#5532 = CARTESIAN_POINT ( 'NONE',  ( -1.725000000000000800, 0.1999999999999999800, -1.125000000000000700 ) ) ;
#5533 = DIRECTION ( 'NONE',  ( 0.0000000000000000000, -0.0000000000000000000, 1.000000000000000000 ) ) ;
#5534 = ORIENTED_EDGE ( 'NONE', *, *, #6710, .T. ) ;
#5535 = FACE_OUTER_BOUND ( 'NONE', #5767, .T. ) ;
#5536 = DIRECTION ( 'NONE',  ( 3.469446951953611000E-015, 0.0000000000000000000, 1.000000000000000000 ) ) ;
#5537 = ORIENTED_EDGE ( 'NONE', *, *, #462, .F. ) ;
#5538 = DIRECTION ( 'NONE',  ( 0.0000000000000000000, 0.0000000000000000000, -1.000000000000000000 ) ) ;
#5539 = FACE_OUTER_BOUND ( 'NONE', #3655, .T. ) ;
#5540 = ADVANCED_FACE ( 'NONE', ( #910 ), #2172, .T. ) ;
#5541 = ORIENTED_EDGE ( 'NONE', *, *, #2770, .T. ) ;
#5542 = DIRECTION ( 'NONE',  ( -1.577021341797104500E-015, 0.0000000000000000000, 1.000000000000000000 ) ) ;
#5543 = LINE ( 'NONE', #2599, #2814 ) ;
#5544 = EDGE_CURVE ( 'NONE', #2705, #5765, #2451, .T. ) ;
#5545 = CARTESIAN_POINT ( 'NONE',  ( -2.000000000000001800, 0.1999999999999999800, 0.8749999999999996700 ) ) ;
#5546 = DIRECTION ( 'NONE',  ( -7.885106708985459500E-016, 0.0000000000000000000, 1.000000000000000000 ) ) ;
#5547 = EDGE_CURVE ( 'NONE', #5804, #6422, #3732, .T. ) ;
#5548 = CARTESIAN_POINT ( 'NONE',  ( -1.300000000000000000, 0.2000000000000000900, -1.175000000000000000 ) ) ;
#5549 = VECTOR ( 'NONE', #1302, 1000.000000000000000 ) ;
#5550 = ORIENTED_EDGE ( 'NONE', *, *, #3533, .F. ) ;
#5551 = LINE ( 'NONE', #2414, #1110 ) ;
#5552 = PLANE ( 'NONE',  #2400 ) ;
#5553 = VECTOR ( 'NONE', #6169, 1000.000000000000000 ) ;
#5554 = LINE ( 'NONE', #1884, #491 ) ;
#5555 = ORIENTED_EDGE ( 'NONE', *, *, #804, .F. ) ;
#5556 = EDGE_CURVE ( 'NONE', #2976, #3238, #6328, .T. ) ;
#5557 = AXIS2_PLACEMENT_3D ( 'NONE', #1947, #5986, #2026 ) ;
#5558 = FACE_OUTER_BOUND ( 'NONE', #2970, .T. ) ;
#5559 = LINE ( 'NONE', #2019, #2291 ) ;
#5560 = DIRECTION ( 'NONE',  ( 0.0000000000000000000, 1.000000000000000000, 0.0000000000000000000 ) ) ;
#5561 = AXIS2_PLACEMENT_3D ( 'NONE', #2258, #4602, #1117 ) ;
#5562 = CARTESIAN_POINT ( 'NONE',  ( 0.5000000000000000000, 0.2000000000000000100, 1.725000000000001000 ) ) ;
#5563 = VECTOR ( 'NONE', #4157, 1000.000000000000000 ) ;
#5564 = AXIS2_PLACEMENT_3D ( 'NONE', #2354, #4625, #636 ) ;
#5565 = ORIENTED_EDGE ( 'NONE', *, *, #2390, .T. ) ;
#5566 = CARTESIAN_POINT ( 'NONE',  ( 0.5000000000000000000, 0.0000000000000000000, 1.725000000000001000 ) ) ;
#5567 = DIRECTION ( 'NONE',  ( -0.0000000000000000000, -1.000000000000000000, -0.0000000000000000000 ) ) ;
#5568 = CYLINDRICAL_SURFACE ( 'NONE', #6260, 0.1250000000000001100 ) ;
#5569 = CYLINDRICAL_SURFACE ( 'NONE', #264, 0.1250000000000003300 ) ;
#5570 = DIRECTION ( 'NONE',  ( -3.469446951953614200E-015, 0.0000000000000000000, -1.000000000000000000 ) ) ;
#5571 = DIRECTION ( 'NONE',  ( 1.000000000000000000, 0.0000000000000000000, -1.734723475976802600E-015 ) ) ;
#5572 = CARTESIAN_POINT ( 'NONE',  ( -0.1250000000000003300, 0.1999999999999999800, -1.725000000000000800 ) ) ;
#5573 = ADVANCED_FACE ( 'NONE', ( #7396 ), #5011, .T. ) ;
#5574 = VECTOR ( 'NONE', #67, 1000.000000000000000 ) ;
#5575 = ADVANCED_FACE ( 'NONE', ( #4814 ), #6772, .T. ) ;
#5576 = ORIENTED_EDGE ( 'NONE', *, *, #3312, .F. ) ;
#5577 = VERTEX_POINT ( 'NONE', #5068 ) ;
#5578 = CARTESIAN_POINT ( 'NONE',  ( -1.725000000000000800, 0.1999999999999999800, 0.1249999999999996800 ) ) ;
#5579 = VERTEX_POINT ( 'NONE', #1055 ) ;
#5580 = PRESENTATION_STYLE_ASSIGNMENT (( #2298 ) ) ;
#5581 = EDGE_LOOP ( 'NONE', ( #4905, #5501, #2845, #4937 ) ) ;
#5582 = CARTESIAN_POINT ( 'NONE',  ( -0.5000000000000000000, 0.6716990566028308000, 1.725000000000001000 ) ) ;
#5583 = MANIFOLD_SOLID_BREP ( 'LPattern4[1]', #5528 ) ;
#5584 = EDGE_CURVE ( 'NONE', #2226, #2766, #3362, .T. ) ;
#5585 = VECTOR ( 'NONE', #4367, 1000.000000000000000 ) ;
#5586 = ORIENTED_EDGE ( 'NONE', *, *, #889, .F. ) ;
#5587 = PLANE ( 'NONE',  #7245 ) ;
#5588 = ORIENTED_EDGE ( 'NONE', *, *, #6343, .F. ) ;
#5589 = EDGE_CURVE ( 'NONE', #2857, #1529, #1640, .T. ) ;
#5590 = VECTOR ( 'NONE', #3792, 1000.000000000000000 ) ;
#5591 = EDGE_LOOP ( 'NONE', ( #900, #4252, #451, #3854 ) ) ;
#5592 = EDGE_CURVE ( 'NONE', #4004, #2962, #6233, .T. ) ;
#5593 = LINE ( 'NONE', #2339, #4073 ) ;
#5594 = SURFACE_SIDE_STYLE ('',( #472 ) ) ;
#5595 = CARTESIAN_POINT ( 'NONE',  ( -0.3749999999999994400, 0.0000000000000000000, 1.725000000000001200 ) ) ;
#5596 = DIRECTION ( 'NONE',  ( 0.0000000000000000000, 0.0000000000000000000, 1.000000000000000000 ) ) ;
#5597 = VERTEX_POINT ( 'NONE', #3849 ) ;
#5598 = FACE_OUTER_BOUND ( 'NONE', #5591, .T. ) ;
#5599 = EDGE_LOOP ( 'NONE', ( #35, #4310, #2590, #2597 ) ) ;
#5600 = ORIENTED_EDGE ( 'NONE', *, *, #4299, .T. ) ;
#5601 = EDGE_CURVE ( 'NONE', #709, #2969, #6062, .T. ) ;
#5602 = EDGE_CURVE ( 'NONE', #6517, #602, #4730, .T. ) ;
#5603 = LINE ( 'NONE', #6227, #4346 ) ;
#5604 = CARTESIAN_POINT ( 'NONE',  ( 1.725000000000000300, 0.1999999999999999800, -1.000000000000000200 ) ) ;
#5605 = AXIS2_PLACEMENT_3D ( 'NONE', #2723, #2248, #3455 ) ;
#5606 = ORIENTED_EDGE ( 'NONE', *, *, #5728, .F. ) ;
#5607 = EDGE_LOOP ( 'NONE', ( #696, #4515, #966, #2551 ) ) ;
#5608 = SURFACE_STYLE_USAGE ( .BOTH. , #4421 ) ;
#5609 = ORIENTED_EDGE ( 'NONE', *, *, #1177, .T. ) ;
#5610 = MECHANICAL_DESIGN_GEOMETRIC_PRESENTATION_REPRESENTATION (  '', ( #3273 ), #4165 ) ;
#5611 = PLANE ( 'NONE',  #5465 ) ;
#5612 = ADVANCED_FACE ( 'NONE', ( #1272 ), #2142, .F. ) ;
#5613 = ORIENTED_EDGE ( 'NONE', *, *, #7203, .T. ) ;
#5614 = CARTESIAN_POINT ( 'NONE',  ( 0.3749999999999996700, 0.04999999999999999600, -1.725000000000000800 ) ) ;
#5615 = DIRECTION ( 'NONE',  ( 0.0000000000000000000, 1.000000000000000000, -0.0000000000000000000 ) ) ;
#5616 = ADVANCED_FACE ( 'NONE', ( #187 ), #3426, .F. ) ;
#5617 = ORIENTED_EDGE ( 'NONE', *, *, #7352, .F. ) ;
#5618 = PLANE ( 'NONE',  #1913 ) ;
#5619 = CARTESIAN_POINT ( 'NONE',  ( -0.8749999999999998900, 0.2000000000000000100, -1.725000000000001200 ) ) ;
#5620 = CARTESIAN_POINT ( 'NONE',  ( -0.6250000000000001100, 0.0000000000000000000, -1.999999999999999600 ) ) ;
#5621 = VERTEX_POINT ( 'NONE', #557 ) ;
#5622 = CARTESIAN_POINT ( 'NONE',  ( 0.8749999999999998900, 0.6716990566028308000, 1.725000000000001200 ) ) ;
#5623 = VECTOR ( 'NONE', #4359, 1000.000000000000000 ) ;
#5624 = DIRECTION ( 'NONE',  ( 0.0000000000000000000, 0.0000000000000000000, -1.000000000000000000 ) ) ;
#5625 = ORIENTED_EDGE ( 'NONE', *, *, #6057, .T. ) ;
#5626 = CARTESIAN_POINT ( 'NONE',  ( -1.725000000000000800, 0.05000000000000002400, 0.3749999999999994400 ) ) ;
#5627 = VECTOR ( 'NONE', #6461, 1000.000000000000000 ) ;
#5628 = EDGE_CURVE ( 'NONE', #4362, #3656, #2996, .T. ) ;
#5629 = EDGE_LOOP ( 'NONE', ( #4707, #3703, #6462, #1387 ) ) ;
#5630 = CYLINDRICAL_SURFACE ( 'NONE', #1285, 0.1250000000000001100 ) ;
#5631 = VERTEX_POINT ( 'NONE', #4669 ) ;
#5632 = DIRECTION ( 'NONE',  ( 1.577021341797104500E-015, 0.0000000000000000000, 1.000000000000000000 ) ) ;
#5633 = LINE ( 'NONE', #2343, #7046 ) ;
#5634 = CARTESIAN_POINT ( 'NONE',  ( -1.299999999999999800, 0.2000000000000000900, -1.000000000000000200 ) ) ;
#5635 = DIRECTION ( 'NONE',  ( 0.0000000000000000000, -1.000000000000000000, 0.0000000000000000000 ) ) ;
#5636 = CARTESIAN_POINT ( 'NONE',  ( 0.6250000000000010000, 0.04999999999999969700, 2.000000000000000000 ) ) ;
#5637 = DIRECTION ( 'NONE',  ( -0.0000000000000000000, -1.000000000000000000, -0.0000000000000000000 ) ) ;
#5638 = VECTOR ( 'NONE', #6640, 1000.000000000000000 ) ;
#5639 = EDGE_CURVE ( 'NONE', #4172, #5008, #1735, .T. ) ;
#5640 = VERTEX_POINT ( 'NONE', #2802 ) ;
#5641 = DIRECTION ( 'NONE',  ( 0.0000000000000000000, 1.000000000000000000, 0.0000000000000000000 ) ) ;
#5642 = EDGE_LOOP ( 'NONE', ( #2694, #2171, #4436, #6205 ) ) ;
#5643 = CARTESIAN_POINT ( 'NONE',  ( -1.000000000000000000, 0.2000000000000000100, 1.725000000000001000 ) ) ;
#5644 = EDGE_CURVE ( 'NONE', #1015, #4534, #4180, .T. ) ;
#5645 = ADVANCED_FACE ( 'NONE', ( #6671 ), #1134, .F. ) ;
#5646 = LINE ( 'NONE', #4030, #1113 ) ;
#5647 = CARTESIAN_POINT ( 'NONE',  ( -1.725000000000000300, 0.6716990566028315800, -1.000000000000000400 ) ) ;
#5648 = DIRECTION ( 'NONE',  ( 1.000000000000000000, 0.0000000000000000000, 7.885106708985459500E-016 ) ) ;
#5649 = ADVANCED_FACE ( 'NONE', ( #5539 ), #5737, .F. ) ;
#5650 = LINE ( 'NONE', #3616, #7415 ) ;
#5651 = VERTEX_POINT ( 'NONE', #1163 ) ;
#5652 = AXIS2_PLACEMENT_3D ( 'NONE', #1397, #5994, #2568 ) ;
#5653 = PLANE ( 'NONE',  #1533 ) ;
#5654 = CARTESIAN_POINT ( 'NONE',  ( -0.5000000000000000000, 0.1999999999999999800, 1.725000000000001000 ) ) ;
#5655 = LINE ( 'NONE', #4655, #1673 ) ;
#5656 = VECTOR ( 'NONE', #6387, 1000.000000000000000 ) ;
#5657 = AXIS2_PLACEMENT_3D ( 'NONE', #674, #4173, #4218 ) ;
#5658 = CIRCLE ( 'NONE', #6542, 0.1250000000000001100 ) ;
#5659 = CARTESIAN_POINT ( 'NONE',  ( -0.3749999999999994400, 0.0000000000000000000, -2.000000000000000000 ) ) ;
#5660 = AXIS2_PLACEMENT_3D ( 'NONE', #100, #1906, #5953 ) ;
#5661 = FACE_OUTER_BOUND ( 'NONE', #1039, .T. ) ;
#5662 = ORIENTED_EDGE ( 'NONE', *, *, #5687, .T. ) ;
#5663 = CARTESIAN_POINT ( 'NONE',  ( -2.000000000000001800, 0.6716990566028315800, -0.1250000000000003300 ) ) ;
#5664 = DIRECTION ( 'NONE',  ( 0.0000000000000000000, 1.000000000000000000, 0.0000000000000000000 ) ) ;
#5665 =( NAMED_UNIT ( * ) PLANE_ANGLE_UNIT ( ) SI_UNIT ( $, .RADIAN. ) );
#5666 = LINE ( 'NONE', #833, #6180 ) ;
#5667 = ORIENTED_EDGE ( 'NONE', *, *, #412, .T. ) ;
#5668 =( NAMED_UNIT ( * ) PLANE_ANGLE_UNIT ( ) SI_UNIT ( $, .RADIAN. ) );
#5669 = VECTOR ( 'NONE', #1084, 1000.000000000000000 ) ;
#5670 = VERTEX_POINT ( 'NONE', #1188 ) ;
#5671 = DIRECTION ( 'NONE',  ( 0.0000000000000000000, -1.000000000000000000, 0.0000000000000000000 ) ) ;
#5672 = PLANE ( 'NONE',  #2979 ) ;
#5673 = EDGE_LOOP ( 'NONE', ( #843, #3923, #4834, #6324 ) ) ;
#5674 = LINE ( 'NONE', #3937, #4953 ) ;
#5675 = VERTEX_POINT ( 'NONE', #2270 ) ;
#5676 = CARTESIAN_POINT ( 'NONE',  ( -1.725000000000000300, 0.6716990566028315800, -4.336808689942017700E-016 ) ) ;
#5677 = MANIFOLD_SOLID_BREP ( 'LPattern4[2]', #344 ) ;
#5678 = CARTESIAN_POINT ( 'NONE',  ( 0.8749999999999996700, 0.1999999999999996500, -1.999999999999999100 ) ) ;
#5679 = VECTOR ( 'NONE', #7474, 1000.000000000000000 ) ;
#5680 = ORIENTED_EDGE ( 'NONE', *, *, #4819, .F. ) ;
#5681 = ORIENTED_EDGE ( 'NONE', *, *, #1959, .T. ) ;
#5682 = VECTOR ( 'NONE', #1399, 1000.000000000000000 ) ;
#5683 = VERTEX_POINT ( 'NONE', #5197 ) ;
#5684 = ADVANCED_FACE ( 'NONE', ( #6416 ), #5258, .T. ) ;
#5685 = CARTESIAN_POINT ( 'NONE',  ( -1.725000000000000800, 0.0000000000000000000, -0.6250000000000005600 ) ) ;
#5686 = ADVANCED_FACE ( 'NONE', ( #5443 ), #609, .F. ) ;
#5687 = EDGE_CURVE ( 'NONE', #1709, #1857, #4001, .T. ) ;
#5688 = EDGE_CURVE ( 'NONE', #6733, #3434, #2713, .T. ) ;
#5689 = DIRECTION ( 'NONE',  ( 0.0000000000000000000, -1.000000000000000000, 0.0000000000000000000 ) ) ;
#5690 = EDGE_LOOP ( 'NONE', ( #6858, #2342, #296, #276 ) ) ;
#5691 = AXIS2_PLACEMENT_3D ( 'NONE', #2909, #1639, #4056 ) ;
#5692 = VERTEX_POINT ( 'NONE', #7425 ) ;
#5693 = DIRECTION ( 'NONE',  ( 1.000000000000000000, 0.0000000000000000000, -1.734723475976802600E-015 ) ) ;
#5694 = CARTESIAN_POINT ( 'NONE',  ( 0.0000000000000000000, 0.0000000000000000000, 1.725000000000001000 ) ) ;
#5695 = CARTESIAN_POINT ( 'NONE',  ( -2.000000000000000900, 0.05000000000000000300, -1.999999999999998700 ) ) ;
#5696 = DIRECTION ( 'NONE',  ( 1.000000000000000000, -0.0000000000000000000, 7.885106708985459500E-016 ) ) ;
#5697 = VECTOR ( 'NONE', #5743, 1000.000000000000000 ) ;
#5698 = CARTESIAN_POINT ( 'NONE',  ( -1.299999999999999800, 3.876955262170047600, -1.175000000000000000 ) ) ;
#5699 = DIRECTION ( 'NONE',  ( 0.0000000000000000000, 1.000000000000000000, 0.0000000000000000000 ) ) ;
#5700 = ORIENTED_EDGE ( 'NONE', *, *, #1324, .T. ) ;
#5701 = EDGE_CURVE ( 'NONE', #3231, #6703, #822, .T. ) ;
#5702 = CARTESIAN_POINT ( 'NONE',  ( -2.000000000000000900, 0.05000000000000000300, 2.000000000000001300 ) ) ;
#5703 = EDGE_LOOP ( 'NONE', ( #3386, #4033, #6230, #973 ) ) ;
#5704 = AXIS2_PLACEMENT_3D ( 'NONE', #7292, #3400, #1648 ) ;
#5705 = AXIS2_PLACEMENT_3D ( 'NONE', #4967, #408, #3244 ) ;
#5706 = LINE ( 'NONE', #2959, #2625 ) ;
#5707 = VERTEX_POINT ( 'NONE', #3592 ) ;
#5708 = PLANE ( 'NONE',  #2697 ) ;
#5709 = DIRECTION ( 'NONE',  ( 0.0000000000000000000, 1.000000000000000000, 0.0000000000000000000 ) ) ;
#5710 = DIRECTION ( 'NONE',  ( 0.0000000000000000000, 0.0000000000000000000, -1.000000000000000000 ) ) ;
#5711 = CARTESIAN_POINT ( 'NONE',  ( -2.000000000000000900, 0.0000000000000000000, 1.124999999999999800 ) ) ;
#5712 = VECTOR ( 'NONE', #2295, 1000.000000000000000 ) ;
#5713 = CARTESIAN_POINT ( 'NONE',  ( -1.611480854806852200, 1.274307106865022700, -1.443787968992235700 ) ) ;
#5714 = ORIENTED_EDGE ( 'NONE', *, *, #2096, .T. ) ;
#5715 = CARTESIAN_POINT ( 'NONE',  ( -1.000000000000000000, 0.04999999999999999600, 1.725000000000001000 ) ) ;
#5716 = CARTESIAN_POINT ( 'NONE',  ( -2.000000000000001800, 0.0000000000000000000, -1.125000000000000400 ) ) ;
#5717 = VECTOR ( 'NONE', #2622, 1000.000000000000000 ) ;
#5718 = ADVANCED_FACE ( 'NONE', ( #1184 ), #2395, .T. ) ;
#5719 = LINE ( 'NONE', #3898, #6539 ) ;
#5720 = CARTESIAN_POINT ( 'NONE',  ( 1.725000000000000800, 0.0000000000000000000, 0.8749999999999996700 ) ) ;
#5721 = UNCERTAINTY_MEASURE_WITH_UNIT (LENGTH_MEASURE( 1.000000000000000100E-005 ), #3731, 'distance_accuracy_value', 'NONE');
#5722 = CARTESIAN_POINT ( 'NONE',  ( 1.725000000000000800, 0.05000000000000002400, 1.124999999999999800 ) ) ;
#5723 = ADVANCED_FACE ( 'NONE', ( #466 ), #1969, .F. ) ;
#5724 = DIRECTION ( 'NONE',  ( 0.0000000000000000000, 0.0000000000000000000, 1.000000000000000000 ) ) ;
#5725 = ORIENTED_EDGE ( 'NONE', *, *, #4281, .F. ) ;
#5726 = VECTOR ( 'NONE', #4402, 1000.000000000000000 ) ;
#5728 = EDGE_CURVE ( 'NONE', #6659, #689, #15, .T. ) ;
#5727 = DIRECTION ( 'NONE',  ( 0.0000000000000000000, 0.0000000000000000000, 1.000000000000000000 ) ) ;
#5729 = VECTOR ( 'NONE', #4809, 1000.000000000000000 ) ;
#5730 = EDGE_CURVE ( 'NONE', #4935, #4925, #96, .T. ) ;
#5731 = VERTEX_POINT ( 'NONE', #6003 ) ;
#5732 = CARTESIAN_POINT ( 'NONE',  ( 0.5000000000000000000, 0.0000000000000000000, -1.725000000000000100 ) ) ;
#5733 = PLANE ( 'NONE',  #4245 ) ;
#5734 = EDGE_CURVE ( 'NONE', #4981, #2761, #6224, .T. ) ;
#5735 = VECTOR ( 'NONE', #5902, 1000.000000000000000 ) ;
#5736 = ORIENTED_EDGE ( 'NONE', *, *, #3751, .T. ) ;
#5737 = PLANE ( 'NONE',  #4595 ) ;
#5738 = EDGE_CURVE ( 'NONE', #4447, #1867, #282, .T. ) ;
#5739 = CARTESIAN_POINT ( 'NONE',  ( -1.725000000000000300, 0.05000000000000002400, -4.336808689942017700E-016 ) ) ;
#5740 = AXIS2_PLACEMENT_3D ( 'NONE', #5663, #4512, #5108 ) ;
#5741 = CARTESIAN_POINT ( 'NONE',  ( 0.1250000000000005600, 0.6716990566028308000, -2.000000000000000000 ) ) ;
#5742 = LINE ( 'NONE', #1598, #4126 ) ;
#5743 = DIRECTION ( 'NONE',  ( -0.0000000000000000000, -1.000000000000000000, -0.0000000000000000000 ) ) ;
#5744 = VECTOR ( 'NONE', #4117, 1000.000000000000000 ) ;
#5745 = ORIENTED_EDGE ( 'NONE', *, *, #3916, .T. ) ;
#5746 = AXIS2_PLACEMENT_3D ( 'NONE', #97, #7023, #5257 ) ;
#5747 = DIRECTION ( 'NONE',  ( 0.0000000000000000000, -1.000000000000000000, 0.0000000000000000000 ) ) ;
#5748 = VECTOR ( 'NONE', #6386, 1000.000000000000000 ) ;
#5749 = DIRECTION ( 'NONE',  ( -0.0000000000000000000, -1.000000000000000000, -0.0000000000000000000 ) ) ;
#5750 = EDGE_LOOP ( 'NONE', ( #7330, #7014, #2824, #5943, #1972, #6084, #2621, #957, #4728, #2787 ) ) ;
#5751 = VECTOR ( 'NONE', #5976, 1000.000000000000000 ) ;
#5752 = AXIS2_PLACEMENT_3D ( 'NONE', #6054, #6001, #3131 ) ;
#5753 = EDGE_LOOP ( 'NONE', ( #4340, #6902, #4532, #1153 ) ) ;
#5754 = ADVANCED_FACE ( 'NONE', ( #5535 ), #3354, .F. ) ;
#5755 = DIRECTION ( 'NONE',  ( 0.0000000000000000000, 1.000000000000000000, -0.0000000000000000000 ) ) ;
#5756 = AXIS2_PLACEMENT_3D ( 'NONE', #847, #871, #6018 ) ;
#5757 = LINE ( 'NONE', #6908, #4600 ) ;
#5758 = VERTEX_POINT ( 'NONE', #5812 ) ;
#5759 = VECTOR ( 'NONE', #5466, 1000.000000000000000 ) ;
#5760 = ORIENTED_EDGE ( 'NONE', *, *, #5506, .F. ) ;
#5761 = LINE ( 'NONE', #5454, #4230 ) ;
#5762 = CARTESIAN_POINT ( 'NONE',  ( 2.000000000000000900, 0.0000000000000000000, 0.6249999999999996700 ) ) ;
#5763 = PLANE ( 'NONE',  #5525 ) ;
#5764 = EDGE_LOOP ( 'NONE', ( #3945, #167, #1672, #3305 ) ) ;
#5765 = VERTEX_POINT ( 'NONE', #124 ) ;
#5766 = CYLINDRICAL_SURFACE ( 'NONE', #6070, 0.1250000000000003300 ) ;
#5767 = EDGE_LOOP ( 'NONE', ( #2785, #283, #4611, #678 ) ) ;
#5768 = CARTESIAN_POINT ( 'NONE',  ( -1.725000000000000800, 0.1999999999999999800, 0.3749999999999994400 ) ) ;
#5769 = VECTOR ( 'NONE', #4749, 1000.000000000000000 ) ;
#5770 = DIRECTION ( 'NONE',  ( -0.0000000000000000000, -1.000000000000000000, -0.0000000000000000000 ) ) ;
#5771 = ORIENTED_EDGE ( 'NONE', *, *, #4044, .T. ) ;
#5772 = FACE_OUTER_BOUND ( 'NONE', #4047, .T. ) ;
#5773 = VERTEX_POINT ( 'NONE', #7141 ) ;
#5774 = ORIENTED_EDGE ( 'NONE', *, *, #221, .F. ) ;
#5775 = DIRECTION ( 'NONE',  ( -0.0000000000000000000, -0.0000000000000000000, -1.000000000000000000 ) ) ;
#5776 = DIRECTION ( 'NONE',  ( 0.0000000000000000000, -1.000000000000000000, 0.0000000000000000000 ) ) ;
#5777 = LINE ( 'NONE', #5017, #1879 ) ;
#5778 = ORIENTED_EDGE ( 'NONE', *, *, #5874, .T. ) ;
#5779 = VERTEX_POINT ( 'NONE', #4309 ) ;
#5780 = CARTESIAN_POINT ( 'NONE',  ( 1.999999999999999100, 7.256854249492380200, -1.999999999999999100 ) ) ;
#5781 = VERTEX_POINT ( 'NONE', #52 ) ;
#5782 = EDGE_CURVE ( 'NONE', #7416, #3231, #7388, .T. ) ;
#5783 = DIRECTION ( 'NONE',  ( -1.000000000000000000, 0.0000000000000000000, -1.734723475976802600E-015 ) ) ;
#5784 = EDGE_CURVE ( 'NONE', #3172, #7013, #2992, .T. ) ;
#5785 = DIRECTION ( 'NONE',  ( 0.0000000000000000000, -1.000000000000000000, 0.0000000000000000000 ) ) ;
#5786 = DIRECTION ( 'NONE',  ( 0.0000000000000000000, 0.0000000000000000000, -1.000000000000000000 ) ) ;
#5787 = AXIS2_PLACEMENT_3D ( 'NONE', #3090, #3621, #3108 ) ;
#5788 = ORIENTED_EDGE ( 'NONE', *, *, #5644, .T. ) ;
#5789 = ORIENTED_EDGE ( 'NONE', *, *, #3910, .T. ) ;
#5790 = DIRECTION ( 'NONE',  ( 1.577021341797104700E-015, -0.0000000000000000000, 1.000000000000000000 ) ) ;
#5791 = CARTESIAN_POINT ( 'NONE',  ( 2.000000000000000900, 0.1999999999999999800, -0.3750000000000003300 ) ) ;
#5792 = PLANE ( 'NONE',  #322 ) ;
#5793 = CARTESIAN_POINT ( 'NONE',  ( -1.611480854806852200, 0.8000000000000000400, -1.611480854806850400 ) ) ;
#5794 = AXIS2_PLACEMENT_3D ( 'NONE', #1395, #2566, #7128 ) ;
#5795 = CARTESIAN_POINT ( 'NONE',  ( 0.5000000000000000000, 0.1999999999999999800, 1.725000000000001000 ) ) ;
#5796 = CARTESIAN_POINT ( 'NONE',  ( 2.000000000000000900, 0.1999999999999999800, 0.6249999999999996700 ) ) ;
#5797 = VERTEX_POINT ( 'NONE', #99 ) ;
#5798 = EDGE_CURVE ( 'NONE', #6992, #4981, #7290, .T. ) ;
#5799 = FILL_AREA_STYLE ('',( #1782 ) ) ;
#5800 = MECHANICAL_DESIGN_GEOMETRIC_PRESENTATION_REPRESENTATION (  '', ( #2690 ), #6161 ) ;
#5801 = CARTESIAN_POINT ( 'NONE',  ( -1.174999999999999400, 3.876955262170047600, 1.174999999999999600 ) ) ;
#5802 = VECTOR ( 'NONE', #921, 1000.000000000000000 ) ;
#5803 = AXIS2_PLACEMENT_3D ( 'NONE', #6507, #740, #3077 ) ;
#5804 = VERTEX_POINT ( 'NONE', #4115 ) ;
#5805 = CARTESIAN_POINT ( 'NONE',  ( 2.000000000000001800, 0.6716990566028315800, -0.1250000000000003300 ) ) ;
#5806 = PLANE ( 'NONE',  #4069 ) ;
#5807 = ORIENTED_EDGE ( 'NONE', *, *, #6864, .T. ) ;
#5808 =( NAMED_UNIT ( * ) PLANE_ANGLE_UNIT ( ) SI_UNIT ( $, .RADIAN. ) );
#5809 = VECTOR ( 'NONE', #5230, 1000.000000000000000 ) ;
#5810 = ORIENTED_EDGE ( 'NONE', *, *, #270, .T. ) ;
#5811 = LINE ( 'NONE', #5805, #5000 ) ;
#5812 = CARTESIAN_POINT ( 'NONE',  ( 0.1250000000000009700, 0.0000000000000000000, 2.000000000000000000 ) ) ;
#5813 = DIRECTION ( 'NONE',  ( 0.0000000000000000000, -1.000000000000000000, 0.0000000000000000000 ) ) ;
#5814 = VECTOR ( 'NONE', #1540, 1000.000000000000000 ) ;
#5815 = ORIENTED_EDGE ( 'NONE', *, *, #7106, .F. ) ;
#5816 = VERTEX_POINT ( 'NONE', #4722 ) ;
#5817 = LINE ( 'NONE', #4617, #3384 ) ;
#5818 = FACE_OUTER_BOUND ( 'NONE', #4747, .T. ) ;
#5819 = EDGE_CURVE ( 'NONE', #1796, #5640, #4643, .T. ) ;
#5820 = ORIENTED_EDGE ( 'NONE', *, *, #6482, .F. ) ;
#5821 = DIRECTION ( 'NONE',  ( 1.000000000000000000, 0.0000000000000000000, -7.885106708985459500E-016 ) ) ;
#5822 = EDGE_CURVE ( 'NONE', #4053, #1769, #2805, .T. ) ;
#5823 = LINE ( 'NONE', #6734, #3668 ) ;
#5824 = CARTESIAN_POINT ( 'NONE',  ( -1.725000000000000800, 0.0000000000000000000, -0.3750000000000003300 ) ) ;
#5825 = ADVANCED_FACE ( 'NONE', ( #4174 ), #5322, .F. ) ;
#5826 = AXIS2_PLACEMENT_3D ( 'NONE', #5203, #6314, #3459 ) ;
#5827 = DIRECTION ( 'NONE',  ( 0.0000000000000000000, 1.000000000000000000, 0.0000000000000000000 ) ) ;
#5828 = CARTESIAN_POINT ( 'NONE',  ( 1.999999999999999100, 0.05000000000000000300, -1.999999999999999100 ) ) ;
#5829 = DIRECTION ( 'NONE',  ( 0.0000000000000000000, 0.0000000000000000000, 1.000000000000000000 ) ) ;
#5830 = CARTESIAN_POINT ( 'NONE',  ( 1.725000000000000300, 0.6716990566028315800, -0.5000000000000002200 ) ) ;
#5831 = EDGE_CURVE ( 'NONE', #2417, #5773, #2444, .T. ) ;
#5832 = VECTOR ( 'NONE', #3759, 1000.000000000000000 ) ;
#5833 = CARTESIAN_POINT ( 'NONE',  ( -0.1250000000000001100, 0.2000000000000000100, 1.725000000000001200 ) ) ;
#5834 = DIRECTION ( 'NONE',  ( 0.0000000000000000000, 0.0000000000000000000, -1.000000000000000000 ) ) ;
#5835 = VERTEX_POINT ( 'NONE', #7167 ) ;
#5836 = DIRECTION ( 'NONE',  ( 0.0000000000000000000, -0.0000000000000000000, -1.000000000000000000 ) ) ;
#5837 = EDGE_CURVE ( 'NONE', #773, #2739, #5706, .T. ) ;
#5838 = FACE_OUTER_BOUND ( 'NONE', #6692, .T. ) ;
#5839 = ORIENTED_EDGE ( 'NONE', *, *, #3949, .T. ) ;
#5840 = CARTESIAN_POINT ( 'NONE',  ( 1.725000000000000300, 0.6716990566028315800, -1.000000000000000200 ) ) ;
#5841 = CLOSED_SHELL ( 'NONE', ( #3830, #2376, #5645, #5504, #111, #2794 ) ) ;
#5842 = AXIS2_PLACEMENT_3D ( 'NONE', #4694, #1800, #2579 ) ;
#5843 = CARTESIAN_POINT ( 'NONE',  ( 2.000000000000001800, 0.0000000000000000000, 0.3749999999999996700 ) ) ;
#5844 = CIRCLE ( 'NONE', #5794, 0.1250000000000003300 ) ;
#5845 = AXIS2_PLACEMENT_3D ( 'NONE', #437, #3877, #3934 ) ;
#5846 = EDGE_LOOP ( 'NONE', ( #5430, #1875, #3319, #3691 ) ) ;
#5847 = VECTOR ( 'NONE', #6996, 1000.000000000000000 ) ;
#5848 = VERTEX_POINT ( 'NONE', #4908 ) ;
#5849 = CARTESIAN_POINT ( 'NONE',  ( 2.000000000000001800, 0.04999999999999969700, -1.125000000000000400 ) ) ;
#5850 = CIRCLE ( 'NONE', #623, 0.1676928858146148900 ) ;
#5851 = VERTEX_POINT ( 'NONE', #6096 ) ;
#5852 = LINE ( 'NONE', #6134, #3519 ) ;
#5853 = VERTEX_POINT ( 'NONE', #4960 ) ;
#5854 = CARTESIAN_POINT ( 'NONE',  ( -2.000000000000000900, 0.6716990566028315800, -0.3750000000000003300 ) ) ;
#5855 = DIRECTION ( 'NONE',  ( 0.0000000000000000000, -1.000000000000000000, 0.0000000000000000000 ) ) ;
#5856 = PLANE ( 'NONE',  #4398 ) ;
#5857 = VERTEX_POINT ( 'NONE', #6663 ) ;
#5858 = ORIENTED_EDGE ( 'NONE', *, *, #5075, .F. ) ;
#5859 = SURFACE_STYLE_FILL_AREA ( #2533 ) ;
#5860 = ORIENTED_EDGE ( 'NONE', *, *, #4826, .T. ) ;
#5861 = CARTESIAN_POINT ( 'NONE',  ( -0.5000000000000000000, 0.6716990566028308000, 1.725000000000001000 ) ) ;
#5862 = LINE ( 'NONE', #2691, #5519 ) ;
#5863 = EDGE_LOOP ( 'NONE', ( #5617, #3875, #6111, #4940 ) ) ;
#5864 = VERTEX_POINT ( 'NONE', #2646 ) ;
#5865 = DIRECTION ( 'NONE',  ( 0.0000000000000000000, -0.0000000000000000000, -1.000000000000000000 ) ) ;
#5866 = VERTEX_POINT ( 'NONE', #3802 ) ;
#5867 = EDGE_CURVE ( 'NONE', #2515, #5188, #6850, .T. ) ;
#5868 = CARTESIAN_POINT ( 'NONE',  ( 1.999999999999999100, 0.1999999999999996500, -1.125000000000000200 ) ) ;
#5869 = FACE_OUTER_BOUND ( 'NONE', #3797, .T. ) ;
#5870 = EDGE_CURVE ( 'NONE', #5895, #4270, #906, .T. ) ;
#5871 = CLOSED_SHELL ( 'NONE', ( #1089, #1004, #2874, #3291, #32, #2152 ) ) ;
#5872 = DIRECTION ( 'NONE',  ( 0.0000000000000000000, 1.000000000000000000, 0.0000000000000000000 ) ) ;
#5873 = CARTESIAN_POINT ( 'NONE',  ( 0.0000000000000000000, 0.05000000000000000300, 1.124999999999999800 ) ) ;
#5874 = EDGE_CURVE ( 'NONE', #6211, #1229, #2174, .T. ) ;
#5875 = EDGE_LOOP ( 'NONE', ( #3104, #5681, #424, #3771 ) ) ;
#5876 = EDGE_CURVE ( 'NONE', #6435, #2777, #1357, .T. ) ;
#5877 = EDGE_CURVE ( 'NONE', #661, #2379, #1086, .T. ) ;
#5878 = VECTOR ( 'NONE', #6953, 1000.000000000000000 ) ;
#5879 = AXIS2_PLACEMENT_3D ( 'NONE', #1934, #855, #4354 ) ;
#5880 = CARTESIAN_POINT ( 'NONE',  ( 2.000000000000000900, 0.6716990566028315800, 0.1249999999999996800 ) ) ;
#5881 = ORIENTED_EDGE ( 'NONE', *, *, #5013, .F. ) ;
#5882 = CARTESIAN_POINT ( 'NONE',  ( -2.000000000000000900, 7.256854249492380200, 2.000000000000001300 ) ) ;
#5883 = CARTESIAN_POINT ( 'NONE',  ( 0.1250000000000003300, 0.2000000000000000100, 1.725000000000001200 ) ) ;
#5884 = ORIENTED_EDGE ( 'NONE', *, *, #3944, .F. ) ;
#5885 = DIRECTION ( 'NONE',  ( 1.734723475976802600E-015, 0.0000000000000000000, -1.000000000000000000 ) ) ;
#5886 = EDGE_LOOP ( 'NONE', ( #568, #6459, #2649, #5034 ) ) ;
#5887 = PLANE ( 'NONE',  #423 ) ;
#5888 = FACE_OUTER_BOUND ( 'NONE', #4992, .T. ) ;
#5889 = LINE ( 'NONE', #1342, #2457 ) ;
#5890 = AXIS2_PLACEMENT_3D ( 'NONE', #6046, #2591, #3758 ) ;
#5891 = CARTESIAN_POINT ( 'NONE',  ( -0.8749999999999994400, 0.2000000000000000100, -2.000000000000000000 ) ) ;
#5892 = DIRECTION ( 'NONE',  ( 0.0000000000000000000, 1.000000000000000000, 0.0000000000000000000 ) ) ;
#5893 = COLOUR_RGB ( '',0.7921568627450980000, 0.8196078431372548800, 0.9333333333333333500 ) ;
#5894 = CARTESIAN_POINT ( 'NONE',  ( -1.611480854806852200, 0.6999999999999999600, -1.443787968992235700 ) ) ;
#5895 = VERTEX_POINT ( 'NONE', #2602 ) ;
#5896 = LINE ( 'NONE', #3183, #107 ) ;
#5897 = LINE ( 'NONE', #2114, #2648 ) ;
#5898 = LINE ( 'NONE', #839, #3385 ) ;
#5899 = ORIENTED_EDGE ( 'NONE', *, *, #920, .F. ) ;
#5900 = ADVANCED_FACE ( 'NONE', ( #1542 ), #4936, .F. ) ;
#5901 = VECTOR ( 'NONE', #1590, 1000.000000000000000 ) ;
#5902 = DIRECTION ( 'NONE',  ( 3.469446951953614200E-015, -0.0000000000000000000, 1.000000000000000000 ) ) ;
#5903 = LINE ( 'NONE', #5954, #130 ) ;
#5904 = LINE ( 'NONE', #3501, #5563 ) ;
#5905 = ORIENTED_EDGE ( 'NONE', *, *, #5877, .T. ) ;
#5906 = DIRECTION ( 'NONE',  ( 1.000000000000000000, -0.0000000000000000000, -1.084202172485504400E-016 ) ) ;
#5907 = DIRECTION ( 'NONE',  ( 1.577021341797104700E-015, 0.0000000000000000000, -1.000000000000000000 ) ) ;
#5908 = VECTOR ( 'NONE', #5183, 1000.000000000000000 ) ;
#5909 = EDGE_CURVE ( 'NONE', #2161, #1796, #989, .T. ) ;
#5910 = ORIENTED_EDGE ( 'NONE', *, *, #3431, .F. ) ;
#5911 = CARTESIAN_POINT ( 'NONE',  ( -0.3749999999999994400, 0.1999999999999999800, 1.725000000000001200 ) ) ;
#5912 = EDGE_CURVE ( 'NONE', #3694, #1769, #6762, .T. ) ;
#5913 = CARTESIAN_POINT ( 'NONE',  ( -1.174999999999999400, 3.876955262170047600, -1.300000000000000300 ) ) ;
#5914 = AXIS2_PLACEMENT_3D ( 'NONE', #3004, #3642, #7029 ) ;
#5915 = CARTESIAN_POINT ( 'NONE',  ( -1.300000000000000000, 0.2000000000000000900, -0.8750000000000001100 ) ) ;
#5916 = CARTESIAN_POINT ( 'NONE',  ( -0.5000000000000000000, 0.0000000000000000000, -1.725000000000000100 ) ) ;
#5917 = ORIENTED_EDGE ( 'NONE', *, *, #3127, .T. ) ;
#5918 = CYLINDRICAL_SURFACE ( 'NONE', #3037, 0.1250000000000001100 ) ;
#5919 = EDGE_LOOP ( 'NONE', ( #2660, #5379, #5736, #6748 ) ) ;
#5920 = DIRECTION ( 'NONE',  ( 0.0000000000000000000, 1.000000000000000000, 0.0000000000000000000 ) ) ;
#5921 = LINE ( 'NONE', #3359, #2314 ) ;
#5922 = DIRECTION ( 'NONE',  ( 0.0000000000000000000, -0.0000000000000000000, 1.000000000000000000 ) ) ;
#5923 = EDGE_CURVE ( 'NONE', #4925, #7304, #641, .T. ) ;
#5924 = VERTEX_POINT ( 'NONE', #2018 ) ;
#5925 = LINE ( 'NONE', #365, #1503 ) ;
#5926 = AXIS2_PLACEMENT_3D ( 'NONE', #6695, #4918, #1447 ) ;
#5927 = EDGE_LOOP ( 'NONE', ( #5, #4247, #5937, #2080 ) ) ;
#5928 = AXIS2_PLACEMENT_3D ( 'NONE', #1757, #6318, #4675 ) ;
#5929 = AXIS2_PLACEMENT_3D ( 'NONE', #7067, #6450, #5922 ) ;
#5930 = LINE ( 'NONE', #2439, #4511 ) ;
#5931 = ORIENTED_EDGE ( 'NONE', *, *, #3258, .T. ) ;
#5932 = CARTESIAN_POINT ( 'NONE',  ( -0.3749999999999990600, 0.0000000000000000000, 2.000000000000000000 ) ) ;
#5933 = CARTESIAN_POINT ( 'NONE',  ( 1.999999999999999100, 0.1999999999999996500, 0.8749999999999996700 ) ) ;
#5934 = ORIENTED_EDGE ( 'NONE', *, *, #1907, .T. ) ;
#5935 =( LENGTH_UNIT ( ) NAMED_UNIT ( * ) SI_UNIT ( .MILLI., .METRE. ) );
#5936 = VECTOR ( 'NONE', #2544, 1000.000000000000000 ) ;
#5937 = ORIENTED_EDGE ( 'NONE', *, *, #3468, .T. ) ;
#5938 = CARTESIAN_POINT ( 'NONE',  ( -0.8749999999999994400, 0.6716990566028308000, -2.000000000000000000 ) ) ;
#5939 = ADVANCED_FACE ( 'NONE', ( #730 ), #5492, .F. ) ;
#5940 = LINE ( 'NONE', #2870, #3242 ) ;
#5941 = DIRECTION ( 'NONE',  ( 0.0000000000000000000, -1.000000000000000000, 0.0000000000000000000 ) ) ;
#5942 = ORIENTED_EDGE ( 'NONE', *, *, #4238, .T. ) ;
#5943 = ORIENTED_EDGE ( 'NONE', *, *, #1613, .T. ) ;
#5944 = FACE_OUTER_BOUND ( 'NONE', #1924, .T. ) ;
#5945 = ORIENTED_EDGE ( 'NONE', *, *, #4772, .F. ) ;
#5946 = ORIENTED_EDGE ( 'NONE', *, *, #5445, .T. ) ;
#5947 = CARTESIAN_POINT ( 'NONE',  ( -1.725000000000000800, 0.05000000000000002400, -0.6250000000000005600 ) ) ;
#5948 = CIRCLE ( 'NONE', #5826, 0.1250000000000003300 ) ;
#5949 = ORIENTED_EDGE ( 'NONE', *, *, #2127, .F. ) ;
#5950 = EDGE_LOOP ( 'NONE', ( #3064, #6283, #6007, #2066 ) ) ;
#5951 =( LENGTH_UNIT ( ) NAMED_UNIT ( * ) SI_UNIT ( .MILLI., .METRE. ) );
#5952 = ORIENTED_EDGE ( 'NONE', *, *, #6404, .F. ) ;
#5953 = DIRECTION ( 'NONE',  ( 0.0000000000000000000, -0.0000000000000000000, -1.000000000000000000 ) ) ;
#5954 = CARTESIAN_POINT ( 'NONE',  ( 2.000000000000000900, 0.1999999999999999800, 0.1249999999999996800 ) ) ;
#5955 = ORIENTED_EDGE ( 'NONE', *, *, #4281, .T. ) ;
#5956 = ORIENTED_EDGE ( 'NONE', *, *, #6811, .T. ) ;
#5957 = EDGE_CURVE ( 'NONE', #4709, #3327, #5352, .T. ) ;
#5958 = CARTESIAN_POINT ( 'NONE',  ( -0.1249999999999996800, 0.2000000000000000100, 1.999999999999999600 ) ) ;
#5959 = DIRECTION ( 'NONE',  ( -0.0000000000000000000, -1.000000000000000000, -0.0000000000000000000 ) ) ;
#5960 = DIRECTION ( 'NONE',  ( -1.000000000000000000, 0.0000000000000000000, 1.577021341797104500E-015 ) ) ;
#5961 = EDGE_CURVE ( 'NONE', #709, #1317, #3812, .T. ) ;
#5962 = PLANE ( 'NONE',  #3620 ) ;
#5963 = EDGE_CURVE ( 'NONE', #5317, #1973, #1202, .T. ) ;
#5964 = EDGE_LOOP ( 'NONE', ( #815, #952, #1586, #441 ) ) ;
#5965 = PLANE ( 'NONE',  #5803 ) ;
#5966 = DIRECTION ( 'NONE',  ( 0.0000000000000000000, -0.0000000000000000000, 1.000000000000000000 ) ) ;
#5967 = VECTOR ( 'NONE', #2353, 1000.000000000000000 ) ;
#5968 = CARTESIAN_POINT ( 'NONE',  ( 1.300000000000000000, 3.876955262170047600, 1.174999999999999800 ) ) ;
#5969 = EDGE_CURVE ( 'NONE', #3342, #3350, #4368, .T. ) ;
#5970 = CARTESIAN_POINT ( 'NONE',  ( 0.6250000000000005600, 0.6716990566028308000, -2.000000000000000000 ) ) ;
#5971 = ORIENTED_EDGE ( 'NONE', *, *, #2201, .T. ) ;
#5972 = EDGE_CURVE ( 'NONE', #4534, #2149, #191, .T. ) ;
#5973 = EDGE_CURVE ( 'NONE', #6518, #1952, #7119, .T. ) ;
#5974 = PLANE ( 'NONE',  #5879 ) ;
#5975 = ADVANCED_FACE ( 'NONE', ( #6664 ), #3871, .T. ) ;
#5976 = DIRECTION ( 'NONE',  ( -1.000000000000000000, -0.0000000000000000000, 7.885106708985461400E-016 ) ) ;
#5977 = AXIS2_PLACEMENT_3D ( 'NONE', #7467, #1197, #2968 ) ;
#5978 = DIRECTION ( 'NONE',  ( 1.577021341797104700E-015, -0.0000000000000000000, 1.000000000000000000 ) ) ;
#5979 = VECTOR ( 'NONE', #1234, 1000.000000000000000 ) ;
#5980 = ORIENTED_EDGE ( 'NONE', *, *, #6727, .F. ) ;
#5981 = FACE_OUTER_BOUND ( 'NONE', #6197, .T. ) ;
#5982 = AXIS2_PLACEMENT_3D ( 'NONE', #4037, #560, #4626 ) ;
#5983 = CARTESIAN_POINT ( 'NONE',  ( 2.000000000000001800, 0.6716990566028315800, -0.6250000000000003300 ) ) ;
#5984 = FILL_AREA_STYLE ('',( #1310 ) ) ;
#5985 = DIRECTION ( 'NONE',  ( 0.0000000000000000000, -1.000000000000000000, 0.0000000000000000000 ) ) ;
#5986 = DIRECTION ( 'NONE',  ( 0.0000000000000000000, -1.000000000000000000, 0.0000000000000000000 ) ) ;
#5987 = LINE ( 'NONE', #6817, #1374 ) ;
#5988 = EDGE_LOOP ( 'NONE', ( #5331, #6531, #897, #370 ) ) ;
#5989 = ORIENTED_EDGE ( 'NONE', *, *, #5782, .T. ) ;
#5990 = DIRECTION ( 'NONE',  ( 1.000000000000000000, 0.0000000000000000000, 0.0000000000000000000 ) ) ;
#5991 = CARTESIAN_POINT ( 'NONE',  ( 1.174999999999999800, 3.876955262170047600, -1.174999999999999800 ) ) ;
#5992 = VECTOR ( 'NONE', #1053, 1000.000000000000000 ) ;
#5993 = DIRECTION ( 'NONE',  ( -0.0000000000000000000, -1.000000000000000000, -0.0000000000000000000 ) ) ;
#5994 = DIRECTION ( 'NONE',  ( -0.0000000000000000000, -1.000000000000000000, -0.0000000000000000000 ) ) ;
#5995 = CYLINDRICAL_SURFACE ( 'NONE', #4780, 0.1250000000000001100 ) ;
#5996 = LINE ( 'NONE', #5880, #4482 ) ;
#5997 = ORIENTED_EDGE ( 'NONE', *, *, #3171, .T. ) ;
#5998 = FACE_OUTER_BOUND ( 'NONE', #2061, .T. ) ;
#5999 = FACE_OUTER_BOUND ( 'NONE', #2536, .T. ) ;
#6000 = DIRECTION ( 'NONE',  ( 0.0000000000000000000, -1.000000000000000000, 0.0000000000000000000 ) ) ;
#6001 = DIRECTION ( 'NONE',  ( -0.0000000000000000000, -1.000000000000000000, -0.0000000000000000000 ) ) ;
#6002 = EDGE_CURVE ( 'NONE', #7159, #3787, #2262, .T. ) ;
#6003 = CARTESIAN_POINT ( 'NONE',  ( -0.3749999999999998900, 0.2000000000000000100, -1.725000000000001200 ) ) ;
#6004 = ORIENTED_EDGE ( 'NONE', *, *, #6626, .T. ) ;
#6005 = CARTESIAN_POINT ( 'NONE',  ( -0.6249999999999996700, 0.6716990566028308000, 1.999999999999999600 ) ) ;
#6006 = FACE_OUTER_BOUND ( 'NONE', #6174, .T. ) ;
#6007 = ORIENTED_EDGE ( 'NONE', *, *, #5180, .T. ) ;
#6008 = ORIENTED_EDGE ( 'NONE', *, *, #5688, .F. ) ;
#6009 = CARTESIAN_POINT ( 'NONE',  ( -1.299999999999999800, -0.0000000000000000000, -1.175000000000000000 ) ) ;
#6010 = DIRECTION ( 'NONE',  ( -0.0000000000000000000, -1.000000000000000000, -0.0000000000000000000 ) ) ;
#6011 = SURFACE_SIDE_STYLE ('',( #5859 ) ) ;
#6012 = EDGE_CURVE ( 'NONE', #6422, #538, #5719, .T. ) ;
#6013 = ADVANCED_FACE ( 'NONE', ( #3746 ), #165, .F. ) ;
#6014 = ORIENTED_EDGE ( 'NONE', *, *, #1613, .F. ) ;
#6015 = EDGE_CURVE ( 'NONE', #7323, #6435, #3796, .T. ) ;
#6016 = LINE ( 'NONE', #1727, #3861 ) ;
#6017 = ORIENTED_EDGE ( 'NONE', *, *, #831, .F. ) ;
#6018 = DIRECTION ( 'NONE',  ( -1.000000000000000000, 0.0000000000000000000, 0.0000000000000000000 ) ) ;
#6019 = AXIS2_PLACEMENT_3D ( 'NONE', #5358, #185, #4214 ) ;
#6020 = PLANE ( 'NONE',  #1525 ) ;
#6021 = CARTESIAN_POINT ( 'NONE',  ( -1.299999999999999800, -0.0000000000000000000, -1.000000000000000200 ) ) ;
#6022 = LINE ( 'NONE', #5336, #5047 ) ;
#6023 = ORIENTED_EDGE ( 'NONE', *, *, #6724, .F. ) ;
#6024 = FACE_OUTER_BOUND ( 'NONE', #967, .T. ) ;
#6025 = ORIENTED_EDGE ( 'NONE', *, *, #6666, .T. ) ;
#6026 = CARTESIAN_POINT ( 'NONE',  ( 0.6250000000000001100, 0.04999999999999999600, -1.725000000000001200 ) ) ;
#6027 = CARTESIAN_POINT ( 'NONE',  ( -1.725000000000000300, 0.0000000000000000000, 0.4999999999999995600 ) ) ;
#6028 = VECTOR ( 'NONE', #697, 1000.000000000000000 ) ;
#6029 =( GEOMETRIC_REPRESENTATION_CONTEXT ( 3 ) GLOBAL_UNCERTAINTY_ASSIGNED_CONTEXT ( ( #5721 ) ) GLOBAL_UNIT_ASSIGNED_CONTEXT ( ( #3731, #3628, #3070 ) ) REPRESENTATION_CONTEXT ( 'NONE', 'WORKASPACE' ) );
#6030 = ORIENTED_EDGE ( 'NONE', *, *, #3518, .T. ) ;
#6031 = EDGE_LOOP ( 'NONE', ( #7232, #5576, #1511, #4329 ) ) ;
#6032 = FACE_OUTER_BOUND ( 'NONE', #5410, .T. ) ;
#6033 = PLANE ( 'NONE',  #1814 ) ;
#6034 = ORIENTED_EDGE ( 'NONE', *, *, #1946, .T. ) ;
#6035 = ORIENTED_EDGE ( 'NONE', *, *, #4048, .F. ) ;
#6036 = UNCERTAINTY_MEASURE_WITH_UNIT (LENGTH_MEASURE( 1.000000000000000100E-005 ), #1691, 'distance_accuracy_value', 'NONE');
#6037 = DIRECTION ( 'NONE',  ( 1.000000000000000000, 0.0000000000000000000, 7.885106708985459500E-016 ) ) ;
#6038 = LINE ( 'NONE', #6139, #2058 ) ;
#6039 = CARTESIAN_POINT ( 'NONE',  ( -1.725000000000000800, 0.1999999999999999800, 0.6249999999999996700 ) ) ;
#6040 = DIRECTION ( 'NONE',  ( -1.577021341797107100E-015, 0.0000000000000000000, -1.000000000000000000 ) ) ;
#6041 = VERTEX_POINT ( 'NONE', #6242 ) ;
#6042 = ORIENTED_EDGE ( 'NONE', *, *, #3709, .F. ) ;
#6043 = EDGE_LOOP ( 'NONE', ( #2210, #5422, #4466, #2971 ) ) ;
#6044 = ORIENTED_EDGE ( 'NONE', *, *, #5969, .T. ) ;
#6045 = CARTESIAN_POINT ( 'NONE',  ( 1.725000000000000800, 0.0000000000000000000, -0.8750000000000003300 ) ) ;
#6046 = CARTESIAN_POINT ( 'NONE',  ( -1.000000000000000000, 0.2000000000000000100, -1.725000000000000100 ) ) ;
#6047 = DIRECTION ( 'NONE',  ( 7.885106708985459500E-016, -0.0000000000000000000, 1.000000000000000000 ) ) ;
#6048 = ORIENTED_EDGE ( 'NONE', *, *, #4448, .T. ) ;
#6049 = EDGE_LOOP ( 'NONE', ( #89, #7079, #4961, #4314, #4523 ) ) ;
#6050 = DIRECTION ( 'NONE',  ( -1.000000000000000000, 0.0000000000000000000, 7.885106708985459500E-016 ) ) ;
#6051 = ADVANCED_FACE ( 'NONE', ( #534 ), #3953, .F. ) ;
#6052 = ORIENTED_EDGE ( 'NONE', *, *, #923, .T. ) ;
#6053 = DIRECTION ( 'NONE',  ( 0.0000000000000000000, 0.0000000000000000000, -1.000000000000000000 ) ) ;
#6054 = CARTESIAN_POINT ( 'NONE',  ( -1.299999999999999800, 0.05000000000000012800, -1.000000000000000200 ) ) ;
#6055 = CARTESIAN_POINT ( 'NONE',  ( 0.0000000000000000000, 0.2000000000000000100, 1.600000000000000800 ) ) ;
#6056 = CARTESIAN_POINT ( 'NONE',  ( -0.5000000000000000000, 0.1999999999999999800, 1.725000000000001000 ) ) ;
#6057 = EDGE_CURVE ( 'NONE', #2712, #4609, #6480, .T. ) ;
#6058 = EDGE_LOOP ( 'NONE', ( #6835, #234, #5905, #6473 ) ) ;
#6059 = CARTESIAN_POINT ( 'NONE',  ( 2.000000000000000900, 0.6716990566028315800, -0.8750000000000003300 ) ) ;
#6060 = EDGE_CURVE ( 'NONE', #336, #4629, #3527, .T. ) ;
#6061 = CARTESIAN_POINT ( 'NONE',  ( 0.1250000000000005600, 0.0000000000000000000, -2.000000000000000000 ) ) ;
#6062 = LINE ( 'NONE', #6173, #4364 ) ;
#6063 = AXIS2_PLACEMENT_3D ( 'NONE', #195, #5885, #152 ) ;
#6064 = ORIENTED_EDGE ( 'NONE', *, *, #7329, .F. ) ;
#6065 = CARTESIAN_POINT ( 'NONE',  ( -1.174999999999999400, 3.876955262170047600, -1.175000000000000000 ) ) ;
#6066 = CARTESIAN_POINT ( 'NONE',  ( -2.000000000000001800, 0.6716990566028315800, -0.6250000000000003300 ) ) ;
#6067 = LINE ( 'NONE', #2236, #3564 ) ;
#6068 = CARTESIAN_POINT ( 'NONE',  ( 0.6250000000000010000, 0.2000000000000000100, 2.000000000000000000 ) ) ;
#6069 = EDGE_CURVE ( 'NONE', #7468, #5835, #5340, .T. ) ;
#6070 = AXIS2_PLACEMENT_3D ( 'NONE', #1293, #6766, #5192 ) ;
#6071 = ORIENTED_EDGE ( 'NONE', *, *, #546, .F. ) ;
#6072 = VECTOR ( 'NONE', #5415, 1000.000000000000000 ) ;
#6073 = AXIS2_PLACEMENT_3D ( 'NONE', #7401, #4012, #4492 ) ;
#6074 = DIRECTION ( 'NONE',  ( 0.0000000000000000000, 0.0000000000000000000, -1.000000000000000000 ) ) ;
#6075 = VECTOR ( 'NONE', #949, 1000.000000000000000 ) ;
#6076 = SURFACE_STYLE_FILL_AREA ( #286 ) ;
#6077 = ORIENTED_EDGE ( 'NONE', *, *, #4442, .T. ) ;
#6078 = CARTESIAN_POINT ( 'NONE',  ( 0.5000000000000000000, 0.0000000000000000000, -1.725000000000000100 ) ) ;
#6079 = DIRECTION ( 'NONE',  ( -0.0000000000000000000, -1.000000000000000000, -0.0000000000000000000 ) ) ;
#6080 = CARTESIAN_POINT ( 'NONE',  ( 2.000000000000001800, 0.6716990566028315800, -0.6250000000000003300 ) ) ;
#6081 = LINE ( 'NONE', #6770, #5901 ) ;
#6082 = ADVANCED_FACE ( 'NONE', ( #5944 ), #5587, .T. ) ;
#6083 = FACE_OUTER_BOUND ( 'NONE', #2383, .T. ) ;
#6084 = ORIENTED_EDGE ( 'NONE', *, *, #5231, .T. ) ;
#6085 = FILL_AREA_STYLE_COLOUR ( '', #3122 ) ;
#6086 = CYLINDRICAL_SURFACE ( 'NONE', #942, 0.1250000000000003300 ) ;
#6087 = DIRECTION ( 'NONE',  ( 1.577021341797104500E-015, 0.0000000000000000000, -1.000000000000000000 ) ) ;
#6088 = VERTEX_POINT ( 'NONE', #6745 ) ;
#6089 = COLOUR_RGB ( '',0.7921568627450980000, 0.8196078431372548800, 0.9333333333333333500 ) ;
#6090 = ORIENTED_EDGE ( 'NONE', *, *, #5075, .T. ) ;
#6091 = SURFACE_STYLE_FILL_AREA ( #5348 ) ;
#6092 = EDGE_CURVE ( 'NONE', #708, #1626, #5420, .T. ) ;
#6093 = ORIENTED_EDGE ( 'NONE', *, *, #6774, .T. ) ;
#6094 = FACE_OUTER_BOUND ( 'NONE', #3343, .T. ) ;
#6095 = VERTEX_POINT ( 'NONE', #431 ) ;
#6096 = CARTESIAN_POINT ( 'NONE',  ( -0.8749999999999994400, 0.1999999999999999800, -2.000000000000000000 ) ) ;
#6097 = PLANE ( 'NONE',  #5016 ) ;
#6098 = AXIS2_PLACEMENT_3D ( 'NONE', #2965, #12, #5865 ) ;
#6099 = LINE ( 'NONE', #2202, #691 ) ;
#6100 = CARTESIAN_POINT ( 'NONE',  ( 0.0000000000000000000, 0.05000000000000000300, 1.124999999999999800 ) ) ;
#6101 = DIRECTION ( 'NONE',  ( -0.0000000000000000000, -1.000000000000000000, -0.0000000000000000000 ) ) ;
#6102 = ORIENTED_EDGE ( 'NONE', *, *, #1127, .F. ) ;
#6103 = CARTESIAN_POINT ( 'NONE',  ( 0.6250000000000003300, 0.1999999999999999800, 1.725000000000001200 ) ) ;
#6104 = CYLINDRICAL_SURFACE ( 'NONE', #4507, 0.1676928858146148900 ) ;
#6105 = ORIENTED_EDGE ( 'NONE', *, *, #3530, .F. ) ;
#6106 = DIRECTION ( 'NONE',  ( -1.000000000000000000, 0.0000000000000000000, -1.734723475976802600E-015 ) ) ;
#6107 = EDGE_CURVE ( 'NONE', #2777, #7273, #4427, .T. ) ;
#6108 = CIRCLE ( 'NONE', #3623, 0.1250000000000003300 ) ;
#6109 = EDGE_CURVE ( 'NONE', #3582, #1882, #2334, .T. ) ;
#6110 = VERTEX_POINT ( 'NONE', #7334 ) ;
#6111 = ORIENTED_EDGE ( 'NONE', *, *, #5837, .F. ) ;
#6112 = LINE ( 'NONE', #4272, #5936 ) ;
#6113 = AXIS2_PLACEMENT_3D ( 'NONE', #3396, #3477, #2912 ) ;
#6114 = ORIENTED_EDGE ( 'NONE', *, *, #5226, .F. ) ;
#6115 = CARTESIAN_POINT ( 'NONE',  ( -0.8749999999999990000, 0.2000000000000000100, 2.000000000000000000 ) ) ;
#6116 = AXIS2_PLACEMENT_3D ( 'NONE', #6496, #7065, #2997 ) ;
#6117 = VERTEX_POINT ( 'NONE', #2818 ) ;
#6118 = LINE ( 'NONE', #5385, #4878 ) ;
#6119 = EDGE_LOOP ( 'NONE', ( #2531, #5515, #7137, #4861 ) ) ;
#6120 = ORIENTED_EDGE ( 'NONE', *, *, #2586, .T. ) ;
#6121 = ADVANCED_FACE ( 'NONE', ( #3328 ), #4106, .T. ) ;
#6122 = DIRECTION ( 'NONE',  ( 0.0000000000000000000, -1.000000000000000000, 0.0000000000000000000 ) ) ;
#6123 = UNCERTAINTY_MEASURE_WITH_UNIT (LENGTH_MEASURE( 1.000000000000000100E-005 ), #4547, 'distance_accuracy_value', 'NONE');
#6124 = ADVANCED_FACE ( 'NONE', ( #5598 ), #5223, .F. ) ;
#6125 = DIRECTION ( 'NONE',  ( 0.0000000000000000000, 0.0000000000000000000, -1.000000000000000000 ) ) ;
#6126 = FACE_OUTER_BOUND ( 'NONE', #3773, .T. ) ;
#6127 = DIRECTION ( 'NONE',  ( 0.0000000000000000000, 0.0000000000000000000, -1.000000000000000000 ) ) ;
#6128 = ORIENTED_EDGE ( 'NONE', *, *, #5701, .T. ) ;
#6129 = ORIENTED_EDGE ( 'NONE', *, *, #7286, .T. ) ;
#6130 = ORIENTED_EDGE ( 'NONE', *, *, #4097, .T. ) ;
#6131 = AXIS2_PLACEMENT_3D ( 'NONE', #3049, #1348, #698 ) ;
#6132 = DIRECTION ( 'NONE',  ( 0.0000000000000000000, 0.0000000000000000000, -1.000000000000000000 ) ) ;
#6133 = DIRECTION ( 'NONE',  ( 0.0000000000000000000, -1.000000000000000000, 0.0000000000000000000 ) ) ;
#6134 = CARTESIAN_POINT ( 'NONE',  ( -2.000000000000000900, 0.1999999999999999800, -0.8750000000000003300 ) ) ;
#6135 = ORIENTED_EDGE ( 'NONE', *, *, #3706, .F. ) ;
#6136 = DIRECTION ( 'NONE',  ( 0.0000000000000000000, 0.0000000000000000000, 1.000000000000000000 ) ) ;
#6137 = DIRECTION ( 'NONE',  ( -0.0000000000000000000, 0.0000000000000000000, -1.000000000000000000 ) ) ;
#6138 = ORIENTED_EDGE ( 'NONE', *, *, #5876, .F. ) ;
#6139 = CARTESIAN_POINT ( 'NONE',  ( 1.725000000000000800, 0.0000000000000000000, -0.8750000000000003300 ) ) ;
#6140 = CARTESIAN_POINT ( 'NONE',  ( 2.000000000000000900, 0.6716990566028315800, 1.124999999999999800 ) ) ;
#6141 = ORIENTED_EDGE ( 'NONE', *, *, #2337, .T. ) ;
#6142 = DIRECTION ( 'NONE',  ( -1.577021341797104700E-015, 0.0000000000000000000, 1.000000000000000000 ) ) ;
#6143 = CARTESIAN_POINT ( 'NONE',  ( -1.725000000000000800, 0.05000000000000002400, -1.125000000000000700 ) ) ;
#6144 = LINE ( 'NONE', #4876, #4650 ) ;
#6145 = EDGE_CURVE ( 'NONE', #5412, #5816, #4794, .T. ) ;
#6146 = CARTESIAN_POINT ( 'NONE',  ( 1.725000000000000800, 0.1999999999999999800, -0.6250000000000003300 ) ) ;
#6147 = CARTESIAN_POINT ( 'NONE',  ( 0.1250000000000001100, 0.1999999999999999800, -1.725000000000001200 ) ) ;
#6148 = EDGE_CURVE ( 'NONE', #6385, #4535, #3611, .T. ) ;
#6149 = CARTESIAN_POINT ( 'NONE',  ( 1.174999999999999800, 0.0000000000000000000, -1.174999999999999800 ) ) ;
#6150 = STYLED_ITEM ( 'NONE', ( #579 ), #536 ) ;
#6151 = LINE ( 'NONE', #3617, #2641 ) ;
#6152 = CARTESIAN_POINT ( 'NONE',  ( -0.3749999999999994400, 0.6716990566028308000, -2.000000000000000000 ) ) ;
#6153 = ORIENTED_EDGE ( 'NONE', *, *, #1083, .T. ) ;
#6154 = ADVANCED_FACE ( 'NONE', ( #798 ), #2852, .F. ) ;
#6155 = ADVANCED_FACE ( 'NONE', ( #2147 ), #5806, .F. ) ;
#6156 = AXIS2_PLACEMENT_3D ( 'NONE', #2386, #5855, #4171 ) ;
#6157 = FACE_OUTER_BOUND ( 'NONE', #1591, .T. ) ;
#6158 = VERTEX_POINT ( 'NONE', #1719 ) ;
#6159 = EDGE_CURVE ( 'NONE', #2192, #6204, #251, .T. ) ;
#6160 = ORIENTED_EDGE ( 'NONE', *, *, #1810, .F. ) ;
#6161 =( GEOMETRIC_REPRESENTATION_CONTEXT ( 3 ) GLOBAL_UNCERTAINTY_ASSIGNED_CONTEXT ( ( #5277 ) ) GLOBAL_UNIT_ASSIGNED_CONTEXT ( ( #1001, #484, #3398 ) ) REPRESENTATION_CONTEXT ( 'NONE', 'WORKASPACE' ) );
#6162 = CIRCLE ( 'NONE', #1967, 0.1250000000000001100 ) ;
#6163 = SURFACE_SIDE_STYLE ('',( #1249 ) ) ;
#6164 = VECTOR ( 'NONE', #4986, 1000.000000000000000 ) ;
#6165 = AXIS2_PLACEMENT_3D ( 'NONE', #6865, #1224, #673 ) ;
#6166 = LINE ( 'NONE', #5713, #495 ) ;
#6167 = VERTEX_POINT ( 'NONE', #2266 ) ;
#6168 = DIRECTION ( 'NONE',  ( 3.469446951953614200E-015, -0.0000000000000000000, 1.000000000000000000 ) ) ;
#6169 = DIRECTION ( 'NONE',  ( -0.0000000000000000000, -1.000000000000000000, -0.0000000000000000000 ) ) ;
#6170 = FACE_OUTER_BOUND ( 'NONE', #4715, .T. ) ;
#6171 = CYLINDRICAL_SURFACE ( 'NONE', #2627, 0.1676928858146148900 ) ;
#6172 = DIRECTION ( 'NONE',  ( -0.0000000000000000000, -1.000000000000000000, 0.0000000000000000000 ) ) ;
#6173 = CARTESIAN_POINT ( 'NONE',  ( 0.1250000000000005600, 0.2000000000000000100, -2.000000000000000000 ) ) ;
#6174 = EDGE_LOOP ( 'NONE', ( #7177, #5606, #4946, #2200 ) ) ;
#6175 = CARTESIAN_POINT ( 'NONE',  ( -1.725000000000000800, 0.1999999999999999800, -0.3750000000000003300 ) ) ;
#6176 = EDGE_LOOP ( 'NONE', ( #1250, #6245, #6445, #5268 ) ) ;
#6177 = ORIENTED_EDGE ( 'NONE', *, *, #802, .F. ) ;
#6178 = DIRECTION ( 'NONE',  ( 1.577021341797104700E-015, 0.0000000000000000000, -1.000000000000000000 ) ) ;
#6179 = DIRECTION ( 'NONE',  ( 0.0000000000000000000, 1.000000000000000000, 0.0000000000000000000 ) ) ;
#6180 = VECTOR ( 'NONE', #2720, 1000.000000000000000 ) ;
#6181 = ORIENTED_EDGE ( 'NONE', *, *, #3076, .T. ) ;
#6182 = VECTOR ( 'NONE', #1776, 1000.000000000000000 ) ;
#6183 = ORIENTED_EDGE ( 'NONE', *, *, #7234, .F. ) ;
#6184 = ADVANCED_FACE ( 'NONE', ( #1335 ), #2907, .T. ) ;
#6185 = CARTESIAN_POINT ( 'NONE',  ( 1.000000000000000000, 0.2000000000000000100, 1.725000000000001000 ) ) ;
#6186 = DIRECTION ( 'NONE',  ( 1.000000000000000000, 0.0000000000000000000, -1.734723475976802600E-015 ) ) ;
#6187 = ADVANCED_FACE ( 'NONE', ( #5772 ), #6889, .F. ) ;
#6188 = EDGE_CURVE ( 'NONE', #1219, #5692, #2693, .T. ) ;
#6189 = LINE ( 'NONE', #5913, #3515 ) ;
#6190 = ORIENTED_EDGE ( 'NONE', *, *, #1265, .F. ) ;
#6191 = CARTESIAN_POINT ( 'NONE',  ( 0.1250000000000001100, 0.2000000000000000100, -1.725000000000001200 ) ) ;
#6192 = ORIENTED_EDGE ( 'NONE', *, *, #3720, .T. ) ;
#6193 = EDGE_CURVE ( 'NONE', #6465, #6985, #1971, .T. ) ;
#6194 = DIRECTION ( 'NONE',  ( -1.577021341797104700E-015, 0.0000000000000000000, 1.000000000000000000 ) ) ;
#6195 = VECTOR ( 'NONE', #3288, 1000.000000000000000 ) ;
#6196 = PLANE ( 'NONE',  #2677 ) ;
#6197 = EDGE_LOOP ( 'NONE', ( #4803, #2708, #7040, #2465, #3142, #2883, #2256, #304, #492, #6627, #3341, #2704, #3699, #1413, #4603, #5899, #4806, #5356, #2427, #3983, #1523, #3071, #5288, #6771 ) ) ;
#6198 = PLANE ( 'NONE',  #5845 ) ;
#6199 = LINE ( 'NONE', #693, #5769 ) ;
#6200 = DIRECTION ( 'NONE',  ( 1.577021341797104500E-015, 0.0000000000000000000, -1.000000000000000000 ) ) ;
#6201 = ORIENTED_EDGE ( 'NONE', *, *, #5973, .T. ) ;
#6202 = VERTEX_POINT ( 'NONE', #5170 ) ;
#6203 = LINE ( 'NONE', #3051, #3883 ) ;
#6204 = VERTEX_POINT ( 'NONE', #21 ) ;
#6205 = ORIENTED_EDGE ( 'NONE', *, *, #4873, .T. ) ;
#6206 = DIRECTION ( 'NONE',  ( 1.000000000000000000, -0.0000000000000000000, 1.734723475976802600E-015 ) ) ;
#6207 = EDGE_CURVE ( 'NONE', #964, #6110, #7095, .T. ) ;
#6208 = CARTESIAN_POINT ( 'NONE',  ( -0.3749999999999998900, 0.2000000000000000100, -1.725000000000001200 ) ) ;
#6209 = EDGE_CURVE ( 'NONE', #689, #1524, #3440, .T. ) ;
#6210 = AXIS2_PLACEMENT_3D ( 'NONE', #3360, #2211, #401 ) ;
#6211 = VERTEX_POINT ( 'NONE', #1689 ) ;
#6212 = ORIENTED_EDGE ( 'NONE', *, *, #5687, .F. ) ;
#6213 = VERTEX_POINT ( 'NONE', #7418 ) ;
#6214 = VERTEX_POINT ( 'NONE', #2347 ) ;
#6215 = ORIENTED_EDGE ( 'NONE', *, *, #4104, .F. ) ;
#6216 = DIRECTION ( 'NONE',  ( 0.0000000000000000000, 1.000000000000000000, 0.0000000000000000000 ) ) ;
#6217 = VERTEX_POINT ( 'NONE', #1181 ) ;
#6218 = CARTESIAN_POINT ( 'NONE',  ( -2.000000000000001800, 0.0000000000000000000, 0.8749999999999996700 ) ) ;
#6219 = DIRECTION ( 'NONE',  ( 0.0000000000000000000, 0.0000000000000000000, -1.000000000000000000 ) ) ;
#6220 = ORIENTED_EDGE ( 'NONE', *, *, #6060, .T. ) ;
#6221 = CARTESIAN_POINT ( 'NONE',  ( -2.000000000000001800, 0.1999999999999999800, -0.1250000000000003300 ) ) ;
#6222 = DIRECTION ( 'NONE',  ( 0.0000000000000000000, 0.0000000000000000000, -1.000000000000000000 ) ) ;
#6223 = CARTESIAN_POINT ( 'NONE',  ( -2.956915015869532100E-016, 0.05000000000000000300, 0.3749999999999981100 ) ) ;
#6224 = LINE ( 'NONE', #78, #5967 ) ;
#6225 = CARTESIAN_POINT ( 'NONE',  ( -1.124999999999999800, 0.2000000000000000100, 1.999999999999999600 ) ) ;
#6226 = ADVANCED_FACE ( 'NONE', ( #6651 ), #3566, .F. ) ;
#6227 = CARTESIAN_POINT ( 'NONE',  ( -0.1250000000000001100, 0.1999999999999999800, -1.999999999999999600 ) ) ;
#6228 = SURFACE_STYLE_USAGE ( .BOTH. , #489 ) ;
#6229 = ADVANCED_FACE ( 'NONE', ( #2244 ), #2929, .T. ) ;
#6230 = ORIENTED_EDGE ( 'NONE', *, *, #3416, .T. ) ;
#6231 = CARTESIAN_POINT ( 'NONE',  ( -1.725000000000000800, 0.0000000000000000000, -0.8750000000000003300 ) ) ;
#6232 = DIRECTION ( 'NONE',  ( 0.0000000000000000000, 0.0000000000000000000, 1.000000000000000000 ) ) ;
#6233 = LINE ( 'NONE', #385, #1456 ) ;
#6235 = EDGE_CURVE ( 'NONE', #2633, #5078, #4077, .T. ) ;
#6234 = DIRECTION ( 'NONE',  ( 0.0000000000000000000, -0.0000000000000000000, 1.000000000000000000 ) ) ;
#6236 = ORIENTED_EDGE ( 'NONE', *, *, #4300, .T. ) ;
#6237 = FACE_OUTER_BOUND ( 'NONE', #5629, .T. ) ;
#6238 = CARTESIAN_POINT ( 'NONE',  ( 0.1250000000000009700, 0.1999999999999999800, 2.000000000000000000 ) ) ;
#6239 = VECTOR ( 'NONE', #4267, 1000.000000000000000 ) ;
#6240 = AXIS2_PLACEMENT_3D ( 'NONE', #1029, #2832, #4631 ) ;
#6241 = CARTESIAN_POINT ( 'NONE',  ( 0.5000000000000000000, 0.0000000000000000000, 1.725000000000001000 ) ) ;
#6242 = CARTESIAN_POINT ( 'NONE',  ( -0.6250000000000001100, 0.0000000000000000000, 1.725000000000001200 ) ) ;
#6243 = CARTESIAN_POINT ( 'NONE',  ( -1.000000000000000000, 0.0000000000000000000, 1.725000000000001000 ) ) ;
#6244 = EDGE_CURVE ( 'NONE', #2345, #5009, #965, .T. ) ;
#6245 = ORIENTED_EDGE ( 'NONE', *, *, #5972, .T. ) ;
#6246 = LINE ( 'NONE', #4374, #7211 ) ;
#6247 = CARTESIAN_POINT ( 'NONE',  ( 2.000000000000001800, 0.0000000000000000000, -0.1250000000000003300 ) ) ;
#6248 = SURFACE_STYLE_USAGE ( .BOTH. , #5228 ) ;
#6249 = CARTESIAN_POINT ( 'NONE',  ( -2.000000000000000900, 0.1999999999999999800, -0.8750000000000003300 ) ) ;
#6250 = EDGE_CURVE ( 'NONE', #5670, #5857, #3062, .T. ) ;
#6251 = SURFACE_STYLE_USAGE ( .BOTH. , #3962 ) ;
#6252 = EDGE_CURVE ( 'NONE', #2761, #4270, #4970, .T. ) ;
#6253 = AXIS2_PLACEMENT_3D ( 'NONE', #4043, #113, #1038 ) ;
#6254 = CARTESIAN_POINT ( 'NONE',  ( -0.1250000000000001100, 0.6716990566028308000, 1.725000000000001200 ) ) ;
#6255 = LINE ( 'NONE', #3982, #1831 ) ;
#6256 = PLANE ( 'NONE',  #5452 ) ;
#6257 = UNCERTAINTY_MEASURE_WITH_UNIT (LENGTH_MEASURE( 1.000000000000000100E-005 ), #3479, 'distance_accuracy_value', 'NONE');
#6258 = CARTESIAN_POINT ( 'NONE',  ( -1.174999999999999400, 3.876955262170047600, -1.300000000000000300 ) ) ;
#6259 = ORIENTED_EDGE ( 'NONE', *, *, #6724, .T. ) ;
#6260 = AXIS2_PLACEMENT_3D ( 'NONE', #5676, #3997, #2839 ) ;
#6261 = VECTOR ( 'NONE', #785, 1000.000000000000000 ) ;
#6262 = VECTOR ( 'NONE', #4435, 1000.000000000000000 ) ;
#6263 = LINE ( 'NONE', #6377, #3393 ) ;
#6264 = DIRECTION ( 'NONE',  ( -1.000000000000000000, 0.0000000000000000000, 1.577021341797104500E-015 ) ) ;
#6265 = ORIENTED_EDGE ( 'NONE', *, *, #3076, .F. ) ;
#6266 =( GEOMETRIC_REPRESENTATION_CONTEXT ( 3 ) GLOBAL_UNCERTAINTY_ASSIGNED_CONTEXT ( ( #1217 ) ) GLOBAL_UNIT_ASSIGNED_CONTEXT ( ( #4054, #5808, #7448 ) ) REPRESENTATION_CONTEXT ( 'NONE', 'WORKASPACE' ) );
#6267 = ORIENTED_EDGE ( 'NONE', *, *, #3357, .T. ) ;
#6268 = ADVANCED_FACE ( 'NONE', ( #6834 ), #5856, .F. ) ;
#6269 = VECTOR ( 'NONE', #4320, 1000.000000000000000 ) ;
#6270 = ADVANCED_FACE ( 'NONE', ( #5254 ), #1274, .T. ) ;
#6271 = AXIS2_PLACEMENT_3D ( 'NONE', #7237, #6101, #3243 ) ;
#6272 = ORIENTED_EDGE ( 'NONE', *, *, #7194, .F. ) ;
#6273 = CARTESIAN_POINT ( 'NONE',  ( 0.0000000000000000000, 0.2000000000000000100, -1.725000000000000100 ) ) ;
#6274 = ORIENTED_EDGE ( 'NONE', *, *, #7018, .F. ) ;
#6275 = CARTESIAN_POINT ( 'NONE',  ( 1.725000000000000800, 0.6716990566028315800, -0.3750000000000003300 ) ) ;
#6276 = CARTESIAN_POINT ( 'NONE',  ( 1.725000000000000800, 0.1999999999999999800, -0.1250000000000003300 ) ) ;
#6277 = DIRECTION ( 'NONE',  ( 0.0000000000000000000, 1.000000000000000000, -0.0000000000000000000 ) ) ;
#6278 = COLOUR_RGB ( '',0.7921568627450980000, 0.8196078431372548800, 0.9333333333333333500 ) ;
#6279 = DIRECTION ( 'NONE',  ( 0.0000000000000000000, 1.000000000000000000, 0.0000000000000000000 ) ) ;
#6280 = FILL_AREA_STYLE_COLOUR ( '', #6587 ) ;
#6281 = EDGE_LOOP ( 'NONE', ( #2068, #883, #5860, #6130 ) ) ;
#6282 = CYLINDRICAL_SURFACE ( 'NONE', #946, 0.1250000000000001100 ) ;
#6283 = ORIENTED_EDGE ( 'NONE', *, *, #4926, .T. ) ;
#6284 = DIRECTION ( 'NONE',  ( -1.000000000000000000, 0.0000000000000000000, 0.0000000000000000000 ) ) ;
#6285 = FILL_AREA_STYLE_COLOUR ( '', #4848 ) ;
#6286 = LINE ( 'NONE', #7296, #5402 ) ;
#6287 = ORIENTED_EDGE ( 'NONE', *, *, #71, .F. ) ;
#6288 = ORIENTED_EDGE ( 'NONE', *, *, #885, .T. ) ;
#6289 = CARTESIAN_POINT ( 'NONE',  ( 0.8749999999999998900, 0.2000000000000000100, 1.725000000000001200 ) ) ;
#6290 = CARTESIAN_POINT ( 'NONE',  ( -2.000000000000001800, 0.0000000000000000000, 0.3749999999999996700 ) ) ;
#6291 = CIRCLE ( 'NONE', #3490, 0.1250000000000001100 ) ;
#6292 = ORIENTED_EDGE ( 'NONE', *, *, #3165, .T. ) ;
#6293 = ORIENTED_EDGE ( 'NONE', *, *, #2491, .F. ) ;
#6294 = VECTOR ( 'NONE', #3154, 1000.000000000000000 ) ;
#6295 = ORIENTED_EDGE ( 'NONE', *, *, #2162, .T. ) ;
#6296 = EDGE_CURVE ( 'NONE', #7468, #911, #2517, .T. ) ;
#6297 = CARTESIAN_POINT ( 'NONE',  ( 0.3749999999999998900, 0.2000000000000000100, -1.999999999999999600 ) ) ;
#6298 = FACE_OUTER_BOUND ( 'NONE', #53, .T. ) ;
#6299 = EDGE_CURVE ( 'NONE', #2675, #5924, #3150, .T. ) ;
#6300 = CARTESIAN_POINT ( 'NONE',  ( -1.299999999999999800, 0.05000000000000012800, -1.175000000000000000 ) ) ;
#6301 = DIRECTION ( 'NONE',  ( 1.577021341797104700E-015, 0.0000000000000000000, 1.000000000000000000 ) ) ;
#6302 = ORIENTED_EDGE ( 'NONE', *, *, #4590, .T. ) ;
#6303 = ORIENTED_EDGE ( 'NONE', *, *, #6299, .F. ) ;
#6304 = LINE ( 'NONE', #3663, #4620 ) ;
#6305 = PRESENTATION_LAYER_ASSIGNMENT (  '', '', ( #6150 ) ) ;
#6306 = VERTEX_POINT ( 'NONE', #142 ) ;
#6307 = DIRECTION ( 'NONE',  ( -0.0000000000000000000, -1.000000000000000000, -0.0000000000000000000 ) ) ;
#6308 = DIRECTION ( 'NONE',  ( -3.469446951953614200E-015, 0.0000000000000000000, -1.000000000000000000 ) ) ;
#6309 = DIRECTION ( 'NONE',  ( 3.469446951953611000E-015, 0.0000000000000000000, 1.000000000000000000 ) ) ;
#6310 = LINE ( 'NONE', #4094, #6934 ) ;
#6311 = EDGE_LOOP ( 'NONE', ( #1708, #7217, #992, #2312 ) ) ;
#6312 = EDGE_LOOP ( 'NONE', ( #2130, #4859, #3757, #3810 ) ) ;
#6313 = ADVANCED_FACE ( 'NONE', ( #1521 ), #1225, .F. ) ;
#6314 = DIRECTION ( 'NONE',  ( 0.0000000000000000000, 1.000000000000000000, -0.0000000000000000000 ) ) ;
#6315 = DIRECTION ( 'NONE',  ( 0.0000000000000000000, 1.000000000000000000, 0.0000000000000000000 ) ) ;
#6316 = ORIENTED_EDGE ( 'NONE', *, *, #2943, .F. ) ;
#6317 = EDGE_CURVE ( 'NONE', #5924, #5848, #6203, .T. ) ;
#6318 = DIRECTION ( 'NONE',  ( 0.0000000000000000000, 1.000000000000000000, 0.0000000000000000000 ) ) ;
#6319 = CARTESIAN_POINT ( 'NONE',  ( -1.299999999999999800, 3.876955262170047600, -1.175000000000000000 ) ) ;
#6320 = EDGE_LOOP ( 'NONE', ( #2359, #4456, #228, #1774 ) ) ;
#6321 = AXIS2_PLACEMENT_3D ( 'NONE', #429, #4458, #5060 ) ;
#6322 = AXIS2_PLACEMENT_3D ( 'NONE', #3768, #5524, #1990 ) ;
#6323 = CARTESIAN_POINT ( 'NONE',  ( -0.3749999999999994400, 0.1999999999999999800, -2.000000000000000000 ) ) ;
#6324 = ORIENTED_EDGE ( 'NONE', *, *, #598, .T. ) ;
#6325 = CARTESIAN_POINT ( 'NONE',  ( -1.000000000000000000, 0.2000000000000000100, -1.725000000000000100 ) ) ;
#6326 =( NAMED_UNIT ( * ) SI_UNIT ( $, .STERADIAN. ) SOLID_ANGLE_UNIT ( ) );
#6327 = DIRECTION ( 'NONE',  ( 1.577021341797106900E-015, -0.0000000000000000000, 1.000000000000000000 ) ) ;
#6328 = LINE ( 'NONE', #4491, #102 ) ;
#6329 = ORIENTED_EDGE ( 'NONE', *, *, #6069, .F. ) ;
#6330 = DIRECTION ( 'NONE',  ( 0.0000000000000000000, 0.0000000000000000000, -1.000000000000000000 ) ) ;
#6331 =( NAMED_UNIT ( * ) SI_UNIT ( $, .STERADIAN. ) SOLID_ANGLE_UNIT ( ) );
#6332 = VECTOR ( 'NONE', #1389, 1000.000000000000000 ) ;
#6333 = CARTESIAN_POINT ( 'NONE',  ( -2.000000000000000900, 0.6716990566028315800, -0.8750000000000003300 ) ) ;
#6334 = PLANE ( 'NONE',  #5185 ) ;
#6335 = CARTESIAN_POINT ( 'NONE',  ( -1.299999999999999800, 0.2000000000000000900, 1.174999999999999600 ) ) ;
#6336 = LINE ( 'NONE', #1403, #4824 ) ;
#6337 = ORIENTED_EDGE ( 'NONE', *, *, #6355, .T. ) ;
#6338 = PRESENTATION_STYLE_ASSIGNMENT (( #7178 ) ) ;
#6339 = EDGE_CURVE ( 'NONE', #5707, #3582, #350, .T. ) ;
#6340 = EDGE_CURVE ( 'NONE', #7153, #4709, #442, .T. ) ;
#6341 = FACE_OUTER_BOUND ( 'NONE', #5446, .T. ) ;
#6342 = CARTESIAN_POINT ( 'NONE',  ( -1.611480854806852200, 0.8000000000000000400, -1.443787968992235700 ) ) ;
#6343 = EDGE_CURVE ( 'NONE', #4439, #6703, #6926, .T. ) ;
#6344 = LINE ( 'NONE', #2828, #3282 ) ;
#6345 = VERTEX_POINT ( 'NONE', #3022 ) ;
#6346 = CARTESIAN_POINT ( 'NONE',  ( 2.000000000000000900, 0.1999999999999999800, 0.6249999999999996700 ) ) ;
#6347 = ORIENTED_EDGE ( 'NONE', *, *, #3375, .F. ) ;
#6348 = DIRECTION ( 'NONE',  ( 1.734723475976802600E-015, 0.0000000000000000000, -1.000000000000000000 ) ) ;
#6349 = DIRECTION ( 'NONE',  ( 0.0000000000000000000, -1.000000000000000000, 0.0000000000000000000 ) ) ;
#6350 = EDGE_CURVE ( 'NONE', #3403, #1676, #6304, .T. ) ;
#6351 = SURFACE_STYLE_FILL_AREA ( #3954 ) ;
#6352 = VECTOR ( 'NONE', #2247, 1000.000000000000000 ) ;
#6353 = CARTESIAN_POINT ( 'NONE',  ( -0.3749999999999994400, 0.2000000000000000100, -2.000000000000000000 ) ) ;
#6354 = VERTEX_POINT ( 'NONE', #7134 ) ;
#6355 = EDGE_CURVE ( 'NONE', #7159, #2603, #74, .T. ) ;
#6356 = FILL_AREA_STYLE ('',( #5235 ) ) ;
#6357 = EDGE_CURVE ( 'NONE', #17, #3342, #1876, .T. ) ;
#6358 = AXIS2_PLACEMENT_3D ( 'NONE', #3843, #281, #2043 ) ;
#6359 = LINE ( 'NONE', #1007, #4672 ) ;
#6360 = DIRECTION ( 'NONE',  ( 0.0000000000000000000, 1.000000000000000000, 0.0000000000000000000 ) ) ;
#6361 = DIRECTION ( 'NONE',  ( -1.000000000000000000, 0.0000000000000000000, -7.885106708985461400E-016 ) ) ;
#6362 = VECTOR ( 'NONE', #4701, 1000.000000000000000 ) ;
#6363 = CARTESIAN_POINT ( 'NONE',  ( 0.0000000000000000000, 0.0000000000000000000, 1.725000000000001000 ) ) ;
#6364 = ORIENTED_EDGE ( 'NONE', *, *, #3959, .F. ) ;
#6365 = VECTOR ( 'NONE', #2808, 1000.000000000000000 ) ;
#6366 = FACE_OUTER_BOUND ( 'NONE', #7063, .T. ) ;
#6367 = MECHANICAL_DESIGN_GEOMETRIC_PRESENTATION_REPRESENTATION (  '', ( #2505 ), #4984 ) ;
#6368 = ORIENTED_EDGE ( 'NONE', *, *, #2886, .F. ) ;
#6369 = CARTESIAN_POINT ( 'NONE',  ( 1.125000000000000400, 0.2000000000000000100, 1.725000000000001200 ) ) ;
#6370 = AXIS2_PLACEMENT_3D ( 'NONE', #741, #6489, #5966 ) ;
#6371 = VECTOR ( 'NONE', #4352, 1000.000000000000000 ) ;
#6372 = DIRECTION ( 'NONE',  ( -1.577021341797104500E-015, 0.0000000000000000000, 1.000000000000000000 ) ) ;
#6373 = EDGE_LOOP ( 'NONE', ( #6810, #2921, #1869, #5778 ) ) ;
#6374 = SURFACE_STYLE_USAGE ( .BOTH. , #6970 ) ;
#6375 = VECTOR ( 'NONE', #4093, 1000.000000000000000 ) ;
#6376 = EDGE_LOOP ( 'NONE', ( #7363, #5997, #5946, #4676 ) ) ;
#6377 = CARTESIAN_POINT ( 'NONE',  ( -2.000000000000001800, 0.0000000000000000000, -0.6250000000000003300 ) ) ;
#6378 = LINE ( 'NONE', #3756, #2322 ) ;
#6379 = CARTESIAN_POINT ( 'NONE',  ( -0.6250000000000001100, 0.2000000000000000100, 1.725000000000001200 ) ) ;
#6380 = DIRECTION ( 'NONE',  ( 0.0000000000000000000, -1.000000000000000000, 0.0000000000000000000 ) ) ;
#6381 = PLANE ( 'NONE',  #6414 ) ;
#6382 = ORIENTED_EDGE ( 'NONE', *, *, #110, .F. ) ;
#6383 = ORIENTED_EDGE ( 'NONE', *, *, #1892, .F. ) ;
#6384 = FACE_OUTER_BOUND ( 'NONE', #6031, .T. ) ;
#6385 = VERTEX_POINT ( 'NONE', #3761 ) ;
#6386 = DIRECTION ( 'NONE',  ( 0.0000000000000000000, -1.000000000000000000, 0.0000000000000000000 ) ) ;
#6387 = DIRECTION ( 'NONE',  ( 1.000000000000000000, -0.0000000000000000000, 0.0000000000000000000 ) ) ;
#6388 = EDGE_CURVE ( 'NONE', #1699, #2283, #3246, .T. ) ;
#6389 = ORIENTED_EDGE ( 'NONE', *, *, #2438, .T. ) ;
#6390 = DIRECTION ( 'NONE',  ( 0.0000000000000000000, -1.000000000000000000, 0.0000000000000000000 ) ) ;
#6391 = ORIENTED_EDGE ( 'NONE', *, *, #5059, .F. ) ;
#6392 = VECTOR ( 'NONE', #3101, 1000.000000000000000 ) ;
#6393 = ORIENTED_EDGE ( 'NONE', *, *, #6296, .F. ) ;
#6394 = ORIENTED_EDGE ( 'NONE', *, *, #6864, .F. ) ;
#6395 = LINE ( 'NONE', #6569, #4337 ) ;
#6396 = VERTEX_POINT ( 'NONE', #770 ) ;
#6397 = ORIENTED_EDGE ( 'NONE', *, *, #5169, .T. ) ;
#6398 = CARTESIAN_POINT ( 'NONE',  ( -2.000000000000001800, 0.1999999999999999800, -0.1250000000000003300 ) ) ;
#6399 = ORIENTED_EDGE ( 'NONE', *, *, #3963, .F. ) ;
#6400 = VERTEX_POINT ( 'NONE', #273 ) ;
#6401 = CARTESIAN_POINT ( 'NONE',  ( 0.8749999999999996700, 0.0000000000000000000, -1.725000000000000800 ) ) ;
#6402 = EDGE_CURVE ( 'NONE', #3453, #5326, #5055, .T. ) ;
#6403 = DIRECTION ( 'NONE',  ( 1.577021341797104500E-015, 0.0000000000000000000, -1.000000000000000000 ) ) ;
#6404 = EDGE_CURVE ( 'NONE', #4766, #7093, #6118, .T. ) ;
#6405 = FILL_AREA_STYLE_COLOUR ( '', #6089 ) ;
#6406 = AXIS2_PLACEMENT_3D ( 'NONE', #3408, #4575, #6234 ) ;
#6407 = EDGE_LOOP ( 'NONE', ( #1881, #1698, #5667, #3602 ) ) ;
#6408 = ORIENTED_EDGE ( 'NONE', *, *, #4678, .T. ) ;
#6409 = CARTESIAN_POINT ( 'NONE',  ( -0.8749999999999996700, 0.2000000000000000100, 1.725000000000001200 ) ) ;
#6410 = DIRECTION ( 'NONE',  ( -1.000000000000000000, 0.0000000000000000000, -1.734723475976802600E-015 ) ) ;
#6411 = AXIS2_PLACEMENT_3D ( 'NONE', #2098, #6137, #6700 ) ;
#6412 = DIRECTION ( 'NONE',  ( -0.0000000000000000000, -1.000000000000000000, -0.0000000000000000000 ) ) ;
#6413 = ORIENTED_EDGE ( 'NONE', *, *, #3530, .T. ) ;
#6414 = AXIS2_PLACEMENT_3D ( 'NONE', #1750, #2939, #4567 ) ;
#6415 = CARTESIAN_POINT ( 'NONE',  ( 1.725000000000000300, 0.6716990566028315800, 0.4999999999999997800 ) ) ;
#6416 = FACE_OUTER_BOUND ( 'NONE', #1821, .T. ) ;
#6417 = AXIS2_PLACEMENT_3D ( 'NONE', #7042, #6477, #710 ) ;
#6418 = ORIENTED_EDGE ( 'NONE', *, *, #7151, .F. ) ;
#6419 = VERTEX_POINT ( 'NONE', #1322 ) ;
#6420 = PLANE ( 'NONE',  #91 ) ;
#6421 = DIRECTION ( 'NONE',  ( 0.0000000000000000000, -0.0000000000000000000, -1.000000000000000000 ) ) ;
#6422 = VERTEX_POINT ( 'NONE', #2489 ) ;
#6423 = VECTOR ( 'NONE', #4178, 1000.000000000000000 ) ;
#6424 = LINE ( 'NONE', #1715, #3371 ) ;
#6425 = CARTESIAN_POINT ( 'NONE',  ( -1.725000000000000800, 0.1999999999999999800, -0.6250000000000005600 ) ) ;
#6426 = DIRECTION ( 'NONE',  ( 1.577021341797104700E-015, 0.0000000000000000000, -1.000000000000000000 ) ) ;
#6427 = CARTESIAN_POINT ( 'NONE',  ( 0.6250000000000010000, 0.6716990566028308000, 2.000000000000000000 ) ) ;
#6428 = DIRECTION ( 'NONE',  ( 0.0000000000000000000, 0.0000000000000000000, -1.000000000000000000 ) ) ;
#6429 = VECTOR ( 'NONE', #927, 1000.000000000000000 ) ;
#6430 = ORIENTED_EDGE ( 'NONE', *, *, #6436, .F. ) ;
#6431 = VECTOR ( 'NONE', #1102, 1000.000000000000000 ) ;
#6432 = DIRECTION ( 'NONE',  ( -1.000000000000000000, 0.0000000000000000000, -0.0000000000000000000 ) ) ;
#6433 = LINE ( 'NONE', #3649, #1832 ) ;
#6434 = EDGE_CURVE ( 'NONE', #5866, #3448, #3601, .T. ) ;
#6435 = VERTEX_POINT ( 'NONE', #1987 ) ;
#6436 = EDGE_CURVE ( 'NONE', #2192, #5765, #6112, .T. ) ;
#6437 = CARTESIAN_POINT ( 'NONE',  ( -1.725000000000000800, 0.0000000000000000000, 0.8749999999999994400 ) ) ;
#6438 = FACE_OUTER_BOUND ( 'NONE', #7166, .T. ) ;
#6439 = CARTESIAN_POINT ( 'NONE',  ( -1.124999999999999800, 0.0000000000000000000, 1.999999999999999600 ) ) ;
#6440 = AXIS2_PLACEMENT_3D ( 'NONE', #734, #4203, #1336 ) ;
#6441 = CARTESIAN_POINT ( 'NONE',  ( 1.725000000000000300, 0.1999999999999999800, 0.9999999999999997800 ) ) ;
#6442 = LINE ( 'NONE', #6005, #4929 ) ;
#6443 = FACE_OUTER_BOUND ( 'NONE', #6320, .T. ) ;
#6444 = DIRECTION ( 'NONE',  ( 1.000000000000000000, -0.0000000000000000000, -1.084202172485504400E-016 ) ) ;
#6445 = ORIENTED_EDGE ( 'NONE', *, *, #7231, .T. ) ;
#6446 = CLOSED_SHELL ( 'NONE', ( #7427, #4555, #1701, #3913, #2496, #6636, #7389, #7305, #3105, #2535, #4481, #6863 ) ) ;
#6447 = LINE ( 'NONE', #4217, #4938 ) ;
#6448 = FILL_AREA_STYLE ('',( #2421 ) ) ;
#6449 = EDGE_LOOP ( 'NONE', ( #6160, #1204, #7268, #4508 ) ) ;
#6450 = DIRECTION ( 'NONE',  ( 0.0000000000000000000, 1.000000000000000000, 0.0000000000000000000 ) ) ;
#6451 = EDGE_CURVE ( 'NONE', #367, #4004, #6732, .T. ) ;
#6452 = ORIENTED_EDGE ( 'NONE', *, *, #5556, .T. ) ;
#6453 = CARTESIAN_POINT ( 'NONE',  ( -0.8749999999999996700, 0.6716990566028308000, 1.725000000000001200 ) ) ;
#6454 = DIRECTION ( 'NONE',  ( 0.0000000000000000000, 0.0000000000000000000, 1.000000000000000000 ) ) ;
#6455 = ADVANCED_FACE ( 'NONE', ( #2685 ), #2592, .F. ) ;
#6456 = AXIS2_PLACEMENT_3D ( 'NONE', #980, #5671, #3990 ) ;
#6457 = ORIENTED_EDGE ( 'NONE', *, *, #6317, .T. ) ;
#6458 = LINE ( 'NONE', #3721, #5751 ) ;
#6459 = ORIENTED_EDGE ( 'NONE', *, *, #2282, .T. ) ;
#6460 = CARTESIAN_POINT ( 'NONE',  ( 2.000000000000001800, 0.6716990566028315800, -1.125000000000000400 ) ) ;
#6461 = DIRECTION ( 'NONE',  ( 0.0000000000000000000, -1.000000000000000000, 0.0000000000000000000 ) ) ;
#6462 = ORIENTED_EDGE ( 'NONE', *, *, #4580, .T. ) ;
#6463 = ADVANCED_FACE ( 'NONE', ( #6820 ), #1931, .F. ) ;
#6464 = FACE_OUTER_BOUND ( 'NONE', #4577, .T. ) ;
#6465 = VERTEX_POINT ( 'NONE', #6566 ) ;
#6466 = VECTOR ( 'NONE', #5014, 1000.000000000000000 ) ;
#6467 = ORIENTED_EDGE ( 'NONE', *, *, #371, .F. ) ;
#6468 = DIRECTION ( 'NONE',  ( 0.0000000000000000000, 1.000000000000000000, 0.0000000000000000000 ) ) ;
#6469 = CARTESIAN_POINT ( 'NONE',  ( 2.000000000000000900, 0.04999999999999969700, 1.124999999999999800 ) ) ;
#6470 = DIRECTION ( 'NONE',  ( 0.0000000000000000000, 1.000000000000000000, 0.0000000000000000000 ) ) ;
#6471 = VECTOR ( 'NONE', #1662, 1000.000000000000000 ) ;
#6472 = VERTEX_POINT ( 'NONE', #214 ) ;
#6473 = ORIENTED_EDGE ( 'NONE', *, *, #1127, .T. ) ;
#6474 = LINE ( 'NONE', #1477, #5512 ) ;
#6475 = ORIENTED_EDGE ( 'NONE', *, *, #4048, .T. ) ;
#6476 = DIRECTION ( 'NONE',  ( 0.0000000000000000000, 1.000000000000000000, 0.0000000000000000000 ) ) ;
#6477 = DIRECTION ( 'NONE',  ( 1.734723475976802600E-015, 0.0000000000000000000, -1.000000000000000000 ) ) ;
#6478 = CARTESIAN_POINT ( 'NONE',  ( 0.0000000000000000000, 0.05000000000000000300, 0.6249999999999996700 ) ) ;
#6479 = ORIENTED_EDGE ( 'NONE', *, *, #2246, .F. ) ;
#6480 = CIRCLE ( 'NONE', #2989, 0.1250000000000001100 ) ;
#6481 = ORIENTED_EDGE ( 'NONE', *, *, #5701, .F. ) ;
#6482 = EDGE_CURVE ( 'NONE', #6802, #5328, #4154, .T. ) ;
#6483 = CIRCLE ( 'NONE', #6535, 0.1250000000000001100 ) ;
#6484 = DIRECTION ( 'NONE',  ( 0.0000000000000000000, 0.0000000000000000000, -1.000000000000000000 ) ) ;
#6485 = CARTESIAN_POINT ( 'NONE',  ( 1.725000000000000800, 0.0000000000000000000, -0.1250000000000003300 ) ) ;
#6486 = VERTEX_POINT ( 'NONE', #1352 ) ;
#6487 = EDGE_LOOP ( 'NONE', ( #1109, #3119 ) ) ;
#6488 = EDGE_LOOP ( 'NONE', ( #215, #1601, #2671, #2224 ) ) ;
#6489 = DIRECTION ( 'NONE',  ( 0.0000000000000000000, 1.000000000000000000, 0.0000000000000000000 ) ) ;
#6490 = DIRECTION ( 'NONE',  ( -0.0000000000000000000, -1.000000000000000000, -0.0000000000000000000 ) ) ;
#6491 = EDGE_CURVE ( 'NONE', #3215, #1873, #3055, .T. ) ;
#6492 = ORIENTED_EDGE ( 'NONE', *, *, #4815, .F. ) ;
#6493 = DIRECTION ( 'NONE',  ( 0.0000000000000000000, 0.0000000000000000000, 1.000000000000000000 ) ) ;
#6494 = EDGE_CURVE ( 'NONE', #974, #5267, #4419, .T. ) ;
#6495 = AXIS2_PLACEMENT_3D ( 'NONE', #3935, #1562, #4518 ) ;
#6496 = CARTESIAN_POINT ( 'NONE',  ( -1.000000000000000000, 0.1999999999999999800, 1.725000000000001000 ) ) ;
#6497 = ADVANCED_FACE ( 'NONE', ( #343 ), #2075, .F. ) ;
#6498 = VERTEX_POINT ( 'NONE', #5438 ) ;
#6499 = VECTOR ( 'NONE', #7318, 1000.000000000000000 ) ;
#6500 = PLANE ( 'NONE',  #6440 ) ;
#6501 = ORIENTED_EDGE ( 'NONE', *, *, #3025, .T. ) ;
#6502 = CARTESIAN_POINT ( 'NONE',  ( 0.1250000000000001100, 0.0000000000000000000, -1.725000000000001200 ) ) ;
#6503 = DIRECTION ( 'NONE',  ( 1.000000000000000000, -0.0000000000000000000, 1.577021341797104500E-015 ) ) ;
#6504 = DIRECTION ( 'NONE',  ( 0.0000000000000000000, 0.0000000000000000000, 1.000000000000000000 ) ) ;
#6505 = LINE ( 'NONE', #7214, #108 ) ;
#6506 = PRESENTATION_LAYER_ASSIGNMENT (  '', '', ( #4462 ) ) ;
#6507 = CARTESIAN_POINT ( 'NONE',  ( -0.6250000000000001100, 0.2000000000000000100, -1.999999999999999600 ) ) ;
#6508 = PLANE ( 'NONE',  #6131 ) ;
#6509 = VECTOR ( 'NONE', #1749, 1000.000000000000000 ) ;
#6510 = PLANE ( 'NONE',  #3081 ) ;
#6511 = ORIENTED_EDGE ( 'NONE', *, *, #5102, .T. ) ;
#6512 = LINE ( 'NONE', #209, #4280 ) ;
#6513 = DIRECTION ( 'NONE',  ( 0.0000000000000000000, 0.0000000000000000000, 1.000000000000000000 ) ) ;
#6514 = CARTESIAN_POINT ( 'NONE',  ( 0.3749999999999998900, 0.6716990566028308000, 1.725000000000001200 ) ) ;
#6515 = LINE ( 'NONE', #4169, #5005 ) ;
#6516 = VECTOR ( 'NONE', #4384, 1000.000000000000000 ) ;
#6517 = VERTEX_POINT ( 'NONE', #873 ) ;
#6518 = VERTEX_POINT ( 'NONE', #5517 ) ;
#6519 = LINE ( 'NONE', #4315, #7225 ) ;
#6520 = CARTESIAN_POINT ( 'NONE',  ( 0.6250000000000001100, 0.2000000000000000100, -1.725000000000001200 ) ) ;
#6521 = LINE ( 'NONE', #634, #2656 ) ;
#6522 = VERTEX_POINT ( 'NONE', #4422 ) ;
#6523 = CARTESIAN_POINT ( 'NONE',  ( -1.000000000000000000, 0.0000000000000000000, 1.600000000000000800 ) ) ;
#6524 =( NAMED_UNIT ( * ) PLANE_ANGLE_UNIT ( ) SI_UNIT ( $, .RADIAN. ) );
#6525 = VECTOR ( 'NONE', #2259, 1000.000000000000000 ) ;
#6526 = EDGE_CURVE ( 'NONE', #4869, #2739, #2419, .T. ) ;
#6527 = ADVANCED_FACE ( 'NONE', ( #881 ), #7223, .F. ) ;
#6528 = VECTOR ( 'NONE', #1768, 1000.000000000000000 ) ;
#6529 = FILL_AREA_STYLE_COLOUR ( '', #3793 ) ;
#6530 = EDGE_CURVE ( 'NONE', #4362, #7393, #2055, .T. ) ;
#6531 = ORIENTED_EDGE ( 'NONE', *, *, #2727, .T. ) ;
#6532 = CARTESIAN_POINT ( 'NONE',  ( -0.5000000000000000000, 0.2000000000000000100, 1.725000000000001000 ) ) ;
#6533 = ORIENTED_EDGE ( 'NONE', *, *, #7299, .F. ) ;
#6534 = DIRECTION ( 'NONE',  ( 0.0000000000000000000, 0.0000000000000000000, -1.000000000000000000 ) ) ;
#6535 = AXIS2_PLACEMENT_3D ( 'NONE', #7219, #446, #1544 ) ;
#6536 = CARTESIAN_POINT ( 'NONE',  ( 0.3749999999999996700, 0.2000000000000000100, -1.725000000000000800 ) ) ;
#6537 = CIRCLE ( 'NONE', #4250, 0.1250000000000003300 ) ;
#6538 = DIRECTION ( 'NONE',  ( 1.000000000000000000, 0.0000000000000000000, -1.734723475976802600E-015 ) ) ;
#6539 = VECTOR ( 'NONE', #6793, 1000.000000000000000 ) ;
#6540 = COLOUR_RGB ( '',0.2509803921568627400, 0.2509803921568627400, 0.2509803921568627400 ) ;
#6541 = ORIENTED_EDGE ( 'NONE', *, *, #6015, .F. ) ;
#6542 = AXIS2_PLACEMENT_3D ( 'NONE', #6441, #5827, #3585 ) ;
#6543 = CYLINDRICAL_SURFACE ( 'NONE', #6456, 0.1250000000000003300 ) ;
#6544 = CARTESIAN_POINT ( 'NONE',  ( -1.300000000000000000, 0.2000000000000000900, -1.175000000000000000 ) ) ;
#6545 = EDGE_CURVE ( 'NONE', #3084, #2751, #4332, .T. ) ;
#6546 = CARTESIAN_POINT ( 'NONE',  ( 2.000000000000000900, 0.04999999999999969700, 0.6249999999999996700 ) ) ;
#6547 = ORIENTED_EDGE ( 'NONE', *, *, #5265, .T. ) ;
#6548 = ORIENTED_EDGE ( 'NONE', *, *, #2229, .T. ) ;
#6549 = AXIS2_PLACEMENT_3D ( 'NONE', #7272, #3376, #6178 ) ;
#6550 = AXIS2_PLACEMENT_3D ( 'NONE', #6612, #4930, #5464 ) ;
#6551 = CYLINDRICAL_SURFACE ( 'NONE', #2166, 0.1250000000000003300 ) ;
#6552 = VERTEX_POINT ( 'NONE', #1453 ) ;
#6553 = DIRECTION ( 'NONE',  ( 0.0000000000000000000, 0.0000000000000000000, -1.000000000000000000 ) ) ;
#6554 = ORIENTED_EDGE ( 'NONE', *, *, #5628, .T. ) ;
#6555 = DIRECTION ( 'NONE',  ( -0.0000000000000000000, -0.0000000000000000000, 1.000000000000000000 ) ) ;
#6556 = LINE ( 'NONE', #1646, #876 ) ;
#6557 = VERTEX_POINT ( 'NONE', #3226 ) ;
#6558 = CARTESIAN_POINT ( 'NONE',  ( -2.000000000000000900, 0.1999999999999999800, 0.6249999999999996700 ) ) ;
#6559 = FACE_OUTER_BOUND ( 'NONE', #1203, .T. ) ;
#6560 = PLANE ( 'NONE',  #1770 ) ;
#6561 = CARTESIAN_POINT ( 'NONE',  ( 1.000000000000000000, 0.0000000000000000000, 1.725000000000001000 ) ) ;
#6562 = CARTESIAN_POINT ( 'NONE',  ( -1.725000000000000300, 0.6716990566028315800, 0.4999999999999995600 ) ) ;
#6563 = EDGE_LOOP ( 'NONE', ( #5760, #1167, #3365, #4553 ) ) ;
#6564 = ORIENTED_EDGE ( 'NONE', *, *, #6107, .F. ) ;
#6565 = ORIENTED_EDGE ( 'NONE', *, *, #5589, .F. ) ;
#6566 = CARTESIAN_POINT ( 'NONE',  ( 1.000000000000000000, 0.2000000000000000100, 1.600000000000000800 ) ) ;
#6567 = ORIENTED_EDGE ( 'NONE', *, *, #4259, .T. ) ;
#6568 = VERTEX_POINT ( 'NONE', #6678 ) ;
#6569 = CARTESIAN_POINT ( 'NONE',  ( 0.0000000000000000000, 0.05000000000000000300, -0.3750000000000003300 ) ) ;
#6570 = VERTEX_POINT ( 'NONE', #3834 ) ;
#6571 = ADVANCED_FACE ( 'NONE', ( #2510 ), #4950, .T. ) ;
#6572 = CARTESIAN_POINT ( 'NONE',  ( -2.000000000000001800, 0.1999999999999999800, -0.6250000000000003300 ) ) ;
#6573 = CARTESIAN_POINT ( 'NONE',  ( -1.000000000000000000, 0.2000000000000000100, 1.725000000000001000 ) ) ;
#6574 = DIRECTION ( 'NONE',  ( 0.0000000000000000000, -1.000000000000000000, 0.0000000000000000000 ) ) ;
#6575 = ORIENTED_EDGE ( 'NONE', *, *, #7402, .F. ) ;
#6576 = UNCERTAINTY_MEASURE_WITH_UNIT (LENGTH_MEASURE( 1.000000000000000100E-005 ), #4889, 'distance_accuracy_value', 'NONE');
#6577 = ORIENTED_EDGE ( 'NONE', *, *, #7140, .F. ) ;
#6578 = EDGE_CURVE ( 'NONE', #4709, #6568, #7460, .T. ) ;
#6579 = CARTESIAN_POINT ( 'NONE',  ( -0.3749999999999994400, 0.1999999999999999800, -2.000000000000000000 ) ) ;
#6580 = DIRECTION ( 'NONE',  ( 1.577021341797104500E-015, 0.0000000000000000000, 1.000000000000000000 ) ) ;
#6581 = EDGE_CURVE ( 'NONE', #2603, #1635, #6474, .T. ) ;
#6582 = PLANE ( 'NONE',  #4160 ) ;
#6583 = AXIS2_PLACEMENT_3D ( 'NONE', #3992, #1090, #488 ) ;
#6584 = VERTEX_POINT ( 'NONE', #3204 ) ;
#6585 = DIRECTION ( 'NONE',  ( 0.0000000000000000000, 1.000000000000000000, 0.0000000000000000000 ) ) ;
#6586 = CARTESIAN_POINT ( 'NONE',  ( -1.125000000000000200, 0.0000000000000000000, -1.999999999999999600 ) ) ;
#6587 = COLOUR_RGB ( '',0.7921568627450980000, 0.8196078431372548800, 0.9333333333333333500 ) ;
#6588 = EDGE_CURVE ( 'NONE', #884, #1643, #706, .T. ) ;
#6589 = DIRECTION ( 'NONE',  ( 1.577021341797106900E-015, -0.0000000000000000000, 1.000000000000000000 ) ) ;
#6590 = ORIENTED_EDGE ( 'NONE', *, *, #4385, .T. ) ;
#6591 = EDGE_CURVE ( 'NONE', #7459, #884, #2604, .T. ) ;
#6592 = SURFACE_STYLE_USAGE ( .BOTH. , #3669 ) ;
#6593 = DIRECTION ( 'NONE',  ( 1.000000000000000000, 0.0000000000000000000, -1.734723475976802600E-015 ) ) ;
#6594 = DIRECTION ( 'NONE',  ( 0.0000000000000000000, -1.000000000000000000, 0.0000000000000000000 ) ) ;
#6595 = ORIENTED_EDGE ( 'NONE', *, *, #2917, .T. ) ;
#6596 = CARTESIAN_POINT ( 'NONE',  ( -1.300000000000000000, 0.2000000000000000900, -1.175000000000000000 ) ) ;
#6597 = DIRECTION ( 'NONE',  ( -1.000000000000000000, 0.0000000000000000000, 1.577021341797104700E-015 ) ) ;
#6598 = VECTOR ( 'NONE', #6380, 1000.000000000000000 ) ;
#6599 = FACE_BOUND ( 'NONE', #5309, .T. ) ;
#6600 = CARTESIAN_POINT ( 'NONE',  ( -1.725000000000000800, 0.0000000000000000000, 0.3749999999999994400 ) ) ;
#6601 = DIRECTION ( 'NONE',  ( -1.000000000000000000, 0.0000000000000000000, 1.577021341797104500E-015 ) ) ;
#6602 = LINE ( 'NONE', #5149, #5294 ) ;
#6603 = ORIENTED_EDGE ( 'NONE', *, *, #1664, .F. ) ;
#6604 = ADVANCED_FACE ( 'NONE', ( #4522 ), #5766, .F. ) ;
#6605 = LINE ( 'NONE', #220, #1471 ) ;
#6606 = ORIENTED_EDGE ( 'NONE', *, *, #3514, .T. ) ;
#6607 = VECTOR ( 'NONE', #5567, 1000.000000000000000 ) ;
#6608 = DIRECTION ( 'NONE',  ( 1.000000000000000000, 0.0000000000000000000, -1.734723475976802600E-015 ) ) ;
#6609 = ORIENTED_EDGE ( 'NONE', *, *, #5688, .T. ) ;
#6610 = PRESENTATION_STYLE_ASSIGNMENT (( #4769 ) ) ;
#6611 = LINE ( 'NONE', #7043, #4840 ) ;
#6612 = CARTESIAN_POINT ( 'NONE',  ( 1.300000000000000000, 3.876955262170047600, -1.174999999999999800 ) ) ;
#6613 = DIRECTION ( 'NONE',  ( 1.000000000000000000, -0.0000000000000000000, 7.885106708985459500E-016 ) ) ;
#6614 = EDGE_CURVE ( 'NONE', #879, #4588, #6642, .T. ) ;
#6615 = DIRECTION ( 'NONE',  ( -0.0000000000000000000, -1.000000000000000000, -0.0000000000000000000 ) ) ;
#6616 = FACE_OUTER_BOUND ( 'NONE', #2611, .T. ) ;
#6617 = ORIENTED_EDGE ( 'NONE', *, *, #2045, .T. ) ;
#6618 = ORIENTED_EDGE ( 'NONE', *, *, #4964, .F. ) ;
#6619 = DIRECTION ( 'NONE',  ( 3.469446951953611000E-015, 0.0000000000000000000, 1.000000000000000000 ) ) ;
#6620 = CARTESIAN_POINT ( 'NONE',  ( 0.0000000000000000000, 0.6716990566028308000, -1.725000000000000100 ) ) ;
#6621 = EDGE_LOOP ( 'NONE', ( #203, #1263, #5971, #73 ) ) ;
#6622 = CARTESIAN_POINT ( 'NONE',  ( -0.3749999999999994400, 0.6716990566028308000, 1.725000000000001200 ) ) ;
#6623 = EDGE_CURVE ( 'NONE', #4867, #6812, #525, .T. ) ;
#6624 = CIRCLE ( 'NONE', #905, 0.1250000000000001100 ) ;
#6625 = EDGE_LOOP ( 'NONE', ( #7366, #4977, #5255, #1528 ) ) ;
#6626 = EDGE_CURVE ( 'NONE', #4679, #1524, #4068, .T. ) ;
#6627 = ORIENTED_EDGE ( 'NONE', *, *, #2050, .T. ) ;
#6628 = CARTESIAN_POINT ( 'NONE',  ( -1.611480854806852200, 0.6999999999999999600, -1.611480854806850400 ) ) ;
#6629 = PLANE ( 'NONE',  #1627 ) ;
#6630 = DIRECTION ( 'NONE',  ( -0.0000000000000000000, 0.0000000000000000000, -1.000000000000000000 ) ) ;
#6631 = LINE ( 'NONE', #5128, #2497 ) ;
#6632 = ORIENTED_EDGE ( 'NONE', *, *, #3660, .F. ) ;
#6633 = FACE_OUTER_BOUND ( 'NONE', #2580, .T. ) ;
#6634 = ORIENTED_EDGE ( 'NONE', *, *, #5738, .F. ) ;
#6635 = CARTESIAN_POINT ( 'NONE',  ( 0.5000000000000000000, 0.04999999999999999600, -1.725000000000000100 ) ) ;
#6636 = ADVANCED_FACE ( 'NONE', ( #7364 ), #5962, .T. ) ;
#6637 = COLOUR_RGB ( '',0.7921568627450980000, 0.8196078431372548800, 0.9333333333333333500 ) ;
#6638 = AXIS2_PLACEMENT_3D ( 'NONE', #5739, #2271, #6309 ) ;
#6639 = ORIENTED_EDGE ( 'NONE', *, *, #1555, .F. ) ;
#6640 = DIRECTION ( 'NONE',  ( -0.0000000000000000000, -1.000000000000000000, -0.0000000000000000000 ) ) ;
#6641 = ORIENTED_EDGE ( 'NONE', *, *, #4536, .T. ) ;
#6642 = LINE ( 'NONE', #3651, #4785 ) ;
#6643 = CARTESIAN_POINT ( 'NONE',  ( 2.000000000000000900, 0.1999999999999999800, -0.3750000000000003300 ) ) ;
#6644 = ORIENTED_EDGE ( 'NONE', *, *, #5061, .F. ) ;
#6645 = AXIS2_PLACEMENT_3D ( 'NONE', #4804, #768, #4242 ) ;
#6646 = CARTESIAN_POINT ( 'NONE',  ( -1.000000000000000000, 0.2000000000000000100, 1.725000000000001000 ) ) ;
#6647 = VECTOR ( 'NONE', #5026, 1000.000000000000000 ) ;
#6648 = CARTESIAN_POINT ( 'NONE',  ( 0.6250000000000010000, 0.0000000000000000000, 2.000000000000000000 ) ) ;
#6649 = CARTESIAN_POINT ( 'NONE',  ( 0.1250000000000001100, 0.2000000000000000100, -1.725000000000001200 ) ) ;
#6650 = VERTEX_POINT ( 'NONE', #840 ) ;
#6651 = FACE_OUTER_BOUND ( 'NONE', #4795, .T. ) ;
#6652 = VERTEX_POINT ( 'NONE', #6485 ) ;
#6653 = CYLINDRICAL_SURFACE ( 'NONE', #6927, 0.1250000000000001100 ) ;
#6654 = VERTEX_POINT ( 'NONE', #5377 ) ;
#6655 = DIRECTION ( 'NONE',  ( 0.0000000000000000000, -0.0000000000000000000, -1.000000000000000000 ) ) ;
#6656 = VERTEX_POINT ( 'NONE', #3041 ) ;
#6657 = CARTESIAN_POINT ( 'NONE',  ( -2.000000000000001800, 0.1999999999999999800, 0.3749999999999996700 ) ) ;
#6658 = PLANE ( 'NONE',  #848 ) ;
#6659 = VERTEX_POINT ( 'NONE', #5450 ) ;
#6660 = CARTESIAN_POINT ( 'NONE',  ( 1.725000000000000800, 0.6716990566028315800, 0.1249999999999996800 ) ) ;
#6661 = CARTESIAN_POINT ( 'NONE',  ( -0.1249999999999996800, 0.1999999999999999800, 1.999999999999999600 ) ) ;
#6662 = MANIFOLD_SOLID_BREP ( 'LPattern4[5]', #5262 ) ;
#6663 = CARTESIAN_POINT ( 'NONE',  ( 1.175000000000000000, 0.2000000000000000900, -1.299999999999999800 ) ) ;
#6664 = FACE_OUTER_BOUND ( 'NONE', #5927, .T. ) ;
#6665 = CARTESIAN_POINT ( 'NONE',  ( -0.3749999999999994400, 0.2000000000000000100, 1.725000000000001200 ) ) ;
#6666 = EDGE_CURVE ( 'NONE', #7013, #2712, #2872, .T. ) ;
#6667 = EDGE_LOOP ( 'NONE', ( #1979, #351, #7202, #3903 ) ) ;
#6668 = DIRECTION ( 'NONE',  ( -0.0000000000000000000, -1.000000000000000000, -0.0000000000000000000 ) ) ;
#6669 = FILL_AREA_STYLE ('',( #334 ) ) ;
#6670 = EDGE_CURVE ( 'NONE', #3596, #6652, #7085, .T. ) ;
#6671 = FACE_OUTER_BOUND ( 'NONE', #754, .T. ) ;
#6672 = AXIS2_PLACEMENT_3D ( 'NONE', #1170, #6412, #683 ) ;
#6673 = ADVANCED_FACE ( 'NONE', ( #2326 ), #6582, .T. ) ;
#6674 = VERTEX_POINT ( 'NONE', #4820 ) ;
#6675 = LINE ( 'NONE', #904, #7406 ) ;
#6676 = CARTESIAN_POINT ( 'NONE',  ( -1.725000000000000300, 0.1999999999999999800, -4.336808689942017700E-016 ) ) ;
#6677 = CIRCLE ( 'NONE', #1104, 0.1250000000000003300 ) ;
#6678 = CARTESIAN_POINT ( 'NONE',  ( -2.000000000000001800, 0.1999999999999999800, 0.3749999999999996700 ) ) ;
#6679 = EDGE_CURVE ( 'NONE', #3933, #3132, #7005, .T. ) ;
#6680 = AXIS2_PLACEMENT_3D ( 'NONE', #2724, #5070, #3315 ) ;
#6681 = CARTESIAN_POINT ( 'NONE',  ( -1.000000000000000000, 0.2000000000000000100, -1.725000000000000100 ) ) ;
#6682 = LINE ( 'NONE', #4356, #5194 ) ;
#6683 = ORIENTED_EDGE ( 'NONE', *, *, #4342, .F. ) ;
#6684 = DIRECTION ( 'NONE',  ( 1.000000000000000000, -0.0000000000000000000, 1.734723475976802600E-015 ) ) ;
#6685 = AXIS2_PLACEMENT_3D ( 'NONE', #7464, #2274, #566 ) ;
#6686 = CIRCLE ( 'NONE', #3449, 0.1250000000000001100 ) ;
#6687 = AXIS2_PLACEMENT_3D ( 'NONE', #2062, #5058, #3894 ) ;
#6688 = CARTESIAN_POINT ( 'NONE',  ( -0.5000000000000000000, 0.2000000000000000100, 1.725000000000001000 ) ) ;
#6689 = DIRECTION ( 'NONE',  ( 0.0000000000000000000, -1.000000000000000000, 0.0000000000000000000 ) ) ;
#6690 = FACE_OUTER_BOUND ( 'NONE', #4622, .T. ) ;
#6691 = ORIENTED_EDGE ( 'NONE', *, *, #3375, .T. ) ;
#6692 = EDGE_LOOP ( 'NONE', ( #3891, #5291, #2164, #2133 ) ) ;
#6693 = DIRECTION ( 'NONE',  ( 0.0000000000000000000, -1.000000000000000000, 0.0000000000000000000 ) ) ;
#6694 = DIRECTION ( 'NONE',  ( -0.0000000000000000000, -1.000000000000000000, -0.0000000000000000000 ) ) ;
#6695 = CARTESIAN_POINT ( 'NONE',  ( -1.124999999999999800, 0.2000000000000000100, 1.999999999999999600 ) ) ;
#6696 = LINE ( 'NONE', #6502, #2840 ) ;
#6697 = FACE_OUTER_BOUND ( 'NONE', #6974, .T. ) ;
#6698 = CIRCLE ( 'NONE', #4452, 0.1250000000000001100 ) ;
#6699 = VERTEX_POINT ( 'NONE', #6558 ) ;
#6700 = DIRECTION ( 'NONE',  ( -1.000000000000000000, 0.0000000000000000000, 0.0000000000000000000 ) ) ;
#6701 = FACE_OUTER_BOUND ( 'NONE', #6311, .T. ) ;
#6702 = LINE ( 'NONE', #4469, #5305 ) ;
#6703 = VERTEX_POINT ( 'NONE', #4237 ) ;
#6704 = DIRECTION ( 'NONE',  ( 0.0000000000000000000, -1.000000000000000000, 0.0000000000000000000 ) ) ;
#6705 = ADVANCED_FACE ( 'NONE', ( #790 ), #4209, .F. ) ;
#6706 = LINE ( 'NONE', #5361, #1843 ) ;
#6707 = DIRECTION ( 'NONE',  ( 1.000000000000000000, -0.0000000000000000000, -0.0000000000000000000 ) ) ;
#6708 = FILL_AREA_STYLE_COLOUR ( '', #7436 ) ;
#6709 = ADVANCED_FACE ( 'NONE', ( #6032 ), #6104, .T. ) ;
#6710 = EDGE_CURVE ( 'NONE', #6798, #808, #3433, .T. ) ;
#6711 = ORIENTED_EDGE ( 'NONE', *, *, #3173, .T. ) ;
#6712 = CARTESIAN_POINT ( 'NONE',  ( 1.125000000000000900, 0.1999999999999996500, 2.000000000000000900 ) ) ;
#6713 = ORIENTED_EDGE ( 'NONE', *, *, #5798, .T. ) ;
#6714 = CARTESIAN_POINT ( 'NONE',  ( 1.725000000000000300, 0.1999999999999999800, -2.168404344971008900E-016 ) ) ;
#6715 = EDGE_CURVE ( 'NONE', #2964, #2779, #5500, .T. ) ;
#6716 = EDGE_CURVE ( 'NONE', #5405, #7260, #3322, .T. ) ;
#6717 = LINE ( 'NONE', #3405, #4224 ) ;
#6718 = DIRECTION ( 'NONE',  ( -1.000000000000000000, 0.0000000000000000000, 7.885106708985459500E-016 ) ) ;
#6719 = CARTESIAN_POINT ( 'NONE',  ( -1.725000000000000800, 0.6716990566028315800, 0.1249999999999996800 ) ) ;
#6720 = VERTEX_POINT ( 'NONE', #5548 ) ;
#6721 = DIRECTION ( 'NONE',  ( 0.0000000000000000000, -1.000000000000000000, 0.0000000000000000000 ) ) ;
#6722 = VECTOR ( 'NONE', #177, 1000.000000000000000 ) ;
#6723 = ORIENTED_EDGE ( 'NONE', *, *, #901, .T. ) ;
#6724 = EDGE_CURVE ( 'NONE', #6584, #4253, #2051, .T. ) ;
#6725 = DIRECTION ( 'NONE',  ( 0.0000000000000000000, 0.0000000000000000000, -1.000000000000000000 ) ) ;
#6726 = LINE ( 'NONE', #1255, #3235 ) ;
#6727 = EDGE_CURVE ( 'NONE', #7265, #4867, #7449, .T. ) ;
#6728 = ORIENTED_EDGE ( 'NONE', *, *, #4191, .F. ) ;
#6729 = EDGE_CURVE ( 'NONE', #917, #2042, #6998, .T. ) ;
#6730 = VERTEX_POINT ( 'NONE', #5572 ) ;
#6731 = DIRECTION ( 'NONE',  ( 0.0000000000000000000, -0.0000000000000000000, 1.000000000000000000 ) ) ;
#6732 = LINE ( 'NONE', #3715, #6294 ) ;
#6733 = VERTEX_POINT ( 'NONE', #3825 ) ;
#6734 = CARTESIAN_POINT ( 'NONE',  ( 2.000000000000000900, 0.6716990566028315800, 0.6249999999999996700 ) ) ;
#6735 = AXIS2_PLACEMENT_3D ( 'NONE', #5643, #2721, #926 ) ;
#6736 = PRESENTATION_STYLE_ASSIGNMENT (( #766 ) ) ;
#6737 = DIRECTION ( 'NONE',  ( 0.0000000000000000000, 0.0000000000000000000, -1.000000000000000000 ) ) ;
#6738 = ORIENTED_EDGE ( 'NONE', *, *, #6235, .T. ) ;
#6739 = VECTOR ( 'NONE', #4686, 1000.000000000000000 ) ;
#6740 = ORIENTED_EDGE ( 'NONE', *, *, #2448, .F. ) ;
#6741 = ORIENTED_EDGE ( 'NONE', *, *, #5909, .F. ) ;
#6742 = CARTESIAN_POINT ( 'NONE',  ( -2.000000000000001800, 0.1999999999999999800, -0.6250000000000003300 ) ) ;
#6743 = PRODUCT_RELATED_PRODUCT_CATEGORY ( 'part', '', ( #1980 ) ) ;
#6744 = DIRECTION ( 'NONE',  ( 0.0000000000000000000, -0.0000000000000000000, 1.000000000000000000 ) ) ;
#6745 = CARTESIAN_POINT ( 'NONE',  ( 1.725000000000000800, 0.1999999999999999800, -0.1250000000000003300 ) ) ;
#6746 = COLOUR_RGB ( '',0.7921568627450980000, 0.8196078431372548800, 0.9333333333333333500 ) ;
#6747 = CARTESIAN_POINT ( 'NONE',  ( 1.125000000000000400, 0.04999999999999999600, 1.725000000000001200 ) ) ;
#6748 = ORIENTED_EDGE ( 'NONE', *, *, #6729, .T. ) ;
#6749 = EDGE_LOOP ( 'NONE', ( #908, #6303, #5714, #7440 ) ) ;
#6750 = ORIENTED_EDGE ( 'NONE', *, *, #1073, .F. ) ;
#6751 =( GEOMETRIC_REPRESENTATION_CONTEXT ( 3 ) GLOBAL_UNCERTAINTY_ASSIGNED_CONTEXT ( ( #447 ) ) GLOBAL_UNIT_ASSIGNED_CONTEXT ( ( #7198, #4347, #238 ) ) REPRESENTATION_CONTEXT ( 'NONE', 'WORKASPACE' ) );
#6752 = CARTESIAN_POINT ( 'NONE',  ( 0.0000000000000000000, 0.1999999999999999800, 1.725000000000001000 ) ) ;
#6753 = DIRECTION ( 'NONE',  ( 0.0000000000000000000, -1.000000000000000000, 0.0000000000000000000 ) ) ;
#6754 = DIRECTION ( 'NONE',  ( 7.885106708985459500E-016, 0.0000000000000000000, 1.000000000000000000 ) ) ;
#6755 = ADVANCED_FACE ( 'NONE', ( #7355 ), #1467, .F. ) ;
#6756 = ORIENTED_EDGE ( 'NONE', *, *, #3915, .T. ) ;
#6757 = ADVANCED_FACE ( 'NONE', ( #4146 ), #2676, .F. ) ;
#6758 = VERTEX_POINT ( 'NONE', #7195 ) ;
#6759 = DIRECTION ( 'NONE',  ( -1.000000000000000000, 0.0000000000000000000, -7.885106708985461400E-016 ) ) ;
#6760 = ORIENTED_EDGE ( 'NONE', *, *, #3173, .F. ) ;
#6761 = EDGE_CURVE ( 'NONE', #7179, #5052, #5925, .T. ) ;
#6762 = CIRCLE ( 'NONE', #5366, 0.1250000000000001100 ) ;
#6763 = CARTESIAN_POINT ( 'NONE',  ( -1.725000000000000800, 0.0000000000000000000, -0.3750000000000003300 ) ) ;
#6764 = ORIENTED_EDGE ( 'NONE', *, *, #1178, .T. ) ;
#6765 = DIRECTION ( 'NONE',  ( 0.0000000000000000000, 0.0000000000000000000, -1.000000000000000000 ) ) ;
#6766 = DIRECTION ( 'NONE',  ( -0.0000000000000000000, -1.000000000000000000, -0.0000000000000000000 ) ) ;
#6767 = CARTESIAN_POINT ( 'NONE',  ( -1.725000000000000800, 0.1999999999999999800, 0.8749999999999994400 ) ) ;
#6768 = VECTOR ( 'NONE', #1493, 1000.000000000000000 ) ;
#6769 = EDGE_CURVE ( 'NONE', #6784, #6935, #5852, .T. ) ;
#6770 = CARTESIAN_POINT ( 'NONE',  ( 0.6250000000000010000, 0.1999999999999999800, 2.000000000000000000 ) ) ;
#6771 = ORIENTED_EDGE ( 'NONE', *, *, #5728, .T. ) ;
#6772 = PLANE ( 'NONE',  #6495 ) ;
#6773 = CARTESIAN_POINT ( 'NONE',  ( -1.174999999999999400, 3.876955262170047600, 1.300000000000000000 ) ) ;
#6774 = EDGE_CURVE ( 'NONE', #7438, #4265, #2596, .T. ) ;
#6775 = CARTESIAN_POINT ( 'NONE',  ( -2.000000000000000900, 0.1999999999999999800, 1.124999999999999800 ) ) ;
#6776 = MECHANICAL_DESIGN_GEOMETRIC_PRESENTATION_REPRESENTATION (  '', ( #4495 ), #7154 ) ;
#6777 = LINE ( 'NONE', #79, #2920 ) ;
#6778 = ORIENTED_EDGE ( 'NONE', *, *, #3751, .F. ) ;
#6779 = CYLINDRICAL_SURFACE ( 'NONE', #1248, 0.1250000000000001100 ) ;
#6780 = STYLED_ITEM ( 'NONE', ( #5130 ), #2430 ) ;
#6781 = DIRECTION ( 'NONE',  ( 0.0000000000000000000, 0.0000000000000000000, 1.000000000000000000 ) ) ;
#6782 = CARTESIAN_POINT ( 'NONE',  ( 0.1250000000000005600, 0.1999999999999999800, -2.000000000000000000 ) ) ;
#6783 = VECTOR ( 'NONE', #977, 1000.000000000000000 ) ;
#6784 = VERTEX_POINT ( 'NONE', #3851 ) ;
#6785 = VERTEX_POINT ( 'NONE', #2089 ) ;
#6786 = AXIS2_PLACEMENT_3D ( 'NONE', #2470, #2399, #6410 ) ;
#6787 = ADVANCED_FACE ( 'NONE', ( #1050 ), #4990, .T. ) ;
#6788 = CYLINDRICAL_SURFACE ( 'NONE', #3853, 0.1250000000000003300 ) ;
#6789 = ADVANCED_FACE ( 'NONE', ( #6633 ), #3046, .F. ) ;
#6790 = LINE ( 'NONE', #4818, #1659 ) ;
#6791 =( GEOMETRIC_REPRESENTATION_CONTEXT ( 3 ) GLOBAL_UNCERTAINTY_ASSIGNED_CONTEXT ( ( #3356 ) ) GLOBAL_UNIT_ASSIGNED_CONTEXT ( ( #1917, #7032, #3702 ) ) REPRESENTATION_CONTEXT ( 'NONE', 'WORKASPACE' ) );
#6792 = ORIENTED_EDGE ( 'NONE', *, *, #4594, .F. ) ;
#6793 = DIRECTION ( 'NONE',  ( 1.000000000000000000, 0.0000000000000000000, -7.885106708985459500E-016 ) ) ;
#6794 = CARTESIAN_POINT ( 'NONE',  ( 1.174999999999999800, 3.876955262170047600, 1.174999999999999800 ) ) ;
#6795 = FACE_OUTER_BOUND ( 'NONE', #5753, .T. ) ;
#6796 = DIRECTION ( 'NONE',  ( 3.469446951953614200E-015, 0.0000000000000000000, -1.000000000000000000 ) ) ;
#6797 = DIRECTION ( 'NONE',  ( 0.0000000000000000000, 1.000000000000000000, 0.0000000000000000000 ) ) ;
#6798 = VERTEX_POINT ( 'NONE', #2653 ) ;
#6799 = CARTESIAN_POINT ( 'NONE',  ( 1.125000000000000700, 0.2000000000000000100, -2.000000000000000000 ) ) ;
#6800 = UNCERTAINTY_MEASURE_WITH_UNIT (LENGTH_MEASURE( 1.000000000000000100E-005 ), #5935, 'distance_accuracy_value', 'NONE');
#6801 = CARTESIAN_POINT ( 'NONE',  ( -1.611480854806852200, 0.6999999999999999600, -1.611480854806850400 ) ) ;
#6802 = VERTEX_POINT ( 'NONE', #2630 ) ;
#6803 = ORIENTED_EDGE ( 'NONE', *, *, #501, .F. ) ;
#6804 = SURFACE_STYLE_FILL_AREA ( #3278 ) ;
#6805 = CARTESIAN_POINT ( 'NONE',  ( -1.725000000000000800, 0.0000000000000000000, 0.1249999999999996800 ) ) ;
#6806 = ORIENTED_EDGE ( 'NONE', *, *, #4538, .F. ) ;
#6807 = ORIENTED_EDGE ( 'NONE', *, *, #4974, .T. ) ;
#6808 = EDGE_CURVE ( 'NONE', #1174, #6986, #244, .T. ) ;
#6809 = VECTOR ( 'NONE', #3290, 1000.000000000000000 ) ;
#6810 = ORIENTED_EDGE ( 'NONE', *, *, #6921, .T. ) ;
#6811 = EDGE_CURVE ( 'NONE', #5851, #6486, #5327, .T. ) ;
#6812 = VERTEX_POINT ( 'NONE', #4968 ) ;
#6813 = AXIS2_PLACEMENT_3D ( 'NONE', #3472, #6277, #5786 ) ;
#6814 = DIRECTION ( 'NONE',  ( 0.0000000000000000000, 1.000000000000000000, -0.0000000000000000000 ) ) ;
#6815 = VECTOR ( 'NONE', #5749, 1000.000000000000000 ) ;
#6816 = CARTESIAN_POINT ( 'NONE',  ( 1.725000000000000800, 0.6716990566028315800, 1.124999999999999800 ) ) ;
#6817 = CARTESIAN_POINT ( 'NONE',  ( 0.6250000000000005600, 0.1999999999999999800, 1.725000000000001200 ) ) ;
#6818 = ORIENTED_EDGE ( 'NONE', *, *, #842, .F. ) ;
#6819 = ORIENTED_EDGE ( 'NONE', *, *, #7055, .F. ) ;
#6820 = FACE_OUTER_BOUND ( 'NONE', #1513, .T. ) ;
#6821 = EDGE_LOOP ( 'NONE', ( #7241, #5344, #1747, #1199 ) ) ;
#6822 = VERTEX_POINT ( 'NONE', #909 ) ;
#6823 = PLANE ( 'NONE',  #2063 ) ;
#6824 = ADVANCED_FACE ( 'NONE', ( #1692 ), #928, .T. ) ;
#6825 = CARTESIAN_POINT ( 'NONE',  ( 0.0000000000000000000, 0.6716990566028308000, 1.725000000000001000 ) ) ;
#6826 = CARTESIAN_POINT ( 'NONE',  ( 2.000000000000000900, 0.6716990566028315800, 1.124999999999999800 ) ) ;
#6827 = ADVANCED_FACE ( 'NONE', ( #6384 ), #4545, .T. ) ;
#6828 = EDGE_CURVE ( 'NONE', #2734, #2980, #6556, .T. ) ;
#6829 = CIRCLE ( 'NONE', #4348, 0.1250000000000003300 ) ;
#6830 = AXIS2_PLACEMENT_3D ( 'NONE', #5272, #6470, #4718 ) ;
#6831 = ORIENTED_EDGE ( 'NONE', *, *, #4549, .F. ) ;
#6832 = DIRECTION ( 'NONE',  ( 0.0000000000000000000, 0.0000000000000000000, -1.000000000000000000 ) ) ;
#6833 = ORIENTED_EDGE ( 'NONE', *, *, #417, .F. ) ;
#6834 = FACE_OUTER_BOUND ( 'NONE', #1978, .T. ) ;
#6835 = ORIENTED_EDGE ( 'NONE', *, *, #4431, .T. ) ;
#6836 = AXIS2_PLACEMENT_3D ( 'NONE', #518, #1144, #617 ) ;
#6837 = AXIS2_PLACEMENT_3D ( 'NONE', #4800, #7102, #1311 ) ;
#6838 = LINE ( 'NONE', #3766, #4799 ) ;
#6839 = EDGE_LOOP ( 'NONE', ( #2040, #3314, #1346, #1337 ) ) ;
#6840 = ORIENTED_EDGE ( 'NONE', *, *, #6002, .T. ) ;
#6841 = DIRECTION ( 'NONE',  ( 0.0000000000000000000, 1.000000000000000000, 0.0000000000000000000 ) ) ;
#6842 = DIRECTION ( 'NONE',  ( 1.000000000000000000, 0.0000000000000000000, -7.885106708985459500E-016 ) ) ;
#6843 = CARTESIAN_POINT ( 'NONE',  ( 1.725000000000000800, 0.1999999999999999800, 1.124999999999999800 ) ) ;
#6844 = DIRECTION ( 'NONE',  ( 1.000000000000000000, -0.0000000000000000000, 7.885106708985459500E-016 ) ) ;
#6845 = ORIENTED_EDGE ( 'NONE', *, *, #1767, .T. ) ;
#6846 = DIRECTION ( 'NONE',  ( 0.0000000000000000000, 0.0000000000000000000, 1.000000000000000000 ) ) ;
#6847 = CARTESIAN_POINT ( 'NONE',  ( 0.0000000000000000000, 0.05000000000000000300, 0.1249999999999996800 ) ) ;
#6848 = DIRECTION ( 'NONE',  ( -1.577021341797104700E-015, 0.0000000000000000000, 1.000000000000000000 ) ) ;
#6849 = CARTESIAN_POINT ( 'NONE',  ( 0.3749999999999996700, 0.0000000000000000000, -1.725000000000000800 ) ) ;
#6850 = LINE ( 'NONE', #3187, #5802 ) ;
#6851 = DIRECTION ( 'NONE',  ( -1.577021341797106900E-015, 0.0000000000000000000, -1.000000000000000000 ) ) ;
#6852 = CLOSED_SHELL ( 'NONE', ( #1470, #930, #968, #3754, #2222, #4558 ) ) ;
#6853 = DIRECTION ( 'NONE',  ( 3.469446951953614200E-015, -0.0000000000000000000, 1.000000000000000000 ) ) ;
#6854 = CARTESIAN_POINT ( 'NONE',  ( 0.1250000000000005600, 0.04999999999999969700, -2.000000000000000000 ) ) ;
#6855 = LINE ( 'NONE', #1517, #6768 ) ;
#6857 = EDGE_CURVE ( 'NONE', #7153, #5048, #3141, .T. ) ;
#6856 = PLANE ( 'NONE',  #2148 ) ;
#6858 = ORIENTED_EDGE ( 'NONE', *, *, #6962, .F. ) ;
#6859 = LINE ( 'NONE', #5659, #2084 ) ;
#6860 = ADVANCED_FACE ( 'NONE', ( #6024 ), #2750, .T. ) ;
#6861 = CARTESIAN_POINT ( 'NONE',  ( -1.725000000000000300, 0.6716990566028315800, -0.5000000000000004400 ) ) ;
#6862 = CIRCLE ( 'NONE', #4361, 0.1250000000000001100 ) ;
#6863 = ADVANCED_FACE ( 'NONE', ( #2768 ), #2804, .F. ) ;
#6864 = EDGE_CURVE ( 'NONE', #6812, #2369, #433, .T. ) ;
#6865 = CARTESIAN_POINT ( 'NONE',  ( 0.0000000000000000000, 0.2000000000000000100, 1.725000000000001000 ) ) ;
#6866 = DIRECTION ( 'NONE',  ( 0.0000000000000000000, -1.000000000000000000, 0.0000000000000000000 ) ) ;
#6867 = FACE_OUTER_BOUND ( 'NONE', #356, .T. ) ;
#6868 = EDGE_CURVE ( 'NONE', #4355, #3403, #2225, .T. ) ;
#6869 = EDGE_LOOP ( 'NONE', ( #877, #544, #1138, #4411 ) ) ;
#6870 = COLOUR_RGB ( '',0.7921568627450980000, 0.8196078431372548800, 0.9333333333333333500 ) ;
#6871 = DIRECTION ( 'NONE',  ( 0.0000000000000000000, 0.0000000000000000000, -1.000000000000000000 ) ) ;
#6872 = CARTESIAN_POINT ( 'NONE',  ( -1.300000000000000000, 0.05000000000000012800, -1.125000000000000400 ) ) ;
#6873 = EDGE_CURVE ( 'NONE', #633, #526, #5674, .T. ) ;
#6874 = CIRCLE ( 'NONE', #6813, 0.1250000000000003300 ) ;
#6875 = CARTESIAN_POINT ( 'NONE',  ( 1.725000000000000800, 0.1999999999999999800, 0.1249999999999996800 ) ) ;
#6876 = FACE_OUTER_BOUND ( 'NONE', #1775, .T. ) ;
#6877 = ORIENTED_EDGE ( 'NONE', *, *, #6729, .F. ) ;
#6878 = AXIS2_PLACEMENT_3D ( 'NONE', #3169, #6503, #3682 ) ;
#6879 = DIRECTION ( 'NONE',  ( 0.0000000000000000000, 1.000000000000000000, -0.0000000000000000000 ) ) ;
#6880 = CARTESIAN_POINT ( 'NONE',  ( 0.8749999999999998900, 0.04999999999999999600, 1.725000000000001200 ) ) ;
#6881 = CYLINDRICAL_SURFACE ( 'NONE', #505, 0.1250000000000003300 ) ;
#6882 = VECTOR ( 'NONE', #2214, 1000.000000000000000 ) ;
#6883 = CARTESIAN_POINT ( 'NONE',  ( 0.6250000000000001100, 0.2000000000000000100, -1.725000000000001200 ) ) ;
#6884 = ORIENTED_EDGE ( 'NONE', *, *, #1327, .T. ) ;
#6885 = PLANE ( 'NONE',  #3919 ) ;
#6886 = LINE ( 'NONE', #3917, #5021 ) ;
#6887 = DIRECTION ( 'NONE',  ( 0.0000000000000000000, -1.000000000000000000, 0.0000000000000000000 ) ) ;
#6888 = AXIS2_PLACEMENT_3D ( 'NONE', #3168, #257, #3138 ) ;
#6889 = PLANE ( 'NONE',  #3088 ) ;
#6890 = ORIENTED_EDGE ( 'NONE', *, *, #3024, .T. ) ;
#6891 = CARTESIAN_POINT ( 'NONE',  ( 1.725000000000000800, 0.6716990566028315800, 0.3749999999999996700 ) ) ;
#6892 = DIRECTION ( 'NONE',  ( 0.0000000000000000000, -1.000000000000000000, 0.0000000000000000000 ) ) ;
#6893 = CLOSED_SHELL ( 'NONE', ( #562, #4787, #6155, #3948, #1543, #5900, #1625 ) ) ;
#6894 = CYLINDRICAL_SURFACE ( 'NONE', #1236, 0.1250000000000001100 ) ;
#6895 = MANIFOLD_SOLID_BREP ( 'Boss-Extrude3[1]', #5871 ) ;
#6896 = PLANE ( 'NONE',  #3383 ) ;
#6897 = DIRECTION ( 'NONE',  ( -1.000000000000000000, 0.0000000000000000000, 0.0000000000000000000 ) ) ;
#6898 = ORIENTED_EDGE ( 'NONE', *, *, #2091, .F. ) ;
#6899 = DIRECTION ( 'NONE',  ( 1.000000000000000000, -0.0000000000000000000, 1.734723475976802600E-015 ) ) ;
#6900 = SURFACE_STYLE_USAGE ( .BOTH. , #2887 ) ;
#6901 = VECTOR ( 'NONE', #1076, 1000.000000000000000 ) ;
#6902 = ORIENTED_EDGE ( 'NONE', *, *, #7194, .T. ) ;
#6903 = DIRECTION ( 'NONE',  ( 0.0000000000000000000, 0.0000000000000000000, 1.000000000000000000 ) ) ;
#6904 = CARTESIAN_POINT ( 'NONE',  ( -2.000000000000000900, 0.04999999999999969700, 1.124999999999999800 ) ) ;
#6905 = FACE_OUTER_BOUND ( 'NONE', #143, .T. ) ;
#6906 = EDGE_CURVE ( 'NONE', #6095, #5779, #695, .T. ) ;
#6907 = ORIENTED_EDGE ( 'NONE', *, *, #2836, .F. ) ;
#6908 = CARTESIAN_POINT ( 'NONE',  ( -2.000000000000000900, 0.6716990566028315800, 0.1249999999999996800 ) ) ;
#6909 = COLOUR_RGB ( '',0.7921568627450980000, 0.8196078431372548800, 0.9333333333333333500 ) ;
#6910 = ORIENTED_EDGE ( 'NONE', *, *, #1409, .F. ) ;
#6911 = DIRECTION ( 'NONE',  ( 0.0000000000000000000, 0.0000000000000000000, -1.000000000000000000 ) ) ;
#6912 = LINE ( 'NONE', #1830, #1595 ) ;
#6913 = VERTEX_POINT ( 'NONE', #5043 ) ;
#6914 = EDGE_LOOP ( 'NONE', ( #5337, #4076, #4277, #1448 ) ) ;
#6915 = VERTEX_POINT ( 'NONE', #7403 ) ;
#6916 = DIRECTION ( 'NONE',  ( 0.0000000000000000000, -0.0000000000000000000, 1.000000000000000000 ) ) ;
#6917 = EDGE_CURVE ( 'NONE', #6498, #1643, #5050, .T. ) ;
#6918 = DIRECTION ( 'NONE',  ( -0.0000000000000000000, -1.000000000000000000, 0.0000000000000000000 ) ) ;
#6919 = DIRECTION ( 'NONE',  ( 0.0000000000000000000, 0.0000000000000000000, 1.000000000000000000 ) ) ;
#6920 = VECTOR ( 'NONE', #5187, 1000.000000000000000 ) ;
#6921 = EDGE_CURVE ( 'NONE', #1229, #5640, #3693, .T. ) ;
#6922 = FILL_AREA_STYLE ('',( #1106 ) ) ;
#6923 = CARTESIAN_POINT ( 'NONE',  ( 0.8750000000000003300, 0.0000000000000000000, 1.999999999999999600 ) ) ;
#6924 = ORIENTED_EDGE ( 'NONE', *, *, #4195, .T. ) ;
#6925 = ORIENTED_EDGE ( 'NONE', *, *, #7051, .F. ) ;
#6926 = LINE ( 'NONE', #4130, #3698 ) ;
#6927 = AXIS2_PLACEMENT_3D ( 'NONE', #1568, #2709, #3317 ) ;
#6928 = EDGE_LOOP ( 'NONE', ( #4406, #5989, #6128, #5588 ) ) ;
#6929 = ORIENTED_EDGE ( 'NONE', *, *, #5449, .T. ) ;
#6930 = DIRECTION ( 'NONE',  ( 0.0000000000000000000, 0.0000000000000000000, -1.000000000000000000 ) ) ;
#6931 = CARTESIAN_POINT ( 'NONE',  ( -2.000000000000000900, 0.6716990566028315800, 0.6249999999999996700 ) ) ;
#6932 = CARTESIAN_POINT ( 'NONE',  ( 6.899468370362261900E-016, 0.05000000000000000300, 0.8749999999999981100 ) ) ;
#6933 = AXIS2_PLACEMENT_3D ( 'NONE', #292, #823, #801 ) ;
#6934 = VECTOR ( 'NONE', #1169, 1000.000000000000000 ) ;
#6935 = VERTEX_POINT ( 'NONE', #7344 ) ;
#6936 = ORIENTED_EDGE ( 'NONE', *, *, #6545, .T. ) ;
#6937 = DIRECTION ( 'NONE',  ( -0.0000000000000000000, -1.000000000000000000, 0.0000000000000000000 ) ) ;
#6938 = DIRECTION ( 'NONE',  ( 0.0000000000000000000, 0.0000000000000000000, -1.000000000000000000 ) ) ;
#6939 = ORIENTED_EDGE ( 'NONE', *, *, #3162, .T. ) ;
#6940 = EDGE_CURVE ( 'NONE', #5405, #2294, #1238, .T. ) ;
#6941 = CARTESIAN_POINT ( 'NONE',  ( 2.000000000000000900, 0.1999999999999999800, -0.8750000000000003300 ) ) ;
#6942 = ORIENTED_EDGE ( 'NONE', *, *, #2184, .F. ) ;
#6943 = AXIS2_PLACEMENT_3D ( 'NONE', #1628, #4528, #5095 ) ;
#6944 = ORIENTED_EDGE ( 'NONE', *, *, #3554, .F. ) ;
#6945 = AXIS2_PLACEMENT_3D ( 'NONE', #4519, #1616, #5069 ) ;
#6946 = DIRECTION ( 'NONE',  ( -0.0000000000000000000, -1.000000000000000000, -0.0000000000000000000 ) ) ;
#6947 = ORIENTED_EDGE ( 'NONE', *, *, #7289, .F. ) ;
#6948 = DIRECTION ( 'NONE',  ( -0.0000000000000000000, -1.000000000000000000, 0.0000000000000000000 ) ) ;
#6949 = APPLICATION_PROTOCOL_DEFINITION ( 'draft international standard', 'automotive_design', 1998, #2879 ) ;
#6950 = CARTESIAN_POINT ( 'NONE',  ( 2.000000000000001800, 0.1999999999999999800, -0.1250000000000003300 ) ) ;
#6951 = PLANE ( 'NONE',  #280 ) ;
#6952 = EDGE_LOOP ( 'NONE', ( #2317, #2209, #2936, #825 ) ) ;
#6953 = DIRECTION ( 'NONE',  ( 0.0000000000000000000, 0.0000000000000000000, -1.000000000000000000 ) ) ;
#6954 = DIRECTION ( 'NONE',  ( 0.0000000000000000000, 1.000000000000000000, 0.0000000000000000000 ) ) ;
#6955 = DIRECTION ( 'NONE',  ( -0.0000000000000000000, -1.000000000000000000, -0.0000000000000000000 ) ) ;
#6956 = VECTOR ( 'NONE', #4383, 1000.000000000000000 ) ;
#6957 = DIRECTION ( 'NONE',  ( -1.577021341797106900E-015, 0.0000000000000000000, -1.000000000000000000 ) ) ;
#6958 = ORIENTED_EDGE ( 'NONE', *, *, #4345, .T. ) ;
#6959 = LINE ( 'NONE', #3551, #3098 ) ;
#6960 = ORIENTED_EDGE ( 'NONE', *, *, #1189, .T. ) ;
#6961 = FACE_OUTER_BOUND ( 'NONE', #891, .T. ) ;
#6962 = EDGE_CURVE ( 'NONE', #5214, #5864, #1790, .T. ) ;
#6963 = EDGE_CURVE ( 'NONE', #911, #7468, #4323, .T. ) ;
#6964 = PLANE ( 'NONE',  #2021 ) ;
#6965 = VECTOR ( 'NONE', #2117, 1000.000000000000000 ) ;
#6966 = DIRECTION ( 'NONE',  ( 1.000000000000000000, 0.0000000000000000000, 1.577021341797104700E-015 ) ) ;
#6967 = VERTEX_POINT ( 'NONE', #56 ) ;
#6968 = EDGE_LOOP ( 'NONE', ( #612, #729, #204, #3958 ) ) ;
#6969 = CARTESIAN_POINT ( 'NONE',  ( -1.000000000000000000, 0.2000000000000000100, 1.725000000000001000 ) ) ;
#6970 = SURFACE_SIDE_STYLE ('',( #680 ) ) ;
#6971 = EDGE_CURVE ( 'NONE', #4998, #5467, #5143, .T. ) ;
#6972 = VECTOR ( 'NONE', #6844, 1000.000000000000000 ) ;
#6973 = FACE_OUTER_BOUND ( 'NONE', #174, .T. ) ;
#6974 = EDGE_LOOP ( 'NONE', ( #4483, #3509, #1246, #5253 ) ) ;
#6975 = CARTESIAN_POINT ( 'NONE',  ( -1.000000000000000000, 0.0000000000000000000, 1.725000000000001000 ) ) ;
#6976 = PLANE ( 'NONE',  #3867 ) ;
#6977 = EDGE_CURVE ( 'NONE', #6419, #179, #60, .T. ) ;
#6978 = MECHANICAL_DESIGN_GEOMETRIC_PRESENTATION_REPRESENTATION (  '', ( #561 ), #275 ) ;
#6979 = DIRECTION ( 'NONE',  ( 0.0000000000000000000, -1.000000000000000000, 0.0000000000000000000 ) ) ;
#6980 = FACE_OUTER_BOUND ( 'NONE', #1732, .T. ) ;
#6981 = LINE ( 'NONE', #3577, #1213 ) ;
#6982 = AXIS2_PLACEMENT_3D ( 'NONE', #5162, #521, #2844 ) ;
#6983 = CARTESIAN_POINT ( 'NONE',  ( -2.399085658265797500E-016, 0.05000000000000000300, 1.300000000000000000 ) ) ;
#6984 = ORIENTED_EDGE ( 'NONE', *, *, #4285, .F. ) ;
#6985 = VERTEX_POINT ( 'NONE', #10 ) ;
#6986 = VERTEX_POINT ( 'NONE', #7456 ) ;
#6987 = CARTESIAN_POINT ( 'NONE',  ( -1.725000000000000300, 0.1999999999999999800, -0.5000000000000004400 ) ) ;
#6988 = DIRECTION ( 'NONE',  ( -1.000000000000000000, 0.0000000000000000000, 1.084202172485504400E-016 ) ) ;
#6989 = LINE ( 'NONE', #6152, #3767 ) ;
#6990 = MANIFOLD_SOLID_BREP ( 'LPattern3[2]', #731 ) ;
#6991 = DIRECTION ( 'NONE',  ( -0.0000000000000000000, -1.000000000000000000, -0.0000000000000000000 ) ) ;
#6992 = VERTEX_POINT ( 'NONE', #7426 ) ;
#6993 = ORIENTED_EDGE ( 'NONE', *, *, #3020, .F. ) ;
#6994 = LINE ( 'NONE', #101, #1688 ) ;
#6995 = DIRECTION ( 'NONE',  ( 1.000000000000000000, 0.0000000000000000000, 0.0000000000000000000 ) ) ;
#6996 = DIRECTION ( 'NONE',  ( -1.577021341797104500E-015, 0.0000000000000000000, 1.000000000000000000 ) ) ;
#6997 = ORIENTED_EDGE ( 'NONE', *, *, #5461, .T. ) ;
#6998 = LINE ( 'NONE', #6061, #613 ) ;
#6999 = ORIENTED_EDGE ( 'NONE', *, *, #364, .F. ) ;
#7000 = EDGE_CURVE ( 'NONE', #1408, #2265, #2956, .T. ) ;
#7001 = VECTOR ( 'NONE', #3048, 1000.000000000000000 ) ;
#7002 = ORIENTED_EDGE ( 'NONE', *, *, #4191, .T. ) ;
#7003 =( NAMED_UNIT ( * ) PLANE_ANGLE_UNIT ( ) SI_UNIT ( $, .RADIAN. ) );
#7004 = ORIENTED_EDGE ( 'NONE', *, *, #315, .T. ) ;
#7005 = LINE ( 'NONE', #4316, #5152 ) ;
#7006 = ORIENTED_EDGE ( 'NONE', *, *, #3660, .T. ) ;
#7007 = ORIENTED_EDGE ( 'NONE', *, *, #2340, .T. ) ;
#7008 = AXIS2_PLACEMENT_3D ( 'NONE', #5094, #1624, #2782 ) ;
#7009 = LINE ( 'NONE', #4955, #82 ) ;
#7010 = DIRECTION ( 'NONE',  ( 0.0000000000000000000, 1.000000000000000000, 0.0000000000000000000 ) ) ;
#7011 = ORIENTED_EDGE ( 'NONE', *, *, #28, .F. ) ;
#7012 = CARTESIAN_POINT ( 'NONE',  ( 1.125000000000000900, 0.04999999999999969700, 2.000000000000000000 ) ) ;
#7013 = VERTEX_POINT ( 'NONE', #29 ) ;
#7014 = ORIENTED_EDGE ( 'NONE', *, *, #194, .T. ) ;
#7015 = CARTESIAN_POINT ( 'NONE',  ( 0.0000000000000000000, 0.0000000000000000000, -1.725000000000000100 ) ) ;
#7016 = EDGE_CURVE ( 'NONE', #4766, #6345, #1145, .T. ) ;
#7017 = DIRECTION ( 'NONE',  ( -0.0000000000000000000, -1.000000000000000000, -0.0000000000000000000 ) ) ;
#7018 = EDGE_CURVE ( 'NONE', #3612, #703, #6016, .T. ) ;
#7019 = EDGE_CURVE ( 'NONE', #5188, #98, #425, .T. ) ;
#7020 = CIRCLE ( 'NONE', #979, 0.1250000000000003300 ) ;
#7021 = ORIENTED_EDGE ( 'NONE', *, *, #504, .T. ) ;
#7022 = ORIENTED_EDGE ( 'NONE', *, *, #4871, .F. ) ;
#7023 = DIRECTION ( 'NONE',  ( -0.0000000000000000000, -1.000000000000000000, -0.0000000000000000000 ) ) ;
#7024 = ADVANCED_FACE ( 'NONE', ( #4689 ), #6381, .F. ) ;
#7025 = DIRECTION ( 'NONE',  ( 0.0000000000000000000, -1.000000000000000000, 0.0000000000000000000 ) ) ;
#7026 = CARTESIAN_POINT ( 'NONE',  ( 1.125000000000000200, 0.6716990566028308000, -1.725000000000001200 ) ) ;
#7027 = CARTESIAN_POINT ( 'NONE',  ( 1.725000000000000800, 0.1999999999999999800, -1.125000000000000400 ) ) ;
#7028 = MECHANICAL_DESIGN_GEOMETRIC_PRESENTATION_REPRESENTATION (  '', ( #6780 ), #712 ) ;
#7029 = DIRECTION ( 'NONE',  ( -3.469446951953614200E-015, 0.0000000000000000000, 1.000000000000000000 ) ) ;
#7030 = EDGE_LOOP ( 'NONE', ( #1308, #2327, #1704, #7471 ) ) ;
#7031 = DIRECTION ( 'NONE',  ( -7.885106708985459500E-016, 0.0000000000000000000, 1.000000000000000000 ) ) ;
#7032 =( NAMED_UNIT ( * ) PLANE_ANGLE_UNIT ( ) SI_UNIT ( $, .RADIAN. ) );
#7033 = VECTOR ( 'NONE', #3744, 1000.000000000000000 ) ;
#7034 = UNCERTAINTY_MEASURE_WITH_UNIT (LENGTH_MEASURE( 1.000000000000000100E-005 ), #7100, 'distance_accuracy_value', 'NONE');
#7035 = VERTEX_POINT ( 'NONE', #3429 ) ;
#7036 = DIRECTION ( 'NONE',  ( 1.000000000000000000, 0.0000000000000000000, -1.084202172485504700E-016 ) ) ;
#7037 = PLANE ( 'NONE',  #5423 ) ;
#7038 = CYLINDRICAL_SURFACE ( 'NONE', #7261, 0.1250000000000003300 ) ;
#7039 = DIRECTION ( 'NONE',  ( 0.0000000000000000000, -0.0000000000000000000, -1.000000000000000000 ) ) ;
#7040 = ORIENTED_EDGE ( 'NONE', *, *, #5601, .F. ) ;
#7041 = VECTOR ( 'NONE', #5137, 1000.000000000000000 ) ;
#7042 = CARTESIAN_POINT ( 'NONE',  ( 0.1250000000000009700, 0.6716990566028308000, 2.000000000000000000 ) ) ;
#7043 = CARTESIAN_POINT ( 'NONE',  ( -2.000000000000001800, 0.6716990566028315800, -0.6250000000000003300 ) ) ;
#7044 = LINE ( 'NONE', #4812, #5549 ) ;
#7045 = VERTEX_POINT ( 'NONE', #3534 ) ;
#7046 = VECTOR ( 'NONE', #4148, 1000.000000000000000 ) ;
#7047 = CARTESIAN_POINT ( 'NONE',  ( -0.1250000000000032500, 0.05000000000000000300, -1.971276677246432400E-016 ) ) ;
#7048 = CARTESIAN_POINT ( 'NONE',  ( -1.000000000000000000, 0.6716990566028308000, -1.725000000000000100 ) ) ;
#7049 = FILL_AREA_STYLE_COLOUR ( '', #1868 ) ;
#7050 = CIRCLE ( 'NONE', #5691, 0.1250000000000001100 ) ;
#7051 = EDGE_CURVE ( 'NONE', #2766, #5040, #4138, .T. ) ;
#7052 = ORIENTED_EDGE ( 'NONE', *, *, #2819, .F. ) ;
#7053 = ADVANCED_FACE ( 'NONE', ( #2318 ), #5763, .F. ) ;
#7054 = DIRECTION ( 'NONE',  ( 0.0000000000000000000, 0.0000000000000000000, -1.000000000000000000 ) ) ;
#7055 = EDGE_CURVE ( 'NONE', #1610, #7267, #779, .T. ) ;
#7056 = CARTESIAN_POINT ( 'NONE',  ( 0.8749999999999998900, 0.1999999999999999800, -1.999999999999999600 ) ) ;
#7057 = FACE_OUTER_BOUND ( 'NONE', #3961, .T. ) ;
#7058 = AXIS2_PLACEMENT_3D ( 'NONE', #1557, #6689, #3930 ) ;
#7059 = PLANE ( 'NONE',  #2783 ) ;
#7060 = VECTOR ( 'NONE', #4764, 1000.000000000000000 ) ;
#7061 = LINE ( 'NONE', #555, #1839 ) ;
#7062 = DIRECTION ( 'NONE',  ( 0.0000000000000000000, 1.000000000000000000, 0.0000000000000000000 ) ) ;
#7063 = EDGE_LOOP ( 'NONE', ( #3092, #6590, #1243, #2957 ) ) ;
#7064 = LINE ( 'NONE', #3406, #4488 ) ;
#7065 = DIRECTION ( 'NONE',  ( -0.0000000000000000000, -1.000000000000000000, 0.0000000000000000000 ) ) ;
#7066 = LINE ( 'NONE', #2302, #2482 ) ;
#7067 = CARTESIAN_POINT ( 'NONE',  ( -1.000000000000000000, 0.2000000000000000100, -1.725000000000000100 ) ) ;
#7068 = EDGE_CURVE ( 'NONE', #1219, #1459, #4506, .T. ) ;
#7069 = AXIS2_PLACEMENT_3D ( 'NONE', #3906, #1539, #5039 ) ;
#7070 = ORIENTED_EDGE ( 'NONE', *, *, #3428, .F. ) ;
#7071 = LINE ( 'NONE', #3695, #4852 ) ;
#7072 = EDGE_LOOP ( 'NONE', ( #6192, #4291, #1434, #4144 ) ) ;
#7073 = CARTESIAN_POINT ( 'NONE',  ( 0.6250000000000001100, 0.0000000000000000000, -1.725000000000001200 ) ) ;
#7074 = CARTESIAN_POINT ( 'NONE',  ( 1.725000000000000800, 0.6716990566028315800, -0.1250000000000003300 ) ) ;
#7075 = DIRECTION ( 'NONE',  ( -1.000000000000000000, 0.0000000000000000000, -1.845450506358306100E-016 ) ) ;
#7076 = CARTESIAN_POINT ( 'NONE',  ( 1.125000000000000200, 0.2000000000000000100, -1.725000000000001200 ) ) ;
#7077 = SURFACE_STYLE_FILL_AREA ( #5799 ) ;
#7078 = CLOSED_SHELL ( 'NONE', ( #5167, #5754, #458, #4740, #671, #3255, #4446, #1506, #4899, #7391, #4928, #4257, #455, #565, #6824, #6082, #2181, #2264, #7347, #1885, #7126, #5046, #793, #6497, #933, #6184, #2829, #1545, #902, #4599, #7269, #3604, #527, #2263, #490, #7053, #6604, #5686, #1092, #6789, #1658, #3075, #5723, #3374, #2614, #1621, #1580, #3640, #5718, #5975, #1393, #5463, #7089, #4999, #2680, #2037, #2791, #5573, #5540, #6013, #726, #3946, #1201, #4527, #486, #5121, #1655, #1923, #7227, #3219, #1171, #638, #5575, #1042, #2001, #4638, #5389, #2833, #4478, #7431, #3994, #5001, #6124, #4290, #338, #6673, #4325, #4855, #5165, #1279, #6187, #4748, #297, #2714, #5825, #750, #6121, #6571, #1044, #5082, #6860, #5124, #5201, #3540, #2108 ) ) ;
#7079 = ORIENTED_EDGE ( 'NONE', *, *, #5461, .F. ) ;
#7080 = DIRECTION ( 'NONE',  ( 0.0000000000000000000, -0.0000000000000000000, -1.000000000000000000 ) ) ;
#7081 = DIRECTION ( 'NONE',  ( -1.000000000000000000, 0.0000000000000000000, 0.0000000000000000000 ) ) ;
#7082 = VECTOR ( 'NONE', #2081, 1000.000000000000000 ) ;
#7083 = ORIENTED_EDGE ( 'NONE', *, *, #7299, .T. ) ;
#7084 = ORIENTED_EDGE ( 'NONE', *, *, #6977, .T. ) ;
#7085 = LINE ( 'NONE', #4870, #3873 ) ;
#7086 = ORIENTED_EDGE ( 'NONE', *, *, #3260, .T. ) ;
#7087 = DIRECTION ( 'NONE',  ( 1.000000000000000000, -0.0000000000000000000, 0.0000000000000000000 ) ) ;
#7088 = DIRECTION ( 'NONE',  ( 0.0000000000000000000, 1.000000000000000000, 0.0000000000000000000 ) ) ;
#7089 = ADVANCED_FACE ( 'NONE', ( #7342 ), #3457, .T. ) ;
#7090 = CARTESIAN_POINT ( 'NONE',  ( 1.725000000000000800, 0.0000000000000000000, -0.3750000000000003300 ) ) ;
#7091 = DIRECTION ( 'NONE',  ( -1.000000000000000000, 0.0000000000000000000, -7.885106708985459500E-016 ) ) ;
#7092 = FACE_OUTER_BOUND ( 'NONE', #2682, .T. ) ;
#7093 = VERTEX_POINT ( 'NONE', #6849 ) ;
#7094 = ORIENTED_EDGE ( 'NONE', *, *, #4108, .T. ) ;
#7095 = CIRCLE ( 'NONE', #5236, 0.1676928858146148900 ) ;
#7096 = PLANE ( 'NONE',  #6063 ) ;
#7097 = VERTEX_POINT ( 'NONE', #3575 ) ;
#7098 = ORIENTED_EDGE ( 'NONE', *, *, #202, .T. ) ;
#7099 = EDGE_CURVE ( 'NONE', #7260, #5651, #1407, .T. ) ;
#7100 =( LENGTH_UNIT ( ) NAMED_UNIT ( * ) SI_UNIT ( .MILLI., .METRE. ) );
#7101 = FACE_OUTER_BOUND ( 'NONE', #328, .T. ) ;
#7102 = DIRECTION ( 'NONE',  ( 1.000000000000000000, 0.0000000000000000000, -1.577021341797106900E-015 ) ) ;
#7103 = EDGE_CURVE ( 'NONE', #2779, #2515, #1040, .T. ) ;
#7104 = ORIENTED_EDGE ( 'NONE', *, *, #1819, .T. ) ;
#7105 = ORIENTED_EDGE ( 'NONE', *, *, #6451, .F. ) ;
#7106 = EDGE_CURVE ( 'NONE', #1317, #4156, #2129, .T. ) ;
#7107 = ORIENTED_EDGE ( 'NONE', *, *, #2730, .T. ) ;
#7108 = DIRECTION ( 'NONE',  ( -1.577021341797104700E-015, 0.0000000000000000000, 1.000000000000000000 ) ) ;
#7109 = CARTESIAN_POINT ( 'NONE',  ( -2.000000000000001800, 0.0000000000000000000, -1.125000000000000400 ) ) ;
#7110 = CARTESIAN_POINT ( 'NONE',  ( -1.725000000000000800, 0.0000000000000000000, 1.124999999999999800 ) ) ;
#7111 = EDGE_CURVE ( 'NONE', #6117, #6785, #3687, .T. ) ;
#7112 = ORIENTED_EDGE ( 'NONE', *, *, #2139, .F. ) ;
#7113 = ORIENTED_EDGE ( 'NONE', *, *, #1907, .F. ) ;
#7114 = EDGE_CURVE ( 'NONE', #687, #1454, #7250, .T. ) ;
#7115 = EDGE_CURVE ( 'NONE', #687, #7035, #3960, .T. ) ;
#7116 = AXIS2_PLACEMENT_3D ( 'NONE', #5694, #2215, #2827 ) ;
#7117 = ORIENTED_EDGE ( 'NONE', *, *, #1362, .T. ) ;
#7118 = PRESENTATION_LAYER_ASSIGNMENT (  '', '', ( #3273 ) ) ;
#7119 = LINE ( 'NONE', #3259, #3908 ) ;
#7120 = DIRECTION ( 'NONE',  ( 3.469446951953614200E-015, 0.0000000000000000000, -1.000000000000000000 ) ) ;
#7121 = VERTEX_POINT ( 'NONE', #3641 ) ;
#7122 = DIRECTION ( 'NONE',  ( -0.0000000000000000000, -1.000000000000000000, -0.0000000000000000000 ) ) ;
#7123 = SURFACE_SIDE_STYLE ('',( #3095 ) ) ;
#7124 = CARTESIAN_POINT ( 'NONE',  ( -0.3749999999999990600, 0.1999999999999999800, 2.000000000000000000 ) ) ;
#7125 = DIRECTION ( 'NONE',  ( -1.000000000000000000, 0.0000000000000000000, 0.0000000000000000000 ) ) ;
#7126 = ADVANCED_FACE ( 'NONE', ( #4412 ), #2760, .F. ) ;
#7127 = VERTEX_POINT ( 'NONE', #7027 ) ;
#7128 = DIRECTION ( 'NONE',  ( 0.0000000000000000000, 0.0000000000000000000, 1.000000000000000000 ) ) ;
#7129 = CARTESIAN_POINT ( 'NONE',  ( 1.174999999999999800, 0.05000000000000012800, 1.174999999999999800 ) ) ;
#7130 = SURFACE_SIDE_STYLE ('',( #389 ) ) ;
#7131 = FACE_OUTER_BOUND ( 'NONE', #4381, .T. ) ;
#7132 = ORIENTED_EDGE ( 'NONE', *, *, #6317, .F. ) ;
#7133 = LINE ( 'NONE', #114, #2277 ) ;
#7134 = CARTESIAN_POINT ( 'NONE',  ( -1.725000000000000800, 0.1999999999999999800, 0.1249999999999996800 ) ) ;
#7135 = FILL_AREA_STYLE_COLOUR ( '', #6746 ) ;
#7136 = LINE ( 'NONE', #2652, #4561 ) ;
#7137 = ORIENTED_EDGE ( 'NONE', *, *, #1468, .T. ) ;
#7138 = DIRECTION ( 'NONE',  ( 1.000000000000000000, -0.0000000000000000000, 1.577021341797104500E-015 ) ) ;
#7139 = ORIENTED_EDGE ( 'NONE', *, *, #7018, .T. ) ;
#7140 = EDGE_CURVE ( 'NONE', #6967, #5707, #5041, .T. ) ;
#7141 = CARTESIAN_POINT ( 'NONE',  ( -0.1250000000000001100, 0.1999999999999999800, 1.725000000000001200 ) ) ;
#7142 = DIRECTION ( 'NONE',  ( -0.0000000000000000000, -1.000000000000000000, 0.0000000000000000000 ) ) ;
#7143 = PRESENTATION_STYLE_ASSIGNMENT (( #7173 ) ) ;
#7144 = VERTEX_POINT ( 'NONE', #2988 ) ;
#7145 = DIRECTION ( 'NONE',  ( 1.000000000000000000, -0.0000000000000000000, 1.734723475976802600E-015 ) ) ;
#7146 = DIRECTION ( 'NONE',  ( 0.0000000000000000000, 0.0000000000000000000, -1.000000000000000000 ) ) ;
#7147 = CARTESIAN_POINT ( 'NONE',  ( 0.1250000000000003300, 0.0000000000000000000, 1.725000000000001200 ) ) ;
#7148 = FACE_OUTER_BOUND ( 'NONE', #3330, .T. ) ;
#7149 = EDGE_CURVE ( 'NONE', #2402, #708, #868, .T. ) ;
#7150 = LINE ( 'NONE', #3507, #941 ) ;
#7151 = EDGE_CURVE ( 'NONE', #5864, #4869, #604, .T. ) ;
#7152 = CARTESIAN_POINT ( 'NONE',  ( 2.000000000000001800, 0.1999999999999999800, -1.125000000000000400 ) ) ;
#7153 = VERTEX_POINT ( 'NONE', #682 ) ;
#7154 =( GEOMETRIC_REPRESENTATION_CONTEXT ( 3 ) GLOBAL_UNCERTAINTY_ASSIGNED_CONTEXT ( ( #4378 ) ) GLOBAL_UNIT_ASSIGNED_CONTEXT ( ( #163, #4216, #4189 ) ) REPRESENTATION_CONTEXT ( 'NONE', 'WORKASPACE' ) );
#7155 = CARTESIAN_POINT ( 'NONE',  ( -2.000000000000000900, 0.05000000000000000300, 2.000000000000001300 ) ) ;
#7156 = VECTOR ( 'NONE', #4295, 1000.000000000000000 ) ;
#7157 = DIRECTION ( 'NONE',  ( -0.0000000000000000000, -1.000000000000000000, -0.0000000000000000000 ) ) ;
#7158 = ORIENTED_EDGE ( 'NONE', *, *, #2246, .T. ) ;
#7159 = VERTEX_POINT ( 'NONE', #3032 ) ;
#7160 = AXIS2_PLACEMENT_3D ( 'NONE', #6065, #2745, #6330 ) ;
#7161 = ADVANCED_FACE ( 'NONE', ( #3313 ), #3003, .F. ) ;
#7162 = DIRECTION ( 'NONE',  ( -1.000000000000000000, 0.0000000000000000000, 0.0000000000000000000 ) ) ;
#7163 = ORIENTED_EDGE ( 'NONE', *, *, #3324, .T. ) ;
#7164 = LINE ( 'NONE', #2374, #2589 ) ;
#7165 = AXIS2_PLACEMENT_3D ( 'NONE', #1057, #955, #5596 ) ;
#7166 = EDGE_LOOP ( 'NONE', ( #3126, #6639, #6632, #2054 ) ) ;
#7167 = CARTESIAN_POINT ( 'NONE',  ( -1.611480854806852200, 0.6999999999999999600, -1.779173740621465400 ) ) ;
#7168 = DIRECTION ( 'NONE',  ( 0.0000000000000000000, 0.0000000000000000000, -1.000000000000000000 ) ) ;
#7169 = AXIS2_PLACEMENT_3D ( 'NONE', #2165, #6122, #7253 ) ;
#7170 = FACE_OUTER_BOUND ( 'NONE', #5051, .T. ) ;
#7171 = CARTESIAN_POINT ( 'NONE',  ( -1.725000000000000300, 0.0000000000000000000, -4.336808689942017700E-016 ) ) ;
#7172 = ORIENTED_EDGE ( 'NONE', *, *, #6350, .F. ) ;
#7173 = SURFACE_STYLE_USAGE ( .BOTH. , #1918 ) ;
#7174 = ORIENTED_EDGE ( 'NONE', *, *, #603, .T. ) ;
#7175 = CYLINDRICAL_SURFACE ( 'NONE', #6982, 0.1250000000000003300 ) ;
#7176 = DIRECTION ( 'NONE',  ( 0.0000000000000000000, -1.000000000000000000, 0.0000000000000000000 ) ) ;
#7177 = ORIENTED_EDGE ( 'NONE', *, *, #4007, .F. ) ;
#7178 = SURFACE_STYLE_USAGE ( .BOTH. , #7130 ) ;
#7179 = VERTEX_POINT ( 'NONE', #2961 ) ;
#7180 = ORIENTED_EDGE ( 'NONE', *, *, #3720, .F. ) ;
#7181 = ORIENTED_EDGE ( 'NONE', *, *, #4580, .F. ) ;
#7182 = CARTESIAN_POINT ( 'NONE',  ( 0.5000000000000000000, 0.2000000000000000100, -1.725000000000000100 ) ) ;
#7183 = CARTESIAN_POINT ( 'NONE',  ( -0.5000000000000000000, 0.6716990566028308000, 1.600000000000000800 ) ) ;
#7184 = VERTEX_POINT ( 'NONE', #5883 ) ;
#7185 = ORIENTED_EDGE ( 'NONE', *, *, #6159, .T. ) ;
#7186 = CARTESIAN_POINT ( 'NONE',  ( -1.725000000000000800, 0.6716990566028315800, 0.3749999999999994400 ) ) ;
#7187 = VECTOR ( 'NONE', #2679, 1000.000000000000000 ) ;
#7188 = CARTESIAN_POINT ( 'NONE',  ( -1.000000000000000000, 0.2000000000000000100, 1.725000000000001000 ) ) ;
#7189 = ORIENTED_EDGE ( 'NONE', *, *, #1175, .T. ) ;
#7190 = EDGE_CURVE ( 'NONE', #7399, #3166, #7164, .T. ) ;
#7191 = CARTESIAN_POINT ( 'NONE',  ( -0.8749999999999996700, 0.2000000000000000100, 1.725000000000001200 ) ) ;
#7192 = CARTESIAN_POINT ( 'NONE',  ( -2.000000000000001800, 0.6716990566028315800, -0.1250000000000003300 ) ) ;
#7193 = CARTESIAN_POINT ( 'NONE',  ( -0.5000000000000000000, 0.2000000000000000100, 1.600000000000000800 ) ) ;
#7194 = EDGE_CURVE ( 'NONE', #2158, #947, #4227, .T. ) ;
#7195 = CARTESIAN_POINT ( 'NONE',  ( -0.3749999999999998900, 0.04999999999999999600, -1.725000000000001200 ) ) ;
#7196 = ADVANCED_FACE ( 'NONE', ( #2403 ), #2674, .T. ) ;
#7197 = VERTEX_POINT ( 'NONE', #2449 ) ;
#7198 =( LENGTH_UNIT ( ) NAMED_UNIT ( * ) SI_UNIT ( .MILLI., .METRE. ) );
#7199 = VECTOR ( 'NONE', #1818, 1000.000000000000000 ) ;
#7200 = CARTESIAN_POINT ( 'NONE',  ( -1.000000000000000000, 0.2000000000000000100, 1.725000000000001000 ) ) ;
#7201 = CARTESIAN_POINT ( 'NONE',  ( -1.000000000000000000, 0.2000000000000000100, -1.725000000000000100 ) ) ;
#7202 = ORIENTED_EDGE ( 'NONE', *, *, #6906, .F. ) ;
#7203 = EDGE_CURVE ( 'NONE', #1805, #1901, #3772, .T. ) ;
#7204 = CARTESIAN_POINT ( 'NONE',  ( -0.8749999999999998900, 0.2000000000000000100, -1.725000000000001200 ) ) ;
#7205 = VECTOR ( 'NONE', #2047, 1000.000000000000000 ) ;
#7206 = DIRECTION ( 'NONE',  ( 1.734723475976802600E-015, -0.0000000000000000000, 1.000000000000000000 ) ) ;
#7207 = AXIS2_PLACEMENT_3D ( 'NONE', #2219, #3347, #3369 ) ;
#7208 = AXIS2_PLACEMENT_3D ( 'NONE', #5715, #3907, #1056 ) ;
#7209 = ORIENTED_EDGE ( 'NONE', *, *, #1711, .F. ) ;
#7210 = DIRECTION ( 'NONE',  ( 3.469446951953614200E-015, -0.0000000000000000000, 1.000000000000000000 ) ) ;
#7211 = VECTOR ( 'NONE', #5632, 1000.000000000000000 ) ;
#7212 = CYLINDRICAL_SURFACE ( 'NONE', #3042, 0.1250000000000003300 ) ;
#7213 = CARTESIAN_POINT ( 'NONE',  ( 2.000000000000000900, 0.1999999999999999800, 0.1249999999999996800 ) ) ;
#7214 = CARTESIAN_POINT ( 'NONE',  ( 2.000000000000000900, 0.1999999999999999800, 1.124999999999999800 ) ) ;
#7215 = DIRECTION ( 'NONE',  ( 1.734723475976802600E-015, 0.0000000000000000000, -1.000000000000000000 ) ) ;
#7216 = CIRCLE ( 'NONE', #7208, 0.1250000000000003300 ) ;
#7217 = ORIENTED_EDGE ( 'NONE', *, *, #1321, .T. ) ;
#7218 = LINE ( 'NONE', #990, #5726 ) ;
#7219 = CARTESIAN_POINT ( 'NONE',  ( 1.725000000000000300, 0.1999999999999999800, -1.000000000000000200 ) ) ;
#7220 = DIRECTION ( 'NONE',  ( 0.0000000000000000000, 1.000000000000000000, 0.0000000000000000000 ) ) ;
#7221 = VECTOR ( 'NONE', #4910, 1000.000000000000000 ) ;
#7222 = FACE_OUTER_BOUND ( 'NONE', #819, .T. ) ;
#7223 = PLANE ( 'NONE',  #4123 ) ;
#7224 = EDGE_LOOP ( 'NONE', ( #3795, #1432, #2245, #6382 ) ) ;
#7225 = VECTOR ( 'NONE', #7122, 1000.000000000000000 ) ;
#7226 = DIRECTION ( 'NONE',  ( -0.0000000000000000000, -1.000000000000000000, -0.0000000000000000000 ) ) ;
#7227 = ADVANCED_FACE ( 'NONE', ( #1228 ), #830, .T. ) ;
#7228 = VECTOR ( 'NONE', #1887, 1000.000000000000000 ) ;
#7229 = CARTESIAN_POINT ( 'NONE',  ( -1.000000000000000000, 0.0000000000000000000, -1.725000000000000100 ) ) ;
#7230 = VECTOR ( 'NONE', #653, 1000.000000000000000 ) ;
#7231 = EDGE_CURVE ( 'NONE', #2149, #4265, #2864, .T. ) ;
#7232 = ORIENTED_EDGE ( 'NONE', *, *, #1851, .F. ) ;
#7233 = CIRCLE ( 'NONE', #3770, 0.1250000000000003300 ) ;
#7234 = EDGE_CURVE ( 'NONE', #6913, #3932, #5318, .T. ) ;
#7235 = CYLINDRICAL_SURFACE ( 'NONE', #6672, 0.1250000000000001100 ) ;
#7236 = ORIENTED_EDGE ( 'NONE', *, *, #6092, .T. ) ;
#7237 = CARTESIAN_POINT ( 'NONE',  ( 0.0000000000000000000, 0.04999999999999999600, 1.725000000000001000 ) ) ;
#7238 = DIRECTION ( 'NONE',  ( 0.0000000000000000000, 0.0000000000000000000, -1.000000000000000000 ) ) ;
#7239 = EDGE_CURVE ( 'NONE', #4447, #2402, #1942, .T. ) ;
#7240 = LINE ( 'NONE', #6254, #3034 ) ;
#7241 = ORIENTED_EDGE ( 'NONE', *, *, #5973, .F. ) ;
#7242 = EDGE_CURVE ( 'NONE', #2555, #6915, #7071, .T. ) ;
#7243 = VECTOR ( 'NONE', #5689, 1000.000000000000000 ) ;
#7244 = ORIENTED_EDGE ( 'NONE', *, *, #5972, .F. ) ;
#7245 = AXIS2_PLACEMENT_3D ( 'NONE', #970, #5035, #1554 ) ;
#7246 = DIRECTION ( 'NONE',  ( -1.000000000000000000, 0.0000000000000000000, -3.469446951953614200E-015 ) ) ;
#7247 = DIRECTION ( 'NONE',  ( -0.0000000000000000000, -1.000000000000000000, -0.0000000000000000000 ) ) ;
#7248 = AXIS2_PLACEMENT_3D ( 'NONE', #3807, #5473, #5520 ) ;
#7249 = ORIENTED_EDGE ( 'NONE', *, *, #2475, .F. ) ;
#7250 = CIRCLE ( 'NONE', #4606, 0.1250000000000001100 ) ;
#7251 = ORIENTED_EDGE ( 'NONE', *, *, #3910, .F. ) ;
#7252 = CARTESIAN_POINT ( 'NONE',  ( 1.000000000000000000, 0.04999999999999999600, 1.725000000000001000 ) ) ;
#7253 = DIRECTION ( 'NONE',  ( 0.0000000000000000000, 0.0000000000000000000, -1.000000000000000000 ) ) ;
#7254 = LINE ( 'NONE', #3279, #2504 ) ;
#7255 = AXIS2_PLACEMENT_3D ( 'NONE', #5487, #3769, #753 ) ;
#7256 = ORIENTED_EDGE ( 'NONE', *, *, #1078, .F. ) ;
#7257 = CARTESIAN_POINT ( 'NONE',  ( 0.1250000000000005600, 0.2000000000000000100, -2.000000000000000000 ) ) ;
#7258 = ORIENTED_EDGE ( 'NONE', *, *, #3747, .F. ) ;
#7259 = CARTESIAN_POINT ( 'NONE',  ( 1.999999999999999100, 0.05000000000000000300, 2.000000000000000900 ) ) ;
#7260 = VERTEX_POINT ( 'NONE', #1438 ) ;
#7261 = AXIS2_PLACEMENT_3D ( 'NONE', #285, #4915, #1445 ) ;
#7262 = DIRECTION ( 'NONE',  ( 0.0000000000000000000, -1.000000000000000000, 0.0000000000000000000 ) ) ;
#7263 = CARTESIAN_POINT ( 'NONE',  ( 0.8750000000000003300, 0.2000000000000000100, 1.999999999999999600 ) ) ;
#7264 = CARTESIAN_POINT ( 'NONE',  ( -1.725000000000000300, 0.05000000000000002400, 0.4999999999999995600 ) ) ;
#7265 = VERTEX_POINT ( 'NONE', #6546 ) ;
#7266 = VECTOR ( 'NONE', #4459, 1000.000000000000000 ) ;
#7267 = VERTEX_POINT ( 'NONE', #4857 ) ;
#7268 = ORIENTED_EDGE ( 'NONE', *, *, #7352, .T. ) ;
#7269 = ADVANCED_FACE ( 'NONE', ( #6366 ), #6282, .F. ) ;
#7270 = ADVANCED_FACE ( 'NONE', ( #6094 ), #4260, .F. ) ;
#7271 = VECTOR ( 'NONE', #390, 1000.000000000000000 ) ;
#7272 = CARTESIAN_POINT ( 'NONE',  ( -1.125000000000000200, 0.2000000000000000100, -1.999999999999999600 ) ) ;
#7273 = VERTEX_POINT ( 'NONE', #1332 ) ;
#7274 = ORIENTED_EDGE ( 'NONE', *, *, #4448, .F. ) ;
#7275 = PLANE ( 'NONE',  #3856 ) ;
#7276 = ORIENTED_EDGE ( 'NONE', *, *, #975, .F. ) ;
#7277 = EDGE_CURVE ( 'NONE', #723, #7045, #144, .T. ) ;
#7278 = DIRECTION ( 'NONE',  ( 0.0000000000000000000, 0.0000000000000000000, 1.000000000000000000 ) ) ;
#7279 = ORIENTED_EDGE ( 'NONE', *, *, #4049, .T. ) ;
#7280 = CARTESIAN_POINT ( 'NONE',  ( -2.000000000000000900, 0.0000000000000000000, -0.8750000000000003300 ) ) ;
#7281 = CARTESIAN_POINT ( 'NONE',  ( 1.725000000000000800, 0.1999999999999999800, 0.3749999999999996700 ) ) ;
#7282 = ORIENTED_EDGE ( 'NONE', *, *, #5837, .T. ) ;
#7283 = DIRECTION ( 'NONE',  ( 1.000000000000000000, 0.0000000000000000000, -7.885106708985459500E-016 ) ) ;
#7284 = DIRECTION ( 'NONE',  ( -1.000000000000000000, 0.0000000000000000000, -1.577021341797104700E-015 ) ) ;
#7285 = CARTESIAN_POINT ( 'NONE',  ( -1.000000000000000000, 0.2000000000000000100, 1.725000000000001000 ) ) ;
#7286 = EDGE_CURVE ( 'NONE', #3327, #1559, #6458, .T. ) ;
#7287 = ORIENTED_EDGE ( 'NONE', *, *, #7099, .F. ) ;
#7288 = PLANE ( 'NONE',  #2843 ) ;
#7289 = EDGE_CURVE ( 'NONE', #5048, #3327, #1686, .T. ) ;
#7290 = LINE ( 'NONE', #1773, #3723 ) ;
#7291 = AXIS2_PLACEMENT_3D ( 'NONE', #5433, #6585, #820 ) ;
#7292 = CARTESIAN_POINT ( 'NONE',  ( -1.300000000000000000, 3.876955262170047600, -1.175000000000000000 ) ) ;
#7293 = DIRECTION ( 'NONE',  ( -0.0000000000000000000, -1.000000000000000000, -0.0000000000000000000 ) ) ;
#7294 = ORIENTED_EDGE ( 'NONE', *, *, #3409, .T. ) ;
#7295 = AXIS2_PLACEMENT_3D ( 'NONE', #2227, #7435, #2178 ) ;
#7296 = CARTESIAN_POINT ( 'NONE',  ( -1.725000000000000800, 0.6716990566028315800, -0.8750000000000003300 ) ) ;
#7297 = CARTESIAN_POINT ( 'NONE',  ( -1.299999999999999800, 0.2000000000000000900, -1.125000000000000400 ) ) ;
#7298 = VECTOR ( 'NONE', #4233, 1000.000000000000000 ) ;
#7299 = EDGE_CURVE ( 'NONE', #4265, #7461, #7439, .T. ) ;
#7300 = MANIFOLD_SOLID_BREP ( 'LPattern4[4]', #6852 ) ;
#7301 = ORIENTED_EDGE ( 'NONE', *, *, #6340, .F. ) ;
#7302 = AXIS2_PLACEMENT_3D ( 'NONE', #230, #4909, #4904 ) ;
#7303 = FACE_BOUND ( 'NONE', #3587, .T. ) ;
#7304 = VERTEX_POINT ( 'NONE', #3184 ) ;
#7305 = ADVANCED_FACE ( 'NONE', ( #4767 ), #5441, .T. ) ;
#7306 = CARTESIAN_POINT ( 'NONE',  ( 1.725000000000000300, 0.0000000000000000000, 0.9999999999999997800 ) ) ;
#7307 = AXIS2_PLACEMENT_3D ( 'NONE', #4029, #6918, #551 ) ;
#7308 = VECTOR ( 'NONE', #7414, 1000.000000000000000 ) ;
#7309 = ADVANCED_FACE ( 'NONE', ( #5838 ), #4499, .T. ) ;
#7310 = CARTESIAN_POINT ( 'NONE',  ( 1.125000000000000400, 0.0000000000000000000, 1.725000000000001200 ) ) ;
#7311 = CARTESIAN_POINT ( 'NONE',  ( -1.611480854806852200, 1.274307106865022700, -1.779173740621465400 ) ) ;
#7312 = CARTESIAN_POINT ( 'NONE',  ( 0.3749999999999998900, 0.1999999999999999800, 1.725000000000001200 ) ) ;
#7313 = LINE ( 'NONE', #2249, #2733 ) ;
#7314 = CARTESIAN_POINT ( 'NONE',  ( -2.000000000000000900, 0.04999999999999969700, 0.6249999999999996700 ) ) ;
#7315 = EDGE_LOOP ( 'NONE', ( #1989, #2906, #6567, #3031, #358, #2398, #4152, #6288, #880, #2235, #807, #5332, #999, #1604, #3241, #7107, #473, #2525, #4215, #667, #1345, #1307, #4893, #5745 ) ) ;
#7316 = EDGE_LOOP ( 'NONE', ( #2412, #6064, #430, #4713 ) ) ;
#7317 = PLANE ( 'NONE',  #6735 ) ;
#7318 = DIRECTION ( 'NONE',  ( 1.577021341797104700E-015, 0.0000000000000000000, -1.000000000000000000 ) ) ;
#7319 = FILL_AREA_STYLE ('',( #7377 ) ) ;
#7320 = LINE ( 'NONE', #6950, #1011 ) ;
#7321 = PLANE ( 'NONE',  #3262 ) ;
#7322 = LINE ( 'NONE', #1111, #1385 ) ;
#7323 = VERTEX_POINT ( 'NONE', #6276 ) ;
#7324 = CIRCLE ( 'NONE', #5411, 0.1250000000000001100 ) ;
#7325 = LINE ( 'NONE', #5843, #1490 ) ;
#7326 = VERTEX_POINT ( 'NONE', #2820 ) ;
#7327 = CIRCLE ( 'NONE', #6933, 0.1250000000000003300 ) ;
#7328 = DIRECTION ( 'NONE',  ( -1.000000000000000000, 0.0000000000000000000, -7.885106708985459500E-016 ) ) ;
#7329 = EDGE_CURVE ( 'NONE', #5398, #3932, #511, .T. ) ;
#7330 = ORIENTED_EDGE ( 'NONE', *, *, #16, .T. ) ;
#7331 = LINE ( 'NONE', #6218, #4313 ) ;
#7332 = CARTESIAN_POINT ( 'NONE',  ( -1.125000000000000400, 0.2000000000000000100, -1.725000000000000800 ) ) ;
#7333 = ORIENTED_EDGE ( 'NONE', *, *, #4296, .F. ) ;
#7334 = CARTESIAN_POINT ( 'NONE',  ( -1.611480854806852200, 0.6999999999999999600, -1.443787968992235700 ) ) ;
#7335 = EDGE_CURVE ( 'NONE', #6654, #3582, #4592, .T. ) ;
#7336 = CARTESIAN_POINT ( 'NONE',  ( -1.000000000000000000, 0.1999999999999999800, 1.600000000000000800 ) ) ;
#7337 = CARTESIAN_POINT ( 'NONE',  ( -1.125000000000000400, 0.04999999999999999600, -1.725000000000000800 ) ) ;
#7338 = LINE ( 'NONE', #2863, #506 ) ;
#7339 = DIRECTION ( 'NONE',  ( 1.000000000000000000, 0.0000000000000000000, -1.577021341797107100E-015 ) ) ;
#7340 = ORIENTED_EDGE ( 'NONE', *, *, #1429, .T. ) ;
#7341 = DIRECTION ( 'NONE',  ( -1.577021341797104500E-015, -0.0000000000000000000, -1.000000000000000000 ) ) ;
#7342 = FACE_OUTER_BOUND ( 'NONE', #3214, .T. ) ;
#7343 = ORIENTED_EDGE ( 'NONE', *, *, #1530, .F. ) ;
#7344 = CARTESIAN_POINT ( 'NONE',  ( -2.000000000000000900, 0.1999999999999999800, -0.8750000000000003300 ) ) ;
#7345 = CARTESIAN_POINT ( 'NONE',  ( -2.000000000000001800, 0.6716990566028315800, 0.8749999999999996700 ) ) ;
#7346 = EDGE_CURVE ( 'NONE', #1559, #7374, #4947, .T. ) ;
#7347 = ADVANCED_FACE ( 'NONE', ( #1584 ), #1049, .T. ) ;
#7348 = DIRECTION ( 'NONE',  ( 0.0000000000000000000, 0.0000000000000000000, -1.000000000000000000 ) ) ;
#7349 = ADVANCED_BREP_SHAPE_REPRESENTATION ( 'AD8232', ( #6895, #5240, #5583, #5677, #4121, #7300, #6662, #2095, #3876, #69, #1404, #536, #6990, #1305, #3221, #5131, #2526, #2746, #1180, #2430, #1641, #7452, #3784, #5375 ), #6266 ) ;
#7350 = ADVANCED_FACE ( 'NONE', ( #54 ), #3389, .F. ) ;
#7351 = LINE ( 'NONE', #4901, #1956 ) ;
#7352 = EDGE_CURVE ( 'NONE', #1570, #2102, #7331, .T. ) ;
#7353 = ORIENTED_EDGE ( 'NONE', *, *, #5401, .T. ) ;
#7354 = DIRECTION ( 'NONE',  ( -1.000000000000000000, 0.0000000000000000000, 1.577021341797104500E-015 ) ) ;
#7355 = FACE_OUTER_BOUND ( 'NONE', #800, .T. ) ;
#7356 = AXIS2_PLACEMENT_3D ( 'NONE', #2087, #7339, #3879 ) ;
#7357 = ORIENTED_EDGE ( 'NONE', *, *, #3535, .F. ) ;
#7358 = DIRECTION ( 'NONE',  ( -0.0000000000000000000, -1.000000000000000000, -0.0000000000000000000 ) ) ;
#7359 = AXIS2_PLACEMENT_3D ( 'NONE', #7129, #6468, #3632 ) ;
#7360 = AXIS2_PLACEMENT_3D ( 'NONE', #2747, #1492, #2116 ) ;
#7361 = FACE_OUTER_BOUND ( 'NONE', #2607, .T. ) ;
#7362 = ORIENTED_EDGE ( 'NONE', *, *, #6339, .T. ) ;
#7363 = ORIENTED_EDGE ( 'NONE', *, *, #4536, .F. ) ;
#7364 = FACE_OUTER_BOUND ( 'NONE', #5886, .T. ) ;
#7365 = VERTEX_POINT ( 'NONE', #6747 ) ;
#7366 = ORIENTED_EDGE ( 'NONE', *, *, #6491, .F. ) ;
#7367 = CARTESIAN_POINT ( 'NONE',  ( -0.1250000000000001100, 0.0000000000000000000, -1.999999999999999600 ) ) ;
#7368 = DIRECTION ( 'NONE',  ( -0.0000000000000000000, -1.000000000000000000, -0.0000000000000000000 ) ) ;
#7369 = LINE ( 'NONE', #3082, #3060 ) ;
#7370 = CARTESIAN_POINT ( 'NONE',  ( -2.000000000000000900, 0.0000000000000000000, 0.6249999999999996700 ) ) ;
#7371 = CARTESIAN_POINT ( 'NONE',  ( 0.8750000000000003300, 0.6716990566028308000, 1.999999999999999600 ) ) ;
#7372 = ORIENTED_EDGE ( 'NONE', *, *, #7392, .T. ) ;
#7373 = VERTEX_POINT ( 'NONE', #7312 ) ;
#7374 = VERTEX_POINT ( 'NONE', #3308 ) ;
#7375 = CARTESIAN_POINT ( 'NONE',  ( -2.000000000000001800, 0.04999999999999969700, -0.1250000000000003300 ) ) ;
#7376 = DIRECTION ( 'NONE',  ( -0.0000000000000000000, -1.000000000000000000, -0.0000000000000000000 ) ) ;
#7377 = FILL_AREA_STYLE_COLOUR ( '', #3420 ) ;
#7378 = VECTOR ( 'NONE', #7408, 1000.000000000000000 ) ;
#7379 = CARTESIAN_POINT ( 'NONE',  ( 0.3750000000000003300, 0.6716990566028308000, 1.999999999999999600 ) ) ;
#7380 = VERTEX_POINT ( 'NONE', #6843 ) ;
#7381 = DIRECTION ( 'NONE',  ( 0.0000000000000000000, 0.0000000000000000000, -1.000000000000000000 ) ) ;
#7382 = CARTESIAN_POINT ( 'NONE',  ( 1.725000000000000800, 0.6716990566028315800, 0.6249999999999996700 ) ) ;
#7383 = ORIENTED_EDGE ( 'NONE', *, *, #4044, .F. ) ;
#7384 = CARTESIAN_POINT ( 'NONE',  ( 1.725000000000000800, 0.6716990566028315800, -0.1250000000000003300 ) ) ;
#7385 = VERTEX_POINT ( 'NONE', #6767 ) ;
#7387 = EDGE_CURVE ( 'NONE', #4963, #3100, #3588, .T. ) ;
#7386 = CARTESIAN_POINT ( 'NONE',  ( -2.000000000000000900, 0.1999999999999996500, -0.3750000000000003300 ) ) ;
#7388 = LINE ( 'NONE', #1208, #4360 ) ;
#7389 = ADVANCED_FACE ( 'NONE', ( #2041 ), #5918, .F. ) ;
#7390 = DIRECTION ( 'NONE',  ( 1.577021341797106900E-015, -0.0000000000000000000, 1.000000000000000000 ) ) ;
#7391 = ADVANCED_FACE ( 'NONE', ( #2859 ), #3338, .F. ) ;
#7392 = EDGE_CURVE ( 'NONE', #4719, #3410, #1497, .T. ) ;
#7393 = VERTEX_POINT ( 'NONE', #5636 ) ;
#7394 = ORIENTED_EDGE ( 'NONE', *, *, #5308, .F. ) ;
#7395 = CARTESIAN_POINT ( 'NONE',  ( -1.299999999999999800, 3.876955262170047600, -1.000000000000000200 ) ) ;
#7396 = FACE_OUTER_BOUND ( 'NONE', #5498, .T. ) ;
#7397 = EDGE_CURVE ( 'NONE', #440, #450, #3306, .T. ) ;
#7398 = CARTESIAN_POINT ( 'NONE',  ( -0.1250000000000001100, 0.2000000000000000100, -1.999999999999999600 ) ) ;
#7399 = VERTEX_POINT ( 'NONE', #4357 ) ;
#7400 = DIRECTION ( 'NONE',  ( -1.577021341797104500E-015, 0.0000000000000000000, 1.000000000000000000 ) ) ;
#7401 = CARTESIAN_POINT ( 'NONE',  ( -1.725000000000000300, 0.6716990566028315800, 0.9999999999999995600 ) ) ;
#7402 = EDGE_CURVE ( 'NONE', #6785, #3231, #4680, .T. ) ;
#7403 = CARTESIAN_POINT ( 'NONE',  ( 1.725000000000000800, 0.1999999999999999800, 0.3749999999999996700 ) ) ;
#7404 = EDGE_CURVE ( 'NONE', #2493, #2892, #772, .T. ) ;
#7405 = AXIS2_PLACEMENT_3D ( 'NONE', #4254, #774, #3102 ) ;
#7406 = VECTOR ( 'NONE', #6684, 1000.000000000000000 ) ;
#7407 = COLOUR_RGB ( '',0.7921568627450980000, 0.8196078431372548800, 0.9333333333333333500 ) ;
#7408 = DIRECTION ( 'NONE',  ( 0.0000000000000000000, -1.000000000000000000, 0.0000000000000000000 ) ) ;
#7409 = DIRECTION ( 'NONE',  ( 0.0000000000000000000, 0.0000000000000000000, 1.000000000000000000 ) ) ;
#7410 = EDGE_LOOP ( 'NONE', ( #1596, #4289, #2150, #2218 ) ) ;
#7411 = LINE ( 'NONE', #298, #6072 ) ;
#7412 = CARTESIAN_POINT ( 'NONE',  ( 1.999999999999999100, 7.256854249492380200, 2.000000000000000900 ) ) ;
#7413 = VECTOR ( 'NONE', #1537, 1000.000000000000000 ) ;
#7414 = DIRECTION ( 'NONE',  ( 0.0000000000000000000, -1.000000000000000000, 0.0000000000000000000 ) ) ;
#7415 = VECTOR ( 'NONE', #4810, 1000.000000000000000 ) ;
#7416 = VERTEX_POINT ( 'NONE', #7336 ) ;
#7417 = DIRECTION ( 'NONE',  ( -1.577021341797104500E-015, 0.0000000000000000000, 1.000000000000000000 ) ) ;
#7418 = CARTESIAN_POINT ( 'NONE',  ( 1.000000000000000000, 0.0000000000000000000, 1.600000000000000800 ) ) ;
#7419 = CARTESIAN_POINT ( 'NONE',  ( -0.8749999999999990000, 0.0000000000000000000, 2.000000000000000000 ) ) ;
#7420 = SURFACE_STYLE_FILL_AREA ( #1309 ) ;
#7421 = VECTOR ( 'NONE', #2529, 1000.000000000000000 ) ;
#7422 = CYLINDRICAL_SURFACE ( 'NONE', #5080, 0.1250000000000003300 ) ;
#7423 = CARTESIAN_POINT ( 'NONE',  ( -0.8749999999999994400, 0.2000000000000000100, -2.000000000000000000 ) ) ;
#7424 = ORIENTED_EDGE ( 'NONE', *, *, #5734, .F. ) ;
#7425 = CARTESIAN_POINT ( 'NONE',  ( -0.8749999999999998900, 0.0000000000000000000, -1.725000000000001200 ) ) ;
#7426 = CARTESIAN_POINT ( 'NONE',  ( -0.1249999999999996800, 0.2000000000000000100, 1.999999999999999600 ) ) ;
#7427 = ADVANCED_FACE ( 'NONE', ( #3223 ), #2665, .T. ) ;
#7428 = LINE ( 'NONE', #1705, #2743 ) ;
#7429 = DIRECTION ( 'NONE',  ( 0.0000000000000000000, -0.0000000000000000000, 1.000000000000000000 ) ) ;
#7430 = DIRECTION ( 'NONE',  ( 0.0000000000000000000, -0.0000000000000000000, -1.000000000000000000 ) ) ;
#7431 = ADVANCED_FACE ( 'NONE', ( #1137 ), #3677, .F. ) ;
#7432 = LINE ( 'NONE', #6826, #3755 ) ;
#7433 = VERTEX_POINT ( 'NONE', #3452 ) ;
#7434 = SURFACE_STYLE_USAGE ( .BOTH. , #4018 ) ;
#7435 = DIRECTION ( 'NONE',  ( 0.0000000000000000000, 1.000000000000000000, -0.0000000000000000000 ) ) ;
#7436 = COLOUR_RGB ( '',0.7921568627450980000, 0.8196078431372548800, 0.9333333333333333500 ) ;
#7437 = DIRECTION ( 'NONE',  ( 1.000000000000000000, -0.0000000000000000000, 0.0000000000000000000 ) ) ;
#7438 = VERTEX_POINT ( 'NONE', #6300 ) ;
#7439 = CIRCLE ( 'NONE', #5752, 0.1250000000000001100 ) ;
#7440 = ORIENTED_EDGE ( 'NONE', *, *, #699, .T. ) ;
#7441 = CARTESIAN_POINT ( 'NONE',  ( 1.725000000000000800, 0.05000000000000002400, 0.6249999999999996700 ) ) ;
#7442 = EDGE_CURVE ( 'NONE', #7093, #3166, #945, .T. ) ;
#7443 = LINE ( 'NONE', #2944, #2669 ) ;
#7444 = PLANE ( 'NONE',  #4264 ) ;
#7445 = CARTESIAN_POINT ( 'NONE',  ( -2.000000000000001800, 0.6716990566028315800, -1.125000000000000400 ) ) ;
#7446 = EDGE_LOOP ( 'NONE', ( #3882, #4168, #1602, #795 ) ) ;
#7447 = EDGE_CURVE ( 'NONE', #6915, #6812, #5033, .T. ) ;
#7448 =( NAMED_UNIT ( * ) SI_UNIT ( $, .STERADIAN. ) SOLID_ANGLE_UNIT ( ) );
#7449 = LINE ( 'NONE', #2610, #3230 ) ;
#7450 = ORIENTED_EDGE ( 'NONE', *, *, #5819, .T. ) ;
#7451 = AXIS2_PLACEMENT_3D ( 'NONE', #4608, #3413, #4000 ) ;
#7452 = MANIFOLD_SOLID_BREP ( 'Cut-Extrude4', #7078 ) ;
#7453 = VECTOR ( 'NONE', #7417, 1000.000000000000000 ) ;
#7454 = DIRECTION ( 'NONE',  ( -0.0000000000000000000, -1.000000000000000000, 0.0000000000000000000 ) ) ;
#7455 = DIRECTION ( 'NONE',  ( 0.0000000000000000000, -1.000000000000000000, 0.0000000000000000000 ) ) ;
#7456 = CARTESIAN_POINT ( 'NONE',  ( 0.1250000000000001100, 0.04999999999999999600, -1.725000000000001200 ) ) ;
#7457 = ORIENTED_EDGE ( 'NONE', *, *, #1306, .F. ) ;
#7458 = AXIS2_PLACEMENT_3D ( 'NONE', #1294, #1878, #3635 ) ;
#7459 = VERTEX_POINT ( 'NONE', #1182 ) ;
#7460 = LINE ( 'NONE', #6657, #5590 ) ;
#7461 = VERTEX_POINT ( 'NONE', #5252 ) ;
#7462 = CARTESIAN_POINT ( 'NONE',  ( 0.3750000000000003300, 0.2000000000000000100, 1.999999999999999600 ) ) ;
#7463 = EDGE_CURVE ( 'NONE', #6486, #5126, #3847, .T. ) ;
#7464 = CARTESIAN_POINT ( 'NONE',  ( 1.000000000000000000, 0.2000000000000000100, -1.725000000000000100 ) ) ;
#7465 = AXIS2_PLACEMENT_3D ( 'NONE', #3738, #5482, #6608 ) ;
#7466 = EDGE_LOOP ( 'NONE', ( #1833, #6740, #4028, #3251 ) ) ;
#7467 = CARTESIAN_POINT ( 'NONE',  ( -0.3749999999999998900, 0.2000000000000000100, -1.725000000000001200 ) ) ;
#7468 = VERTEX_POINT ( 'NONE', #2853 ) ;
#7469 = VECTOR ( 'NONE', #6372, 1000.000000000000000 ) ;
#7470 = ORIENTED_EDGE ( 'NONE', *, *, #4097, .F. ) ;
#7471 = ORIENTED_EDGE ( 'NONE', *, *, #68, .F. ) ;
#7472 = AXIS2_PLACEMENT_3D ( 'NONE', #5604, #2124, #6781 ) ;
#7473 = PRESENTATION_LAYER_ASSIGNMENT (  '', '', ( #2698 ) ) ;
#7474 = DIRECTION ( 'NONE',  ( 0.0000000000000000000, -0.0000000000000000000, 1.000000000000000000 ) ) ;
#7475 = DIRECTION ( 'NONE',  ( 0.0000000000000000000, -1.000000000000000000, 0.0000000000000000000 ) ) ;
#7476 = LINE ( 'NONE', #339, #3988 ) ;
#7477 = ORIENTED_EDGE ( 'NONE', *, *, #4858, .T. ) ;
#7478 = ORIENTED_EDGE ( 'NONE', *, *, #3271, .T. ) ;
ENDSEC;
END-ISO-10303-21;
